activities.csvactivityId,activityName,startTimeLocal,startTimeGMT,activityType,eventType,distance,duration,elapsedDuration,movingDuration,elevationGain,elevationLoss,averageSpeed,maxSpeed,startLatitude,startLongitude,hasPolyline,hasImages,ownerId,ownerDisplayName,ownerFullName,ownerProfileImageUrlSmall,ownerProfileImageUrlMedium,ownerProfileImageUrlLarge,calories,bmrCalories,averageHR,maxHR,averageRunningCadenceInStepsPerMinute,maxRunningCadenceInStepsPerMinute,steps,userRoles,privacy,userPro,hasVideo,timeZoneId,beginTimestamp,sportTypeId,aerobicTrainingEffect,anaerobicTrainingEffect,avgStrideLength,vO2MaxValue,deviceId,minElevation,maxElevation,maxDoubleCadence,summarizedDiveInfo,maxVerticalSpeed,manufacturer,locationName,lapCount,endLatitude,endLongitude,waterEstimated,trainingEffectLabel,activityTrainingLoad,minActivityLapDuration,aerobicTrainingEffectMessage,anaerobicTrainingEffectMessage,splitSummaries,hasSplits,moderateIntensityMinutes,vigorousIntensityMinutes,differenceBodyBattery,hasHeatMap,hrTimeInZone_1,hrTimeInZone_2,hrTimeInZone_3,hrTimeInZone_4,hrTimeInZone_5,pr,autoCalcCalories,elevationCorrected,atpActivity,favorite,decoDive,parent,manualActivity,purposeful,avgPower,maxPower,normPower,avgVerticalOscillation,avgGroundContactTime,avgVerticalRatio,avgGradeAdjustedSpeed,fastestSplit_1000,fastestSplit_1609,fastestSplit_5000,powerTimeInZone_1,powerTimeInZone_2,powerTimeInZone_3,powerTimeInZone_4,powerTimeInZone_5,workoutId,fastestSplit_10000,description,fastestSplit_21098,strokes,avgStrokeDistance,maxStrokeCadence
18542568753,Bristol Walking,2025-03-15 16:44:49,2025-03-15 20:44:49,"{'typeId': 9, 'typeKey': 'walking', 'parentTypeId': 17, 'isHidden': False, 'trimmable': True, 'restricted': False}","{'typeId': 9, 'typeKey': 'uncategorized', 'sortOrder': 10}",3002.72998046875,1797.530029296875,1801.45703125,1795.8090209960938,26.0,13.0,1.6699999570846558,3.7980000972747807,41.66703502647579,-71.27686318941414,True,False,118790142,ae52ea07-2874-4bde-8648-ac48be0f708d,Riley King,https://s3.amazonaws.com/garmin-connect-prod/profile_images/249fcc8d-9898-4d4a-abf5-ba07581a6fcd-prth.png,https://s3.amazonaws.com/garmin-connect-prod/profile_images/249fcc8d-9898-4d4a-abf5-ba07581a6fcd-prfr.png,https://s3.amazonaws.com/garmin-connect-prod/profile_images/249fcc8d-9898-4d4a-abf5-ba07581a6fcd-prof.png,189.0,45.0,86.0,110.0,119.125,238.0,3544.0,"['SCOPE_GOLF_API_READ', 'SCOPE_ATP_READ', 'SCOPE_DIVE_API_WRITE', 'SCOPE_COMMUNITY_COURSE_ADMIN_READ', 'SCOPE_DIVE_API_READ', 'SCOPE_DI_OAUTH_2_CLIENT_READ', 'SCOPE_CONNECT_WRITE', 'SCOPE_COMMUNITY_COURSE_WRITE', 'SCOPE_MESSAGE_GENERATION_READ', 'SCOPE_DI_OAUTH_2_CLIENT_REVOCATION_ADMIN', 'SCOPE_CONNECT_WEB_TEMPLATE_RENDER', 'SCOPE_OMT_SUBSCRIPTION_ADMIN_READ', 'SCOPE_CONNECT_NON_SOCIAL_SHARED_READ', 'SCOPE_CONNECT_READ', 'SCOPE_DI_OAUTH_2_TOKEN_ADMIN', 'ROLE_CONNECTUSER', 'ROLE_FITNESS_USER', 'ROLE_WELLNESS_USER']","{'typeId': 4, 'typeKey': 'groups'}",False,False,149,1742071489000,11,0.6000000238418579,0.0,84.09355248054288,59.0,3461278113,5.800000190734863,21.399999618530273,238.0,{'summarizedDiveGases': []},0.20000076293945312,GARMIN,Bristol,2,41.65413963608444,-71.2609076499939,177.0,RECOVERY,7.039154052734375,793.7210083007812,RECOVERY_5,NO_ANAEROBIC_BENEFIT_0,[],False,27,0,-2.0,False,215.685,0.0,0.0,0.0,0.0,False,False,False,False,False,False,False,False,False,,,,,,,,,,,,,,,,,,,,,,
18542388365,Bristol Running,2025-03-15 15:59:36,2025-03-15 19:59:36,"{'typeId': 1, 'typeKey': 'running', 'parentTypeId': 17, 'isHidden': False, 'trimmable': True, 'restricted': False}","{'typeId': 9, 'typeKey': 'uncategorized', 'sortOrder': 10}",8058.6298828125,2210.618896484375,2239.889892578125,2208.197998046875,46.0,61.0,3.6449999809265137,4.189000129699707,41.654328648000956,-71.26123613677919,True,False,118790142,ae52ea07-2874-4bde-8648-ac48be0f708d,Riley King,https://s3.amazonaws.com/garmin-connect-prod/profile_images/249fcc8d-9898-4d4a-abf5-ba07581a6fcd-prth.png,https://s3.amazonaws.com/garmin-connect-prod/profile_images/249fcc8d-9898-4d4a-abf5-ba07581a6fcd-prfr.png,https://s3.amazonaws.com/garmin-connect-prod/profile_images/249fcc8d-9898-4d4a-abf5-ba07581a6fcd-prof.png,545.0,55.0,148.0,163.0,166.296875,172.0,6122.0,"['SCOPE_GOLF_API_READ', 'SCOPE_ATP_READ', 'SCOPE_DIVE_API_WRITE', 'SCOPE_COMMUNITY_COURSE_ADMIN_READ', 'SCOPE_DIVE_API_READ', 'SCOPE_DI_OAUTH_2_CLIENT_READ', 'SCOPE_CONNECT_WRITE', 'SCOPE_COMMUNITY_COURSE_WRITE', 'SCOPE_MESSAGE_GENERATION_READ', 'SCOPE_DI_OAUTH_2_CLIENT_REVOCATION_ADMIN', 'SCOPE_CONNECT_WEB_TEMPLATE_RENDER', 'SCOPE_OMT_SUBSCRIPTION_ADMIN_READ', 'SCOPE_CONNECT_NON_SOCIAL_SHARED_READ', 'SCOPE_CONNECT_READ', 'SCOPE_DI_OAUTH_2_TOKEN_ADMIN', 'ROLE_CONNECTUSER', 'ROLE_FITNESS_USER', 'ROLE_WELLNESS_USER']","{'typeId': 4, 'typeKey': 'groups'}",False,False,149,1742068776000,1,3.5,0.0,131.75,59.0,3461278113,4.0,28.799999237060547,172.0,{'summarizedDiveGases': []},0.5999994277954102,GARMIN,Bristol,6,41.67357827536762,-71.27910082228482,613.0,TEMPO,104.06083679199219,3.947000026702881,IMPROVING_AEROBIC_FITNESS_2,NO_ANAEROBIC_BENEFIT_0,"[{'noOfSplits': 1, 'totalAscent': 46.0, 'duration': 2210.618896484375, 'splitType': 'INTERVAL_ACTIVE', 'numClimbSends': 0, 'maxElevationGain': 46.0, 'averageElevationGain': 15.0, 'maxDistance': 8058, 'distance': 8058.6201171875, 'averageSpeed': 3.6449999809265137, 'maxSpeed': 4.189000129699707, 'numFalls': 0, 'elevationLoss': 61.0}, {'noOfSplits': 1, 'totalAscent': 0.0, 'duration': 2.450000047683716, 'splitType': 'RWD_STAND', 'numClimbSends': 0, 'maxElevationGain': 0.0, 'averageElevationGain': 0.0, 'maxDistance': 5, 'distance': 5.760000228881836, 'averageSpeed': 2.3510000705718994, 'maxSpeed': 0.0, 'numFalls': 0, 'elevationLoss': 0.0}, {'noOfSplits': 2, 'totalAscent': 46.0, 'duration': 2207.14794921875, 'splitType': 'RWD_RUN', 'numClimbSends': 0, 'maxElevationGain': 37.0, 'averageElevationGain': 23.0, 'maxDistance': 5539, 'distance': 8048.240234375, 'averageSpeed': 3.6459999084472656, 'maxSpeed': 4.189000129699707, 'numFalls': 0, 'elevationLoss': 61.0}, {'noOfSplits': 1, 'totalAscent': 0.0, 'duration': 1.0, 'splitType': 'RWD_WALK', 'numClimbSends': 0, 'maxElevationGain': 0.0, 'averageElevationGain': 0.0, 'maxDistance': 4, 'distance': 4.619999885559082, 'averageSpeed': 4.619999885559082, 'maxSpeed': 1.7079999446868896, 'numFalls': 0, 'elevationLoss': 0.0}]",True,1,35,-10.0,False,10.001,49.628,1616.056,514.68,0.0,False,False,False,False,False,False,False,False,False,389.0,520.0,394.0,10.140000152587891,253.39999389648438,7.699999809265137,3.6400001049041752,263.0889892578125,423.8659973144531,1345.218017578125,247.007,1106.651,651.987,171.989,22.001,,,,,,,
18533655438,Bristol - Base,2025-03-14 17:17:50,2025-03-14 21:17:50,"{'typeId': 1, 'typeKey': 'running', 'parentTypeId': 17, 'isHidden': False, 'trimmable': True, 'restricted': False}","{'typeId': 9, 'typeKey': 'uncategorized', 'sortOrder': 10}",8065.18017578125,2091.531982421875,2196.22705078125,2090.657012939453,62.0,68.0,3.8559999465942383,4.880000114440918,41.654381370171905,-71.26120462082326,True,False,118790142,ae52ea07-2874-4bde-8648-ac48be0f708d,Riley King,https://s3.amazonaws.com/garmin-connect-prod/profile_images/249fcc8d-9898-4d4a-abf5-ba07581a6fcd-prth.png,https://s3.amazonaws.com/garmin-connect-prod/profile_images/249fcc8d-9898-4d4a-abf5-ba07581a6fcd-prfr.png,https://s3.amazonaws.com/garmin-connect-prod/profile_images/249fcc8d-9898-4d4a-abf5-ba07581a6fcd-prof.png,532.0,52.0,149.0,190.0,166.953125,172.0,5802.0,"['SCOPE_GOLF_API_READ', 'SCOPE_ATP_READ', 'SCOPE_DIVE_API_WRITE', 'SCOPE_COMMUNITY_COURSE_ADMIN_READ', 'SCOPE_DIVE_API_READ', 'SCOPE_DI_OAUTH_2_CLIENT_READ', 'SCOPE_CONNECT_WRITE', 'SCOPE_COMMUNITY_COURSE_WRITE', 'SCOPE_MESSAGE_GENERATION_READ', 'SCOPE_DI_OAUTH_2_CLIENT_REVOCATION_ADMIN', 'SCOPE_CONNECT_WEB_TEMPLATE_RENDER', 'SCOPE_OMT_SUBSCRIPTION_ADMIN_READ', 'SCOPE_CONNECT_NON_SOCIAL_SHARED_READ', 'SCOPE_CONNECT_READ', 'SCOPE_DI_OAUTH_2_TOKEN_ADMIN', 'ROLE_CONNECTUSER', 'ROLE_FITNESS_USER', 'ROLE_WELLNESS_USER']","{'typeId': 4, 'typeKey': 'groups'}",False,False,149,1741987070000,1,3.799999952316284,0.8999999761581421,138.90999755859374,59.0,3461278113,5.800000190734863,32.79999923706055,172.0,{'summarizedDiveGases': []},0.6000003814697266,GARMIN,Bristol,6,41.65397711098194,-71.26054731197655,580.0,TEMPO,138.49168395996094,104.83599853515625,IMPROVING_AEROBIC_FITNESS_2,NO_ANAEROBIC_BENEFIT_0,"[{'noOfSplits': 4, 'duration': 0.0, 'splitType': 'RWD_STAND', 'numClimbSends': 0, 'numFalls': 0}, {'noOfSplits': 1, 'totalAscent': 62.0, 'duration': 2091.531982421875, 'splitType': 'INTERVAL_ACTIVE', 'numClimbSends': 0, 'maxElevationGain': 62.0, 'averageElevationGain': 62.0, 'maxDistance': 8065, 'distance': 8065.18017578125, 'averageSpeed': 3.8559999465942383, 'maxSpeed': 4.880000114440918, 'numFalls': 0, 'elevationLoss': 68.0}, {'noOfSplits': 5, 'totalAscent': 62.0, 'duration': 2091.510986328125, 'splitType': 'RWD_RUN', 'numClimbSends': 0, 'maxElevationGain': 35.0, 'averageElevationGain': 31.0, 'maxDistance': 4212, 'distance': 8065.18017578125, 'averageSpeed': 3.8559999465942383, 'maxSpeed': 4.880000114440918, 'numFalls': 0, 'elevationLoss': 68.0}, {'noOfSplits': 7, 'duration': 0.0, 'splitType': 'RWD_WALK', 'numClimbSends': 0, 'numFalls': 0}]",True,1,35,-9.0,False,57.671,234.001,1151.625,556.98,91.198,False,False,False,False,False,False,False,False,False,414.0,569.0,418.0,10.36999969482422,247.8000030517578,7.489999771118164,3.871999979019165,234.39100646972656,390.6820068359375,1280.3289794921875,168.999,378.995,1053.954,405.857,76.999,3461278113.0,,,,,,
18525093524,Bristol Running,2025-03-13 16:12:55,2025-03-13 20:12:55,"{'typeId': 1, 'typeKey': 'running', 'parentTypeId': 17, 'isHidden': False, 'trimmable': True, 'restricted': False}","{'typeId': 9, 'typeKey': 'uncategorized', 'sortOrder': 10}",9538.5595703125,2486.632080078125,3921.800048828125,2483.7979736328125,52.0,60.0,3.8359999656677246,4.823999881744385,41.654365779832006,-71.26129548065364,True,False,118790142,ae52ea07-2874-4bde-8648-ac48be0f708d,Riley King,https://s3.amazonaws.com/garmin-connect-prod/profile_images/249fcc8d-9898-4d4a-abf5-ba07581a6fcd-prth.png,https://s3.amazonaws.com/garmin-connect-prod/profile_images/249fcc8d-9898-4d4a-abf5-ba07581a6fcd-prfr.png,https://s3.amazonaws.com/garmin-connect-prod/profile_images/249fcc8d-9898-4d4a-abf5-ba07581a6fcd-prof.png,649.0,62.0,156.0,176.0,166.28125,179.0,6892.0,"['SCOPE_GOLF_API_READ', 'SCOPE_ATP_READ', 'SCOPE_DIVE_API_WRITE', 'SCOPE_COMMUNITY_COURSE_ADMIN_READ', 'SCOPE_DIVE_API_READ', 'SCOPE_DI_OAUTH_2_CLIENT_READ', 'SCOPE_CONNECT_WRITE', 'SCOPE_COMMUNITY_COURSE_WRITE', 'SCOPE_MESSAGE_GENERATION_READ', 'SCOPE_DI_OAUTH_2_CLIENT_REVOCATION_ADMIN', 'SCOPE_CONNECT_WEB_TEMPLATE_RENDER', 'SCOPE_OMT_SUBSCRIPTION_ADMIN_READ', 'SCOPE_CONNECT_NON_SOCIAL_SHARED_READ', 'SCOPE_CONNECT_READ', 'SCOPE_DI_OAUTH_2_TOKEN_ADMIN', 'ROLE_CONNECTUSER', 'ROLE_FITNESS_USER', 'ROLE_WELLNESS_USER']","{'typeId': 4, 'typeKey': 'groups'}",False,False,149,1741896775000,1,4.400000095367432,0.30000001192092896,138.50999755859377,59.0,3461278113,2.5999999046325684,24.799999237060547,179.0,{'summarizedDiveGases': []},0.6000003814697266,GARMIN,Bristol,6,41.654313895851374,-71.26119037158787,690.0,TEMPO,172.21910095214844,401.8559875488281,HIGHLY_IMPACTING_TEMPO_23,NO_ANAEROBIC_BENEFIT_0,"[{'noOfSplits': 1, 'totalAscent': 52.0, 'duration': 2486.632080078125, 'splitType': 'INTERVAL_ACTIVE', 'numClimbSends': 0, 'maxElevationGain': 52.0, 'averageElevationGain': 17.0, 'maxDistance': 9538, 'distance': 9538.5595703125, 'averageSpeed': 3.8359999656677246, 'maxSpeed': 4.823999881744385, 'numFalls': 0, 'elevationLoss': 60.0}, {'noOfSplits': 7, 'totalAscent': 52.0, 'duration': 2478.054931640625, 'splitType': 'RWD_RUN', 'numClimbSends': 0, 'maxElevationGain': 35.0, 'averageElevationGain': 13.0, 'maxDistance': 3781, 'distance': 9516.7998046875, 'averageSpeed': 3.8399999141693115, 'maxSpeed': 4.823999881744385, 'numFalls': 0, 'elevationLoss': 60.0}, {'noOfSplits': 3, 'duration': 0.0, 'splitType': 'RWD_STAND', 'numClimbSends': 0, 'numFalls': 0}, {'noOfSplits': 8, 'totalAscent': 0.0, 'duration': 8.564000129699707, 'splitType': 'RWD_WALK', 'numClimbSends': 0, 'maxElevationGain': 0.0, 'averageElevationGain': 0.0, 'maxDistance': 10, 'distance': 21.760000228881836, 'averageSpeed': 2.5409998893737793, 'maxSpeed': 2.0339999198913574, 'numFalls': 0, 'elevationLoss': 0.0}]",True,1,64,-12.0,False,18.175,124.333,553.992,1758.21,8.0,False,False,False,False,False,False,False,False,False,406.0,584.0,412.0,10.30999984741211,247.6999969482422,7.46999979019165,3.8310000896453857,245.33700561523438,400.4419860839844,1280.8199462890625,211.494,763.977,873.32,496.994,108.819,,,,,,,
18506845936,Concord Walking,2025-03-11 14:49:35,2025-03-11 18:49:35,"{'typeId': 9, 'typeKey': 'walking', 'parentTypeId': 17, 'isHidden': False, 'trimmable': True, 'restricted': False}","{'typeId': 9, 'typeKey': 'uncategorized', 'sortOrder': 10}",15437.26953125,9904.625,9904.625,9713.090942382812,123.0,121.0,1.559000015258789,4.339000225067139,43.26135364361107,-71.52079157531261,True,False,118790142,ae52ea07-2874-4bde-8648-ac48be0f708d,Riley King,https://s3.amazonaws.com/garmin-connect-prod/profile_images/249fcc8d-9898-4d4a-abf5-ba07581a6fcd-prth.png,https://s3.amazonaws.com/garmin-connect-prod/profile_images/249fcc8d-9898-4d4a-abf5-ba07581a6fcd-prfr.png,https://s3.amazonaws.com/garmin-connect-prod/profile_images/249fcc8d-9898-4d4a-abf5-ba07581a6fcd-prof.png,952.0,246.0,88.0,112.0,110.859375,212.0,18574.0,"['SCOPE_GOLF_API_READ', 'SCOPE_ATP_READ', 'SCOPE_DIVE_API_WRITE', 'SCOPE_COMMUNITY_COURSE_ADMIN_READ', 'SCOPE_DIVE_API_READ', 'SCOPE_DI_OAUTH_2_CLIENT_READ', 'SCOPE_CONNECT_WRITE', 'SCOPE_COMMUNITY_COURSE_WRITE', 'SCOPE_MESSAGE_GENERATION_READ', 'SCOPE_DI_OAUTH_2_CLIENT_REVOCATION_ADMIN', 'SCOPE_CONNECT_WEB_TEMPLATE_RENDER', 'SCOPE_OMT_SUBSCRIPTION_ADMIN_READ', 'SCOPE_CONNECT_NON_SOCIAL_SHARED_READ', 'SCOPE_CONNECT_READ', 'SCOPE_DI_OAUTH_2_TOKEN_ADMIN', 'ROLE_CONNECTUSER', 'ROLE_FITNESS_USER', 'ROLE_WELLNESS_USER']","{'typeId': 4, 'typeKey': 'groups'}",False,False,149,1741718975000,11,2.200000047683716,0.0,84.34324886875186,58.0,3461278113,72.4000015258789,117.0,212.0,{'summarizedDiveGases': []},0.40000152587890625,GARMIN,Concord,10,43.26163133606315,-71.52117462828755,1186.0,RECOVERY,29.33758544921875,692.7760009765625,MINOR_AEROBIC_BENEFIT_0,NO_ANAEROBIC_BENEFIT_0,[],False,157,0,-13.0,False,468.22,0.0,0.0,0.0,0.0,False,False,False,False,False,False,False,False,False,,,,,,,,,,,,,,,,,,,,,,
18496126777,Concord - Base,2025-03-10 14:35:22,2025-03-10 18:35:22,"{'typeId': 1, 'typeKey': 'running', 'parentTypeId': 17, 'isHidden': False, 'trimmable': True, 'restricted': False}","{'typeId': 9, 'typeKey': 'uncategorized', 'sortOrder': 10}",6983.240234375,1995.2139892578125,4187.02685546875,1992.4979858398438,53.0,49.0,3.5,4.198999881744385,43.26104611158371,-71.52086181566119,True,False,118790142,ae52ea07-2874-4bde-8648-ac48be0f708d,Riley King,https://s3.amazonaws.com/garmin-connect-prod/profile_images/249fcc8d-9898-4d4a-abf5-ba07581a6fcd-prth.png,https://s3.amazonaws.com/garmin-connect-prod/profile_images/249fcc8d-9898-4d4a-abf5-ba07581a6fcd-prfr.png,https://s3.amazonaws.com/garmin-connect-prod/profile_images/249fcc8d-9898-4d4a-abf5-ba07581a6fcd-prof.png,494.0,50.0,150.0,170.0,165.40625,174.0,5498.0,"['SCOPE_GOLF_API_READ', 'SCOPE_ATP_READ', 'SCOPE_DIVE_API_WRITE', 'SCOPE_COMMUNITY_COURSE_ADMIN_READ', 'SCOPE_DIVE_API_READ', 'SCOPE_DI_OAUTH_2_CLIENT_READ', 'SCOPE_CONNECT_WRITE', 'SCOPE_COMMUNITY_COURSE_WRITE', 'SCOPE_MESSAGE_GENERATION_READ', 'SCOPE_DI_OAUTH_2_CLIENT_REVOCATION_ADMIN', 'SCOPE_CONNECT_WEB_TEMPLATE_RENDER', 'SCOPE_OMT_SUBSCRIPTION_ADMIN_READ', 'SCOPE_CONNECT_NON_SOCIAL_SHARED_READ', 'SCOPE_CONNECT_READ', 'SCOPE_DI_OAUTH_2_TOKEN_ADMIN', 'ROLE_CONNECTUSER', 'ROLE_FITNESS_USER', 'ROLE_WELLNESS_USER']","{'typeId': 4, 'typeKey': 'groups'}",False,False,149,1741631722000,1,3.299999952316284,0.0,127.8699951171875,59.0,3461278113,98.80000305175781,137.8000030517578,174.0,{'summarizedDiveGases': []},0.7999954223632812,GARMIN,Concord,5,43.268203753978014,-71.53342645615339,553.0,AEROBIC_BASE,88.6778564453125,195.21400451660156,IMPROVING_AEROBIC_BASE_8,NO_ANAEROBIC_BENEFIT_0,"[{'noOfSplits': 20, 'totalAscent': 0.0, 'duration': 1.6690000295639038, 'splitType': 'RWD_WALK', 'numClimbSends': 0, 'maxElevationGain': 0.0, 'averageElevationGain': 0.0, 'maxDistance': 6, 'distance': 6.650000095367432, 'averageSpeed': 3.9839999675750732, 'maxSpeed': 0.9980000257492065, 'numFalls': 0, 'elevationLoss': 0.0}, {'noOfSplits': 1, 'totalAscent': 53.0, 'duration': 1995.2139892578125, 'splitType': 'INTERVAL_ACTIVE', 'numClimbSends': 0, 'maxElevationGain': 53.0, 'averageElevationGain': 53.0, 'maxDistance': 6983, 'distance': 6983.240234375, 'averageSpeed': 3.5, 'maxSpeed': 4.198999881744385, 'numFalls': 0, 'elevationLoss': 49.0}, {'noOfSplits': 20, 'totalAscent': 53.0, 'duration': 1993.5269775390625, 'splitType': 'RWD_RUN', 'numClimbSends': 0, 'maxElevationGain': 42.0, 'averageElevationGain': 27.0, 'maxDistance': 4476, 'distance': 6976.58984375, 'averageSpeed': 3.5, 'maxSpeed': 4.198999881744385, 'numFalls': 0, 'elevationLoss': 49.0}]",True,1,68,-12.0,False,51.191,51.0,592.991,1241.48,0.0,False,False,False,False,False,False,False,False,False,384.0,536.0,391.0,10.05999984741211,258.0,7.889999866485596,3.546999931335449,271.2760009765625,441.97100830078125,1419.31201171875,451.99,960.487,428.988,120.007,26.0,3461278113.0,,,,,,
18423306883,Base,2025-03-02 20:11:38,2025-03-03 01:11:38,"{'typeId': 18, 'typeKey': 'treadmill_running', 'parentTypeId': 1, 'isHidden': False, 'trimmable': True, 'restricted': False}","{'typeId': 9, 'typeKey': 'uncategorized', 'sortOrder': 10}",2544.14990234375,809.7269897460938,809.7269897460938,780.0,,,3.1419999599456787,4.031000137329102,,,False,False,118790142,ae52ea07-2874-4bde-8648-ac48be0f708d,Riley King,https://s3.amazonaws.com/garmin-connect-prod/profile_images/249fcc8d-9898-4d4a-abf5-ba07581a6fcd-prth.png,https://s3.amazonaws.com/garmin-connect-prod/profile_images/249fcc8d-9898-4d4a-abf5-ba07581a6fcd-prfr.png,https://s3.amazonaws.com/garmin-connect-prod/profile_images/249fcc8d-9898-4d4a-abf5-ba07581a6fcd-prof.png,179.0,20.0,136.0,148.0,158.609375,173.0,2136.0,"['SCOPE_GOLF_API_READ', 'SCOPE_ATP_READ', 'SCOPE_DIVE_API_WRITE', 'SCOPE_COMMUNITY_COURSE_ADMIN_READ', 'SCOPE_DIVE_API_READ', 'SCOPE_DI_OAUTH_2_CLIENT_READ', 'SCOPE_CONNECT_WRITE', 'SCOPE_COMMUNITY_COURSE_WRITE', 'SCOPE_MESSAGE_GENERATION_READ', 'SCOPE_DI_OAUTH_2_CLIENT_REVOCATION_ADMIN', 'SCOPE_CONNECT_WEB_TEMPLATE_RENDER', 'SCOPE_OMT_SUBSCRIPTION_ADMIN_READ', 'SCOPE_CONNECT_NON_SOCIAL_SHARED_READ', 'SCOPE_CONNECT_READ', 'SCOPE_DI_OAUTH_2_TOKEN_ADMIN', 'ROLE_CONNECTUSER', 'ROLE_FITNESS_USER', 'ROLE_WELLNESS_USER']","{'typeId': 4, 'typeKey': 'groups'}",False,False,149,1740964298000,1,2.299999952316284,0.0,121.0199951171875,,3461278113,,,173.0,{'summarizedDiveGases': []},,GARMIN,,2,,,219.0,RECOVERY,34.11824035644531,293.2590026855469,MINOR_AEROBIC_BENEFIT_0,NO_ANAEROBIC_BENEFIT_0,"[{'noOfSplits': 1, 'duration': 809.7269897460938, 'splitType': 'INTERVAL_ACTIVE', 'numClimbSends': 0, 'maxDistance': 2544, 'distance': 2544.14990234375, 'averageSpeed': 3.1419999599456787, 'maxSpeed': 4.031000137329102, 'numFalls': 0}, {'noOfSplits': 2, 'duration': 779.0, 'splitType': 'RWD_RUN', 'numClimbSends': 0, 'maxDistance': 2540, 'distance': 2540.47998046875, 'averageSpeed': 3.260999917984009, 'maxSpeed': 4.031000137329102, 'numFalls': 0}, {'noOfSplits': 10, 'duration': 6.0, 'splitType': 'RWD_STAND', 'numClimbSends': 0, 'maxDistance': 0, 'distance': 0.0, 'averageSpeed': 0.0, 'maxSpeed': 0.0, 'numFalls': 0}, {'noOfSplits': 12, 'duration': 24.709999084472656, 'splitType': 'RWD_WALK', 'numClimbSends': 0, 'maxDistance': 2, 'distance': 3.6700000762939453, 'averageSpeed': 0.14800000190734863, 'maxSpeed': 1.4559999704360962, 'numFalls': 0}]",True,2,9,-7.0,False,12.0,89.49,670.997,0.0,0.0,False,False,False,False,False,False,False,False,False,325.0,440.0,342.0,9.9,268.5,8.25,,,,,420.002,191.996,55.0,0.0,0.0,3461278113.0,,,,,,
18395193655,Threshold,2025-02-27 16:09:28,2025-02-27 21:09:28,"{'typeId': 18, 'typeKey': 'treadmill_running', 'parentTypeId': 1, 'isHidden': False, 'trimmable': True, 'restricted': False}","{'typeId': 9, 'typeKey': 'uncategorized', 'sortOrder': 10}",7622.89990234375,1972.10400390625,1972.10400390625,1956.5989990234375,,,3.865000009536743,4.664999961853027,,,False,False,118790142,ae52ea07-2874-4bde-8648-ac48be0f708d,Riley King,https://s3.amazonaws.com/garmin-connect-prod/profile_images/249fcc8d-9898-4d4a-abf5-ba07581a6fcd-prth.png,https://s3.amazonaws.com/garmin-connect-prod/profile_images/249fcc8d-9898-4d4a-abf5-ba07581a6fcd-prfr.png,https://s3.amazonaws.com/garmin-connect-prod/profile_images/249fcc8d-9898-4d4a-abf5-ba07581a6fcd-prof.png,512.0,49.0,158.0,182.0,166.140625,178.0,5390.0,"['SCOPE_GOLF_API_READ', 'SCOPE_ATP_READ', 'SCOPE_DIVE_API_WRITE', 'SCOPE_COMMUNITY_COURSE_ADMIN_READ', 'SCOPE_DIVE_API_READ', 'SCOPE_DI_OAUTH_2_CLIENT_READ', 'SCOPE_CONNECT_WRITE', 'SCOPE_COMMUNITY_COURSE_WRITE', 'SCOPE_MESSAGE_GENERATION_READ', 'SCOPE_DI_OAUTH_2_CLIENT_REVOCATION_ADMIN', 'SCOPE_CONNECT_WEB_TEMPLATE_RENDER', 'SCOPE_OMT_SUBSCRIPTION_ADMIN_READ', 'SCOPE_CONNECT_NON_SOCIAL_SHARED_READ', 'SCOPE_CONNECT_READ', 'SCOPE_DI_OAUTH_2_TOKEN_ADMIN', 'ROLE_CONNECTUSER', 'ROLE_FITNESS_USER', 'ROLE_WELLNESS_USER']","{'typeId': 4, 'typeKey': 'groups'}",False,False,149,1740690568000,1,4.099999904632568,2.5,139.54000244140624,,3461278113,,,178.0,{'summarizedDiveGases': []},,GARMIN,,8,,,542.0,LACTATE_THRESHOLD,186.7299346923828,52.104000091552734,HIGHLY_IMPROVING_LACTATE_THRESHOLD_13,MAINTAINING_ANAEROBIC_BASE_1,"[{'noOfSplits': 1, 'duration': 5.999000072479248, 'splitType': 'RWD_STAND', 'numClimbSends': 0, 'maxDistance': 0, 'distance': 0.0, 'averageSpeed': 0.0, 'maxSpeed': 0.0, 'numFalls': 0}, {'noOfSplits': 1, 'duration': 1935.0009765625, 'splitType': 'RWD_RUN', 'numClimbSends': 0, 'maxDistance': 7583, 'distance': 7583.77001953125, 'averageSpeed': 3.9189999103546143, 'maxSpeed': 4.664999961853027, 'numFalls': 0}, {'noOfSplits': 2, 'duration': 31.083999633789062, 'splitType': 'RWD_WALK', 'numClimbSends': 0, 'maxDistance': 24, 'distance': 39.119998931884766, 'averageSpeed': 1.2589999437332153, 'maxSpeed': 1.781999945640564, 'numFalls': 0}, {'noOfSplits': 1, 'duration': 600.0, 'splitType': 'INTERVAL_WARMUP', 'numClimbSends': 0, 'maxDistance': 1989, 'distance': 1989.3800048828125, 'averageSpeed': 3.315999984741211, 'maxSpeed': 3.9100000858306885, 'numFalls': 0}, {'noOfSplits': 2, 'duration': 240.0, 'splitType': 'INTERVAL_RECOVERY', 'numClimbSends': 0, 'maxDistance': 403, 'distance': 781.530029296875, 'averageSpeed': 3.25600004196167, 'maxSpeed': 4.460000038146973, 'numFalls': 0}, {'noOfSplits': 1, 'duration': 52.10100173950195, 'splitType': 'INTERVAL_COOLDOWN', 'numClimbSends': 0, 'maxDistance': 114, 'distance': 114.8499984741211, 'averageSpeed': 2.2039999961853027, 'maxSpeed': 4.440999984741211, 'numFalls': 0}, {'noOfSplits': 3, 'duration': 1080.0, 'splitType': 'INTERVAL_ACTIVE', 'numClimbSends': 0, 'maxDistance': 1592, 'distance': 4737.169921875, 'averageSpeed': 4.386000156402588, 'maxSpeed': 4.664999961853027, 'numFalls': 0}]",True,1,31,-11.0,False,26.0,73.001,715.139,537.992,588.102,False,False,False,False,False,False,False,False,False,392.0,492.0,408.0,10.15999984741211,243.8000030517578,7.400000095367432,,,,,416.03,340.997,336.061,733.036,0.0,3461278113.0,,,,,,
18349011025,Bristol - Base,2025-02-22 14:50:04,2025-02-22 19:50:04,"{'typeId': 1, 'typeKey': 'running', 'parentTypeId': 17, 'isHidden': False, 'trimmable': True, 'restricted': False}","{'typeId': 9, 'typeKey': 'uncategorized', 'sortOrder': 10}",11810.8203125,3188.0419921875,3289.924072265625,3186.3699951171875,71.0,70.0,3.7049999237060547,4.609000205993652,41.65432780981064,-71.2612528167665,True,False,118790142,ae52ea07-2874-4bde-8648-ac48be0f708d,Riley King,https://s3.amazonaws.com/garmin-connect-prod/profile_images/249fcc8d-9898-4d4a-abf5-ba07581a6fcd-prth.png,https://s3.amazonaws.com/garmin-connect-prod/profile_images/249fcc8d-9898-4d4a-abf5-ba07581a6fcd-prfr.png,https://s3.amazonaws.com/garmin-connect-prod/profile_images/249fcc8d-9898-4d4a-abf5-ba07581a6fcd-prof.png,820.0,79.0,154.0,182.0,168.328125,177.0,8950.0,"['SCOPE_GOLF_API_READ', 'SCOPE_ATP_READ', 'SCOPE_DIVE_API_WRITE', 'SCOPE_COMMUNITY_COURSE_ADMIN_READ', 'SCOPE_DIVE_API_READ', 'SCOPE_DI_OAUTH_2_CLIENT_READ', 'SCOPE_CONNECT_WRITE', 'SCOPE_COMMUNITY_COURSE_WRITE', 'SCOPE_MESSAGE_GENERATION_READ', 'SCOPE_DI_OAUTH_2_CLIENT_REVOCATION_ADMIN', 'SCOPE_CONNECT_WEB_TEMPLATE_RENDER', 'SCOPE_OMT_SUBSCRIPTION_ADMIN_READ', 'SCOPE_CONNECT_NON_SOCIAL_SHARED_READ', 'SCOPE_CONNECT_READ', 'SCOPE_DI_OAUTH_2_TOKEN_ADMIN', 'ROLE_CONNECTUSER', 'ROLE_FITNESS_USER', 'ROLE_WELLNESS_USER']","{'typeId': 4, 'typeKey': 'groups'}",False,False,149,1740253804000,1,4.5,1.2999999523162842,131.89000244140627,59.0,3461278113,3.200000047683716,25.200000762939453,177.0,{'summarizedDiveGases': []},0.6000003814697266,GARMIN,Bristol,8,41.65432504378259,-71.26124317757785,885.0,AEROBIC_BASE,190.53607177734375,219.81199645996094,HIGHLY_IMPROVING_AEROBIC_ENDURANCE_10,MINOR_ANAEROBIC_BENEFIT_15,"[{'noOfSplits': 1, 'totalAscent': 71.0, 'duration': 3188.0419921875, 'splitType': 'INTERVAL_ACTIVE', 'numClimbSends': 0, 'maxElevationGain': 71.0, 'averageElevationGain': 71.0, 'maxDistance': 11810, 'distance': 11810.8203125, 'averageSpeed': 3.7049999237060547, 'maxSpeed': 4.609000205993652, 'numFalls': 0, 'elevationLoss': 70.0}, {'noOfSplits': 2, 'totalAscent': 71.0, 'duration': 3184.820068359375, 'splitType': 'RWD_RUN', 'numClimbSends': 0, 'maxElevationGain': 42.0, 'averageElevationGain': 36.0, 'maxDistance': 6804, 'distance': 11803.3798828125, 'averageSpeed': 3.7060000896453857, 'maxSpeed': 4.609000205993652, 'numFalls': 0, 'elevationLoss': 70.0}, {'noOfSplits': 1, 'duration': 0.0, 'splitType': 'RWD_STAND', 'numClimbSends': 0, 'numFalls': 0}, {'noOfSplits': 3, 'totalAscent': 0.0, 'duration': 3.2090001106262207, 'splitType': 'RWD_WALK', 'numClimbSends': 0, 'maxElevationGain': 0.0, 'averageElevationGain': 0.0, 'maxDistance': 7, 'distance': 7.440000057220459, 'averageSpeed': 2.318000078201294, 'maxSpeed': 1.6330000162124634, 'numFalls': 0, 'elevationLoss': 0.0}]",True,0,51,-15.0,False,58.0,301.737,797.368,1951.989,49.386,False,False,False,False,False,False,False,False,False,399.0,558.0,405.0,9.990000152587891,249.0,7.590000152587891,3.7130000591278076,257.1709899902344,418.8590087890625,1331.7840576171875,441.985,1586.374,675.002,343.999,116.383,3461278113.0,2699.541015625,,,,,
18322946614,Treadmill Running,2025-02-19 15:03:22,2025-02-19 20:03:22,"{'typeId': 18, 'typeKey': 'treadmill_running', 'parentTypeId': 1, 'isHidden': False, 'trimmable': True, 'restricted': False}","{'typeId': 9, 'typeKey': 'uncategorized', 'sortOrder': 10}",6637.52978515625,1724.458984375,1724.458984375,1718.7260131835938,,,3.8489999771118164,4.89900016784668,,,False,False,118790142,ae52ea07-2874-4bde-8648-ac48be0f708d,Riley King,https://s3.amazonaws.com/garmin-connect-prod/profile_images/249fcc8d-9898-4d4a-abf5-ba07581a6fcd-prth.png,https://s3.amazonaws.com/garmin-connect-prod/profile_images/249fcc8d-9898-4d4a-abf5-ba07581a6fcd-prfr.png,https://s3.amazonaws.com/garmin-connect-prod/profile_images/249fcc8d-9898-4d4a-abf5-ba07581a6fcd-prof.png,434.0,43.0,152.0,181.0,165.046875,175.0,4734.0,"['SCOPE_GOLF_API_READ', 'SCOPE_ATP_READ', 'SCOPE_DIVE_API_WRITE', 'SCOPE_COMMUNITY_COURSE_ADMIN_READ', 'SCOPE_DIVE_API_READ', 'SCOPE_DI_OAUTH_2_CLIENT_READ', 'SCOPE_CONNECT_WRITE', 'SCOPE_COMMUNITY_COURSE_WRITE', 'SCOPE_MESSAGE_GENERATION_READ', 'SCOPE_DI_OAUTH_2_CLIENT_REVOCATION_ADMIN', 'SCOPE_CONNECT_WEB_TEMPLATE_RENDER', 'SCOPE_OMT_SUBSCRIPTION_ADMIN_READ', 'SCOPE_CONNECT_NON_SOCIAL_SHARED_READ', 'SCOPE_CONNECT_READ', 'SCOPE_DI_OAUTH_2_TOKEN_ADMIN', 'ROLE_CONNECTUSER', 'ROLE_FITNESS_USER', 'ROLE_WELLNESS_USER']","{'typeId': 4, 'typeKey': 'groups'}",False,False,149,1739995402000,1,3.700000047683716,0.0,140.35,,3461278113,,,175.0,{'summarizedDiveGases': []},,GARMIN,,5,,,478.0,TEMPO,117.63076782226562,44.60900115966797,IMPROVING_AEROBIC_FITNESS_2,NO_ANAEROBIC_BENEFIT_0,"[{'noOfSplits': 1, 'duration': 1724.458984375, 'splitType': 'INTERVAL_ACTIVE', 'numClimbSends': 0, 'maxDistance': 6637, 'distance': 6637.52001953125, 'averageSpeed': 3.8489999771118164, 'maxSpeed': 4.89900016784668, 'numFalls': 0}, {'noOfSplits': 2, 'duration': 1724.4410400390625, 'splitType': 'RWD_RUN', 'numClimbSends': 0, 'maxDistance': 6637, 'distance': 6637.52001953125, 'averageSpeed': 3.8489999771118164, 'maxSpeed': 4.89900016784668, 'numFalls': 0}]",True,1,27,-8.0,False,36.0,124.0,708.994,687.998,138.12,False,False,False,False,False,False,False,False,False,397.0,506.0,402.0,10.5,249.89999389648438,7.53000020980835,,,,,321.998,428.002,749.113,180.0,0.0,,,,,,,
18306041520,Base,2025-02-17 19:41:47,2025-02-18 00:41:47,"{'typeId': 18, 'typeKey': 'treadmill_running', 'parentTypeId': 1, 'isHidden': False, 'trimmable': True, 'restricted': False}","{'typeId': 9, 'typeKey': 'uncategorized', 'sortOrder': 10}",7086.5498046875,1859.0379638671875,1859.0379638671875,1857.7489852905273,,,3.8120000362396245,5.877999782562256,,,False,False,118790142,ae52ea07-2874-4bde-8648-ac48be0f708d,Riley King,https://s3.amazonaws.com/garmin-connect-prod/profile_images/249fcc8d-9898-4d4a-abf5-ba07581a6fcd-prth.png,https://s3.amazonaws.com/garmin-connect-prod/profile_images/249fcc8d-9898-4d4a-abf5-ba07581a6fcd-prfr.png,https://s3.amazonaws.com/garmin-connect-prod/profile_images/249fcc8d-9898-4d4a-abf5-ba07581a6fcd-prof.png,468.0,46.0,152.0,178.0,163.9375,225.0,4968.0,"['SCOPE_GOLF_API_READ', 'SCOPE_ATP_READ', 'SCOPE_DIVE_API_WRITE', 'SCOPE_COMMUNITY_COURSE_ADMIN_READ', 'SCOPE_DIVE_API_READ', 'SCOPE_DI_OAUTH_2_CLIENT_READ', 'SCOPE_CONNECT_WRITE', 'SCOPE_COMMUNITY_COURSE_WRITE', 'SCOPE_MESSAGE_GENERATION_READ', 'SCOPE_DI_OAUTH_2_CLIENT_REVOCATION_ADMIN', 'SCOPE_CONNECT_WEB_TEMPLATE_RENDER', 'SCOPE_OMT_SUBSCRIPTION_ADMIN_READ', 'SCOPE_CONNECT_NON_SOCIAL_SHARED_READ', 'SCOPE_CONNECT_READ', 'SCOPE_DI_OAUTH_2_TOKEN_ADMIN', 'ROLE_CONNECTUSER', 'ROLE_FITNESS_USER', 'ROLE_WELLNESS_USER']","{'typeId': 4, 'typeKey': 'groups'}",False,False,149,1739839307000,1,3.700000047683716,0.10000000149011612,139.6,,3461278113,,,225.0,{'summarizedDiveGases': []},,GARMIN,,6,,,516.0,TEMPO,120.01339721679688,59.03799819946289,IMPROVING_AEROBIC_FITNESS_2,NO_ANAEROBIC_BENEFIT_0,"[{'noOfSplits': 1, 'duration': 1859.0379638671875, 'splitType': 'INTERVAL_ACTIVE', 'numClimbSends': 0, 'maxDistance': 7086, 'distance': 7086.5498046875, 'averageSpeed': 3.812000036239624, 'maxSpeed': 5.877999782562256, 'numFalls': 0}, {'noOfSplits': 5, 'duration': 1859.0179443359375, 'splitType': 'RWD_RUN', 'numClimbSends': 0, 'maxDistance': 7086, 'distance': 7086.5498046875, 'averageSpeed': 3.812000036239624, 'maxSpeed': 5.877999782562256, 'numFalls': 0}]",True,1,27,-10.0,False,27.0,108.001,1004.998,567.993,129.59,False,False,False,False,False,False,False,False,False,392.0,550.0,397.0,10.540000152587892,253.1999969482422,7.610000133514404,,,,,232.593,800.997,590.998,139.992,15.001,3461278113.0,,,,,,
18286675548,Concord Walking,2025-02-15 13:16:33,2025-02-15 18:16:33,"{'typeId': 9, 'typeKey': 'walking', 'parentTypeId': 17, 'isHidden': False, 'trimmable': True, 'restricted': False}","{'typeId': 9, 'typeKey': 'uncategorized', 'sortOrder': 10}",9066.6796875,6147.93603515625,6147.93603515625,5733.935974121094,264.0,259.0,1.4750000238418577,3.266000032424927,43.261657655239105,-71.52114579454064,True,False,118790142,ae52ea07-2874-4bde-8648-ac48be0f708d,Riley King,https://s3.amazonaws.com/garmin-connect-prod/profile_images/249fcc8d-9898-4d4a-abf5-ba07581a6fcd-prth.png,https://s3.amazonaws.com/garmin-connect-prod/profile_images/249fcc8d-9898-4d4a-abf5-ba07581a6fcd-prfr.png,https://s3.amazonaws.com/garmin-connect-prod/profile_images/249fcc8d-9898-4d4a-abf5-ba07581a6fcd-prof.png,619.0,153.0,90.0,137.0,104.671875,247.0,11062.0,"['SCOPE_GOLF_API_READ', 'SCOPE_ATP_READ', 'SCOPE_DIVE_API_WRITE', 'SCOPE_COMMUNITY_COURSE_ADMIN_READ', 'SCOPE_DIVE_API_READ', 'SCOPE_DI_OAUTH_2_CLIENT_READ', 'SCOPE_CONNECT_WRITE', 'SCOPE_COMMUNITY_COURSE_WRITE', 'SCOPE_MESSAGE_GENERATION_READ', 'SCOPE_DI_OAUTH_2_CLIENT_REVOCATION_ADMIN', 'SCOPE_CONNECT_WEB_TEMPLATE_RENDER', 'SCOPE_OMT_SUBSCRIPTION_ADMIN_READ', 'SCOPE_CONNECT_NON_SOCIAL_SHARED_READ', 'SCOPE_CONNECT_READ', 'SCOPE_DI_OAUTH_2_TOKEN_ADMIN', 'ROLE_CONNECTUSER', 'ROLE_FITNESS_USER', 'ROLE_WELLNESS_USER']","{'typeId': 4, 'typeKey': 'groups'}",False,False,149,1739643393000,11,1.7999999523162842,0.0,84.26174103660667,59.0,3461278113,114.19999694824219,311.20001220703125,247.0,{'summarizedDiveGases': []},1.0,GARMIN,Concord,6,43.26162530109286,-71.52116239070892,644.0,RECOVERY,18.193435668945312,594.9099731445312,RECOVERY_5,NO_ANAEROBIC_BENEFIT_0,[],False,89,2,-10.0,False,928.002,739.934,13.0,0.0,0.0,False,False,False,False,False,False,False,False,False,,,,,,,,,,,,,,,,,,,,,,
18225913795,Bristol - Base,2025-02-08 15:17:10,2025-02-08 20:17:10,"{'typeId': 1, 'typeKey': 'running', 'parentTypeId': 17, 'isHidden': False, 'trimmable': True, 'restricted': False}","{'typeId': 9, 'typeKey': 'uncategorized', 'sortOrder': 10}",12556.1201171875,3591.593994140625,4043.75390625,3587.021987915039,69.0,79.0,3.4960000514984135,4.160999774932861,41.653566816821694,-71.26048235222697,True,False,118790142,ae52ea07-2874-4bde-8648-ac48be0f708d,Riley King,https://s3.amazonaws.com/garmin-connect-prod/profile_images/249fcc8d-9898-4d4a-abf5-ba07581a6fcd-prth.png,https://s3.amazonaws.com/garmin-connect-prod/profile_images/249fcc8d-9898-4d4a-abf5-ba07581a6fcd-prfr.png,https://s3.amazonaws.com/garmin-connect-prod/profile_images/249fcc8d-9898-4d4a-abf5-ba07581a6fcd-prof.png,880.0,89.0,149.0,166.0,167.25,174.0,9964.0,"['SCOPE_GOLF_API_READ', 'SCOPE_ATP_READ', 'SCOPE_DIVE_API_WRITE', 'SCOPE_COMMUNITY_COURSE_ADMIN_READ', 'SCOPE_DIVE_API_READ', 'SCOPE_DI_OAUTH_2_CLIENT_READ', 'SCOPE_CONNECT_WRITE', 'SCOPE_COMMUNITY_COURSE_WRITE', 'SCOPE_MESSAGE_GENERATION_READ', 'SCOPE_DI_OAUTH_2_CLIENT_REVOCATION_ADMIN', 'SCOPE_CONNECT_WEB_TEMPLATE_RENDER', 'SCOPE_OMT_SUBSCRIPTION_ADMIN_READ', 'SCOPE_CONNECT_NON_SOCIAL_SHARED_READ', 'SCOPE_CONNECT_READ', 'SCOPE_DI_OAUTH_2_TOKEN_ADMIN', 'ROLE_CONNECTUSER', 'ROLE_FITNESS_USER', 'ROLE_WELLNESS_USER']","{'typeId': 4, 'typeKey': 'groups'}",False,False,149,1739045830000,1,4.099999904632568,0.0,126.2,59.0,3461278113,5.400000095367432,30.399999618530273,174.0,{'summarizedDiveGases': []},0.6000003814697266,GARMIN,Bristol,9,41.65379740297794,-71.25967148691416,990.0,AEROBIC_BASE,145.68247985839844,171.77000427246094,HIGHLY_IMPROVING_AEROBIC_ENDURANCE_10,NO_ANAEROBIC_BENEFIT_0,"[{'noOfSplits': 2, 'totalAscent': 0.0, 'duration': 2.0, 'splitType': 'RWD_STAND', 'numClimbSends': 0, 'maxElevationGain': 0.0, 'averageElevationGain': 0.0, 'maxDistance': 5, 'distance': 5.929999828338623, 'averageSpeed': 2.9649999141693115, 'maxSpeed': 0.0, 'numFalls': 0, 'elevationLoss': 0.0}, {'noOfSplits': 1, 'totalAscent': 69.0, 'duration': 3591.593994140625, 'splitType': 'INTERVAL_ACTIVE', 'numClimbSends': 0, 'maxElevationGain': 69.0, 'averageElevationGain': 69.0, 'maxDistance': 12556, 'distance': 12556.099609375, 'averageSpeed': 3.496000051498413, 'maxSpeed': 4.160999774932861, 'numFalls': 0, 'elevationLoss': 79.0}, {'noOfSplits': 3, 'totalAscent': 69.0, 'duration': 3588.199951171875, 'splitType': 'RWD_RUN', 'numClimbSends': 0, 'maxElevationGain': 35.0, 'averageElevationGain': 23.0, 'maxDistance': 5654, 'distance': 12550.1904296875, 'averageSpeed': 3.497999906539917, 'maxSpeed': 4.160999774932861, 'numFalls': 0, 'elevationLoss': 79.0}, {'noOfSplits': 4, 'totalAscent': 0.0, 'duration': 1.38100004196167, 'splitType': 'RWD_WALK', 'numClimbSends': 0, 'maxElevationGain': 0.0, 'averageElevationGain': 0.0, 'maxDistance': 0, 'distance': 0.0, 'averageSpeed': 0.0, 'maxSpeed': 0.0, 'numFalls': 0, 'elevationLoss': 0.0}]",True,1,65,-16.0,False,13.001,76.729,2465.449,1014.302,0.0,False,False,False,False,False,False,False,False,False,374.0,559.0,380.0,9.9,256.0,7.849999904632568,3.5139999389648438,270.16900634765625,440.3630065917969,1404.157958984375,1313.817,1625.659,413.723,152.82,33.001,3461278113.0,2845.739013671875,,,,,
18181175283,Bristol Running,2025-02-03 15:18:40,2025-02-03 20:18:40,"{'typeId': 1, 'typeKey': 'running', 'parentTypeId': 17, 'isHidden': False, 'trimmable': True, 'restricted': False}","{'typeId': 9, 'typeKey': 'uncategorized', 'sortOrder': 10}",10705.3603515625,2914.156005859375,4623.65478515625,2910.0,72.0,149.0,3.6740000247955322,5.085000038146973,41.65436292998493,-71.26119221560657,True,False,118790142,ae52ea07-2874-4bde-8648-ac48be0f708d,Riley King,https://s3.amazonaws.com/garmin-connect-prod/profile_images/249fcc8d-9898-4d4a-abf5-ba07581a6fcd-prth.png,https://s3.amazonaws.com/garmin-connect-prod/profile_images/249fcc8d-9898-4d4a-abf5-ba07581a6fcd-prfr.png,https://s3.amazonaws.com/garmin-connect-prod/profile_images/249fcc8d-9898-4d4a-abf5-ba07581a6fcd-prof.png,737.0,72.0,151.0,173.0,168.59375,176.0,8200.0,"['SCOPE_GOLF_API_READ', 'SCOPE_ATP_READ', 'SCOPE_DIVE_API_WRITE', 'SCOPE_COMMUNITY_COURSE_ADMIN_READ', 'SCOPE_DIVE_API_READ', 'SCOPE_DI_OAUTH_2_CLIENT_READ', 'SCOPE_CONNECT_WRITE', 'SCOPE_COMMUNITY_COURSE_WRITE', 'SCOPE_MESSAGE_GENERATION_READ', 'SCOPE_DI_OAUTH_2_CLIENT_REVOCATION_ADMIN', 'SCOPE_CONNECT_WEB_TEMPLATE_RENDER', 'SCOPE_OMT_SUBSCRIPTION_ADMIN_READ', 'SCOPE_CONNECT_NON_SOCIAL_SHARED_READ', 'SCOPE_CONNECT_READ', 'SCOPE_DI_OAUTH_2_TOKEN_ADMIN', 'ROLE_CONNECTUSER', 'ROLE_FITNESS_USER', 'ROLE_WELLNESS_USER']","{'typeId': 4, 'typeKey': 'groups'}",False,False,149,1738613920000,1,3.9000000953674316,0.0,130.8699951171875,60.0,3461278113,0.6000000238418579,27.799999237060547,176.0,{'summarizedDiveGases': []},0.6000003814697266,GARMIN,Bristol,7,41.65432529523969,-71.2612372264266,809.0,AEROBIC_BASE,144.75961303710938,285.8689880371094,IMPROVING_AEROBIC_ENDURANCE_9,NO_ANAEROBIC_BENEFIT_0,"[{'noOfSplits': 4, 'totalAscent': 0.0, 'duration': 1.0, 'splitType': 'RWD_STAND', 'numClimbSends': 0, 'maxElevationGain': 0.0, 'averageElevationGain': 0.0, 'maxDistance': 2, 'distance': 2.75, 'averageSpeed': 2.75, 'maxSpeed': 0.0, 'numFalls': 0, 'elevationLoss': 0.0}, {'noOfSplits': 1, 'totalAscent': 72.0, 'duration': 2914.156005859375, 'splitType': 'INTERVAL_ACTIVE', 'numClimbSends': 0, 'maxElevationGain': 72.0, 'averageElevationGain': 24.0, 'maxDistance': 10705, 'distance': 10705.3603515625, 'averageSpeed': 3.6740000247955322, 'maxSpeed': 5.085000038146973, 'numFalls': 0, 'elevationLoss': 149.0}, {'noOfSplits': 6, 'totalAscent': 72.0, 'duration': 2907.27294921875, 'splitType': 'RWD_RUN', 'numClimbSends': 0, 'maxElevationGain': 33.0, 'averageElevationGain': 18.0, 'maxDistance': 4812, 'distance': 10686.0498046875, 'averageSpeed': 3.6760001182556152, 'maxSpeed': 5.085000038146973, 'numFalls': 0, 'elevationLoss': 149.0}, {'noOfSplits': 7, 'totalAscent': 0.0, 'duration': 5.863999843597412, 'splitType': 'RWD_WALK', 'numClimbSends': 0, 'maxElevationGain': 0.0, 'averageElevationGain': 0.0, 'maxDistance': 9, 'distance': 16.559999465942383, 'averageSpeed': 2.8239998817443848, 'maxSpeed': 2.127000093460083, 'numFalls': 0, 'elevationLoss': 0.0}]",True,0,73,-12.0,False,27.999,123.191,1702.66,1038.375,0.0,False,False,False,False,False,False,False,False,False,397.0,559.0,404.0,9.90999984741211,248.60000610351562,7.590000152587891,3.694000005722046,254.1719970703125,411.89801025390625,1327.5880126953125,530.049,1068.865,815.002,309.697,141.625,,2725.903076171875,,,,,
18173567556,Base,2025-02-02 20:16:56,2025-02-03 01:16:56,"{'typeId': 18, 'typeKey': 'treadmill_running', 'parentTypeId': 1, 'isHidden': False, 'trimmable': True, 'restricted': False}","{'typeId': 9, 'typeKey': 'uncategorized', 'sortOrder': 10}",7057.85986328125,1821.9639892578125,1821.9639892578125,1810.6210021972656,,,3.874000072479248,4.320000171661377,,,False,False,118790142,ae52ea07-2874-4bde-8648-ac48be0f708d,Riley King,https://s3.amazonaws.com/garmin-connect-prod/profile_images/249fcc8d-9898-4d4a-abf5-ba07581a6fcd-prth.png,https://s3.amazonaws.com/garmin-connect-prod/profile_images/249fcc8d-9898-4d4a-abf5-ba07581a6fcd-prfr.png,https://s3.amazonaws.com/garmin-connect-prod/profile_images/249fcc8d-9898-4d4a-abf5-ba07581a6fcd-prof.png,459.0,45.0,153.0,167.0,162.1875,169.0,4912.0,"['SCOPE_GOLF_API_READ', 'SCOPE_ATP_READ', 'SCOPE_DIVE_API_WRITE', 'SCOPE_COMMUNITY_COURSE_ADMIN_READ', 'SCOPE_DIVE_API_READ', 'SCOPE_DI_OAUTH_2_CLIENT_READ', 'SCOPE_CONNECT_WRITE', 'SCOPE_COMMUNITY_COURSE_WRITE', 'SCOPE_MESSAGE_GENERATION_READ', 'SCOPE_DI_OAUTH_2_CLIENT_REVOCATION_ADMIN', 'SCOPE_CONNECT_WEB_TEMPLATE_RENDER', 'SCOPE_OMT_SUBSCRIPTION_ADMIN_READ', 'SCOPE_CONNECT_NON_SOCIAL_SHARED_READ', 'SCOPE_CONNECT_READ', 'SCOPE_DI_OAUTH_2_TOKEN_ADMIN', 'ROLE_CONNECTUSER', 'ROLE_FITNESS_USER', 'ROLE_WELLNESS_USER']","{'typeId': 4, 'typeKey': 'groups'}",False,False,149,1738545416000,1,3.5999999046325684,0.0,143.8699951171875,,3461278113,,,169.0,{'summarizedDiveGases': []},,GARMIN,,5,,,505.0,TEMPO,109.91740417480469,158.0679931640625,IMPROVING_AEROBIC_FITNESS_2,NO_ANAEROBIC_BENEFIT_0,"[{'noOfSplits': 1, 'duration': 1821.9639892578125, 'splitType': 'INTERVAL_ACTIVE', 'numClimbSends': 0, 'maxDistance': 7057, 'distance': 7057.85986328125, 'averageSpeed': 3.874000072479248, 'maxSpeed': 4.320000171661377, 'numFalls': 0}, {'noOfSplits': 1, 'duration': 15.0, 'splitType': 'RWD_WALK', 'numClimbSends': 0, 'maxDistance': 4, 'distance': 4.989999771118164, 'averageSpeed': 0.3330000042915344, 'maxSpeed': 2.183000087738037, 'numFalls': 0}, {'noOfSplits': 1, 'duration': 1806.9449462890625, 'splitType': 'RWD_RUN', 'numClimbSends': 0, 'maxDistance': 7052, 'distance': 7052.8701171875, 'averageSpeed': 3.9030001163482666, 'maxSpeed': 4.320000171661377, 'numFalls': 0}]",True,2,28,-7.0,False,19.001,31.999,659.99,1076.947,0.0,False,False,False,False,False,False,False,False,False,401.0,476.0,406.0,10.790000152587892,252.10000610351562,7.53000020980835,,,,,159.0,425.0,1154.937,50.0,0.0,3461278113.0,,,,,,
18150774756,Treadmill Running,2025-01-31 08:49:25,2025-01-31 13:49:25,"{'typeId': 18, 'typeKey': 'treadmill_running', 'parentTypeId': 1, 'isHidden': False, 'trimmable': True, 'restricted': False}","{'typeId': 9, 'typeKey': 'uncategorized', 'sortOrder': 10}",5084.169921875,1449.4520263671875,1451.3719482421875,1425.2789916992188,,,3.507999897003174,4.440999984741211,,,False,False,118790142,ae52ea07-2874-4bde-8648-ac48be0f708d,Riley King,https://s3.amazonaws.com/garmin-connect-prod/profile_images/249fcc8d-9898-4d4a-abf5-ba07581a6fcd-prth.png,https://s3.amazonaws.com/garmin-connect-prod/profile_images/249fcc8d-9898-4d4a-abf5-ba07581a6fcd-prfr.png,https://s3.amazonaws.com/garmin-connect-prod/profile_images/249fcc8d-9898-4d4a-abf5-ba07581a6fcd-prof.png,318.0,36.0,138.0,155.0,161.515625,173.0,3926.0,"['SCOPE_GOLF_API_READ', 'SCOPE_ATP_READ', 'SCOPE_DIVE_API_WRITE', 'SCOPE_COMMUNITY_COURSE_ADMIN_READ', 'SCOPE_DIVE_API_READ', 'SCOPE_DI_OAUTH_2_CLIENT_READ', 'SCOPE_CONNECT_WRITE', 'SCOPE_COMMUNITY_COURSE_WRITE', 'SCOPE_MESSAGE_GENERATION_READ', 'SCOPE_DI_OAUTH_2_CLIENT_REVOCATION_ADMIN', 'SCOPE_CONNECT_WEB_TEMPLATE_RENDER', 'SCOPE_OMT_SUBSCRIPTION_ADMIN_READ', 'SCOPE_CONNECT_NON_SOCIAL_SHARED_READ', 'SCOPE_CONNECT_READ', 'SCOPE_DI_OAUTH_2_TOKEN_ADMIN', 'ROLE_CONNECTUSER', 'ROLE_FITNESS_USER', 'ROLE_WELLNESS_USER']","{'typeId': 4, 'typeKey': 'groups'}",False,False,149,1738331365000,1,2.799999952316284,0.0,131.0300048828125,,3461278113,,,173.0,{'summarizedDiveGases': []},,GARMIN,,4,,,389.0,AEROBIC_BASE,54.32530212402344,118.9739990234375,MAINTAINING_AEROBIC_FITNESS_1,NO_ANAEROBIC_BENEFIT_0,"[{'noOfSplits': 1, 'duration': 1449.4520263671875, 'splitType': 'INTERVAL_ACTIVE', 'numClimbSends': 0, 'maxDistance': 5084, 'distance': 5084.169921875, 'averageSpeed': 3.507999897003174, 'maxSpeed': 4.440999984741211, 'numFalls': 0}, {'noOfSplits': 2, 'duration': 1397.0799560546875, 'splitType': 'RWD_RUN', 'numClimbSends': 0, 'maxDistance': 5012, 'distance': 5035.6298828125, 'averageSpeed': 3.6040000915527344, 'maxSpeed': 4.440999984741211, 'numFalls': 0}, {'noOfSplits': 3, 'duration': 50.0, 'splitType': 'RWD_WALK', 'numClimbSends': 0, 'maxDistance': 35, 'distance': 48.54999923706055, 'averageSpeed': 0.9710000157356262, 'maxSpeed': 1.7910000085830688, 'numFalls': 0}, {'noOfSplits': 1, 'duration': 2.3550000190734863, 'splitType': 'RWD_STAND', 'numClimbSends': 0, 'maxDistance': 0, 'distance': 0.0, 'averageSpeed': 0.0, 'maxSpeed': 0.0, 'numFalls': 0}]",True,1,22,-8.0,False,32.584,572.08,826.992,16.999,0.0,False,False,False,False,False,False,False,False,False,360.0,476.0,374.0,10.05999984741211,255.39999389648438,7.75,,,,,418.199,558.889,359.983,13.002,0.0,,,,,,,
18111350049,Base,2025-01-26 20:01:45,2025-01-27 01:01:45,"{'typeId': 18, 'typeKey': 'treadmill_running', 'parentTypeId': 1, 'isHidden': False, 'trimmable': True, 'restricted': False}","{'typeId': 9, 'typeKey': 'uncategorized', 'sortOrder': 10}",8365.740234375,2214.197021484375,2214.197021484375,2208.529998779297,,,3.7780001163482666,5.151000022888184,,,False,False,118790142,ae52ea07-2874-4bde-8648-ac48be0f708d,Riley King,https://s3.amazonaws.com/garmin-connect-prod/profile_images/249fcc8d-9898-4d4a-abf5-ba07581a6fcd-prth.png,https://s3.amazonaws.com/garmin-connect-prod/profile_images/249fcc8d-9898-4d4a-abf5-ba07581a6fcd-prfr.png,https://s3.amazonaws.com/garmin-connect-prod/profile_images/249fcc8d-9898-4d4a-abf5-ba07581a6fcd-prof.png,541.0,55.0,150.0,176.0,164.0,178.0,6142.0,"['SCOPE_GOLF_API_READ', 'SCOPE_ATP_READ', 'SCOPE_DIVE_API_WRITE', 'SCOPE_COMMUNITY_COURSE_ADMIN_READ', 'SCOPE_DIVE_API_READ', 'SCOPE_DI_OAUTH_2_CLIENT_READ', 'SCOPE_CONNECT_WRITE', 'SCOPE_COMMUNITY_COURSE_WRITE', 'SCOPE_MESSAGE_GENERATION_READ', 'SCOPE_DI_OAUTH_2_CLIENT_REVOCATION_ADMIN', 'SCOPE_CONNECT_WEB_TEMPLATE_RENDER', 'SCOPE_OMT_SUBSCRIPTION_ADMIN_READ', 'SCOPE_CONNECT_NON_SOCIAL_SHARED_READ', 'SCOPE_CONNECT_READ', 'SCOPE_DI_OAUTH_2_TOKEN_ADMIN', 'ROLE_CONNECTUSER', 'ROLE_FITNESS_USER', 'ROLE_WELLNESS_USER']","{'typeId': 4, 'typeKey': 'groups'}",False,False,149,1737939705000,1,3.700000047683716,2.0999999046325684,136.9,,3461278113,,,178.0,{'summarizedDiveGases': []},,GARMIN,,6,,,614.0,TEMPO,142.51991271972656,174.19700622558594,IMPROVING_AEROBIC_FITNESS_2,MAINTAINING_ANAEROBIC_BASE_1,"[{'noOfSplits': 1, 'duration': 2214.197021484375, 'splitType': 'INTERVAL_ACTIVE', 'numClimbSends': 0, 'maxDistance': 8365, 'distance': 8365.75, 'averageSpeed': 3.7780001163482666, 'maxSpeed': 5.151000022888184, 'numFalls': 0}, {'noOfSplits': 4, 'duration': 2214.177978515625, 'splitType': 'RWD_RUN', 'numClimbSends': 0, 'maxDistance': 8365, 'distance': 8365.75, 'averageSpeed': 3.7780001163482666, 'maxSpeed': 5.151000022888184, 'numFalls': 0}]",True,2,33,-11.0,False,39.0,198.996,1210.989,720.44,24.003,False,False,False,False,False,False,False,False,False,389.0,526.0,396.0,10.290000152587892,250.39999389648438,7.599999904632568,,,,,317.008,637.983,612.993,424.007,3.0,3461278113.0,,,,,,
18100683903,Bristol Walking,2025-01-25 13:36:07,2025-01-25 18:36:07,"{'typeId': 9, 'typeKey': 'walking', 'parentTypeId': 17, 'isHidden': False, 'trimmable': True, 'restricted': False}","{'typeId': 9, 'typeKey': 'uncategorized', 'sortOrder': 10}",8099.8701171875,4758.3720703125,4758.3720703125,4756.476989746094,63.0,65.0,1.7020000219345093,2.0810000896453857,41.65528225712478,-71.26072308048606,True,False,118790142,ae52ea07-2874-4bde-8648-ac48be0f708d,Riley King,https://s3.amazonaws.com/garmin-connect-prod/profile_images/249fcc8d-9898-4d4a-abf5-ba07581a6fcd-prth.png,https://s3.amazonaws.com/garmin-connect-prod/profile_images/249fcc8d-9898-4d4a-abf5-ba07581a6fcd-prfr.png,https://s3.amazonaws.com/garmin-connect-prod/profile_images/249fcc8d-9898-4d4a-abf5-ba07581a6fcd-prof.png,499.0,118.0,92.0,113.0,120.203125,236.0,9498.0,"['SCOPE_GOLF_API_READ', 'SCOPE_ATP_READ', 'SCOPE_DIVE_API_WRITE', 'SCOPE_COMMUNITY_COURSE_ADMIN_READ', 'SCOPE_DIVE_API_READ', 'SCOPE_DI_OAUTH_2_CLIENT_READ', 'SCOPE_CONNECT_WRITE', 'SCOPE_COMMUNITY_COURSE_WRITE', 'SCOPE_MESSAGE_GENERATION_READ', 'SCOPE_DI_OAUTH_2_CLIENT_REVOCATION_ADMIN', 'SCOPE_CONNECT_WEB_TEMPLATE_RENDER', 'SCOPE_OMT_SUBSCRIPTION_ADMIN_READ', 'SCOPE_CONNECT_NON_SOCIAL_SHARED_READ', 'SCOPE_CONNECT_READ', 'SCOPE_DI_OAUTH_2_TOKEN_ADMIN', 'ROLE_CONNECTUSER', 'ROLE_FITNESS_USER', 'ROLE_WELLNESS_USER']","{'typeId': 4, 'typeKey': 'groups'}",False,False,149,1737830167000,11,1.7000000476837158,0.0,84.96709741418074,58.0,3461278113,-0.800000011920929,28.200000762939453,236.0,{'summarizedDiveGases': []},0.4000005722045899,GARMIN,Bristol,6,41.65388071909547,-71.26046760007739,480.0,RECOVERY,17.201492309570312,33.46699905395508,RECOVERY_5,NO_ANAEROBIC_BENEFIT_0,[],False,75,0,-7.0,False,400.986,0.0,0.0,0.0,0.0,False,False,False,False,False,False,False,False,False,,,,,,,,,,,,,,,,,,,,,,
18085186618,Base,2025-01-23 19:27:56,2025-01-24 00:27:56,"{'typeId': 18, 'typeKey': 'treadmill_running', 'parentTypeId': 1, 'isHidden': False, 'trimmable': True, 'restricted': False}","{'typeId': 9, 'typeKey': 'uncategorized', 'sortOrder': 10}",7507.47998046875,2087.092041015625,2087.092041015625,2078.865997314453,,,3.5969998836517334,4.339000225067139,,,False,False,118790142,ae52ea07-2874-4bde-8648-ac48be0f708d,Riley King,https://s3.amazonaws.com/garmin-connect-prod/profile_images/249fcc8d-9898-4d4a-abf5-ba07581a6fcd-prth.png,https://s3.amazonaws.com/garmin-connect-prod/profile_images/249fcc8d-9898-4d4a-abf5-ba07581a6fcd-prfr.png,https://s3.amazonaws.com/garmin-connect-prod/profile_images/249fcc8d-9898-4d4a-abf5-ba07581a6fcd-prof.png,436.0,52.0,137.0,150.0,158.5,167.0,5500.0,"['SCOPE_GOLF_API_READ', 'SCOPE_ATP_READ', 'SCOPE_DIVE_API_WRITE', 'SCOPE_COMMUNITY_COURSE_ADMIN_READ', 'SCOPE_DIVE_API_READ', 'SCOPE_DI_OAUTH_2_CLIENT_READ', 'SCOPE_CONNECT_WRITE', 'SCOPE_COMMUNITY_COURSE_WRITE', 'SCOPE_MESSAGE_GENERATION_READ', 'SCOPE_DI_OAUTH_2_CLIENT_REVOCATION_ADMIN', 'SCOPE_CONNECT_WEB_TEMPLATE_RENDER', 'SCOPE_OMT_SUBSCRIPTION_ADMIN_READ', 'SCOPE_CONNECT_NON_SOCIAL_SHARED_READ', 'SCOPE_CONNECT_READ', 'SCOPE_DI_OAUTH_2_TOKEN_ADMIN', 'ROLE_CONNECTUSER', 'ROLE_FITNESS_USER', 'ROLE_WELLNESS_USER']","{'typeId': 4, 'typeKey': 'groups'}",False,False,149,1737678476000,1,2.700000047683716,0.0,136.64000244140627,,3461278113,,,167.0,{'summarizedDiveGases': []},,GARMIN,,6,,,573.0,AEROBIC_BASE,50.42877197265625,11.687999725341797,MAINTAINING_AEROBIC_FITNESS_1,NO_ANAEROBIC_BENEFIT_0,"[{'noOfSplits': 1, 'duration': 2087.092041015625, 'splitType': 'INTERVAL_ACTIVE', 'numClimbSends': 0, 'maxDistance': 7507, 'distance': 7507.490234375, 'averageSpeed': 3.5969998836517334, 'maxSpeed': 4.339000225067139, 'numFalls': 0}, {'noOfSplits': 1, 'duration': 2049.0, 'splitType': 'RWD_RUN', 'numClimbSends': 0, 'maxDistance': 7459, 'distance': 7459.10986328125, 'averageSpeed': 3.640000104904175, 'maxSpeed': 4.339000225067139, 'numFalls': 0}, {'noOfSplits': 2, 'duration': 37.07500076293945, 'splitType': 'RWD_WALK', 'numClimbSends': 0, 'maxDistance': 26, 'distance': 48.38999938964844, 'averageSpeed': 1.3049999475479126, 'maxSpeed': 1.6699999570846558, 'numFalls': 0}, {'noOfSplits': 1, 'duration': 1.0, 'splitType': 'RWD_STAND', 'numClimbSends': 0, 'maxDistance': 0, 'distance': 0.0, 'averageSpeed': 0.0, 'maxSpeed': 0.0, 'numFalls': 0}]",True,1,31,-11.0,False,25.0,690.919,1345.987,0.0,0.0,False,False,False,False,False,False,False,False,False,374.0,463.0,384.0,10.65,263.29998779296875,7.860000133514404,,,,,379.01,724.981,789.0,21.997,0.0,3461278113.0,,,,,,
18071982314,Base,2025-01-22 08:45:48,2025-01-22 13:45:48,"{'typeId': 18, 'typeKey': 'treadmill_running', 'parentTypeId': 1, 'isHidden': False, 'trimmable': True, 'restricted': False}","{'typeId': 9, 'typeKey': 'uncategorized', 'sortOrder': 10}",7274.02001953125,2018.427978515625,2018.427978515625,1984.2650146484375,,,3.604000091552735,6.008999824523926,,,False,False,118790142,ae52ea07-2874-4bde-8648-ac48be0f708d,Riley King,https://s3.amazonaws.com/garmin-connect-prod/profile_images/249fcc8d-9898-4d4a-abf5-ba07581a6fcd-prth.png,https://s3.amazonaws.com/garmin-connect-prod/profile_images/249fcc8d-9898-4d4a-abf5-ba07581a6fcd-prfr.png,https://s3.amazonaws.com/garmin-connect-prod/profile_images/249fcc8d-9898-4d4a-abf5-ba07581a6fcd-prof.png,478.0,50.0,146.0,183.0,160.703125,180.0,5336.0,"['SCOPE_GOLF_API_READ', 'SCOPE_ATP_READ', 'SCOPE_DIVE_API_WRITE', 'SCOPE_COMMUNITY_COURSE_ADMIN_READ', 'SCOPE_DIVE_API_READ', 'SCOPE_DI_OAUTH_2_CLIENT_READ', 'SCOPE_CONNECT_WRITE', 'SCOPE_COMMUNITY_COURSE_WRITE', 'SCOPE_MESSAGE_GENERATION_READ', 'SCOPE_DI_OAUTH_2_CLIENT_REVOCATION_ADMIN', 'SCOPE_CONNECT_WEB_TEMPLATE_RENDER', 'SCOPE_OMT_SUBSCRIPTION_ADMIN_READ', 'SCOPE_CONNECT_NON_SOCIAL_SHARED_READ', 'SCOPE_CONNECT_READ', 'SCOPE_DI_OAUTH_2_TOKEN_ADMIN', 'ROLE_CONNECTUSER', 'ROLE_FITNESS_USER', 'ROLE_WELLNESS_USER']","{'typeId': 4, 'typeKey': 'groups'}",False,False,149,1737553548000,1,3.4000000953674316,0.699999988079071,135.69000244140625,,3461278113,,,180.0,{'summarizedDiveGases': []},,GARMIN,,6,,,544.0,AEROBIC_BASE,102.15585327148438,30.097000122070312,IMPROVING_AEROBIC_BASE_8,NO_ANAEROBIC_BENEFIT_0,"[{'noOfSplits': 1, 'duration': 2018.427978515625, 'splitType': 'INTERVAL_ACTIVE', 'numClimbSends': 0, 'maxDistance': 7274, 'distance': 7274.02001953125, 'averageSpeed': 3.6040000915527344, 'maxSpeed': 6.008999824523926, 'numFalls': 0}, {'noOfSplits': 2, 'duration': 12.0, 'splitType': 'RWD_STAND', 'numClimbSends': 0, 'maxDistance': 0, 'distance': 0.0, 'averageSpeed': 0.0, 'maxSpeed': 0.0, 'numFalls': 0}, {'noOfSplits': 1, 'duration': 1954.0, 'splitType': 'RWD_RUN', 'numClimbSends': 0, 'maxDistance': 7222, 'distance': 7222.259765625, 'averageSpeed': 3.696000099182129, 'maxSpeed': 6.008999824523926, 'numFalls': 0}, {'noOfSplits': 2, 'duration': 52.415000915527344, 'splitType': 'RWD_WALK', 'numClimbSends': 0, 'maxDistance': 42, 'distance': 51.7599983215332, 'averageSpeed': 0.9869999885559082, 'maxSpeed': 1.9869999885559082, 'numFalls': 0}]",True,1,32,-12.0,False,11.0,107.325,1480.988,312.996,79.0,False,False,False,False,False,False,False,False,False,369.0,568.0,385.0,10.25999984741211,255.1999969482422,7.679999828338623,,,,,384.995,857.993,484.011,108.997,24.996,3461278113.0,,,,,,
18058724236,Treadmill Running,2025-01-20 19:37:41,2025-01-21 00:37:41,"{'typeId': 18, 'typeKey': 'treadmill_running', 'parentTypeId': 1, 'isHidden': False, 'trimmable': True, 'restricted': False}","{'typeId': 9, 'typeKey': 'uncategorized', 'sortOrder': 10}",5375.0498046875,1392.91796875,1392.91796875,1356.3429870605469,,,3.8589999675750732,5.440000057220458,,,False,False,118790142,ae52ea07-2874-4bde-8648-ac48be0f708d,Riley King,https://s3.amazonaws.com/garmin-connect-prod/profile_images/249fcc8d-9898-4d4a-abf5-ba07581a6fcd-prth.png,https://s3.amazonaws.com/garmin-connect-prod/profile_images/249fcc8d-9898-4d4a-abf5-ba07581a6fcd-prfr.png,https://s3.amazonaws.com/garmin-connect-prod/profile_images/249fcc8d-9898-4d4a-abf5-ba07581a6fcd-prof.png,338.0,35.0,148.0,172.0,161.03125,176.0,3742.0,"['SCOPE_GOLF_API_READ', 'SCOPE_ATP_READ', 'SCOPE_DIVE_API_WRITE', 'SCOPE_COMMUNITY_COURSE_ADMIN_READ', 'SCOPE_DIVE_API_READ', 'SCOPE_DI_OAUTH_2_CLIENT_READ', 'SCOPE_CONNECT_WRITE', 'SCOPE_COMMUNITY_COURSE_WRITE', 'SCOPE_MESSAGE_GENERATION_READ', 'SCOPE_DI_OAUTH_2_CLIENT_REVOCATION_ADMIN', 'SCOPE_CONNECT_WEB_TEMPLATE_RENDER', 'SCOPE_OMT_SUBSCRIPTION_ADMIN_READ', 'SCOPE_CONNECT_NON_SOCIAL_SHARED_READ', 'SCOPE_CONNECT_READ', 'SCOPE_DI_OAUTH_2_TOKEN_ADMIN', 'ROLE_CONNECTUSER', 'ROLE_FITNESS_USER', 'ROLE_WELLNESS_USER']","{'typeId': 4, 'typeKey': 'groups'}",False,False,149,1737419861000,1,3.200000047683716,0.0,145.65999755859374,,3461278113,,,176.0,{'summarizedDiveGases': []},,GARMIN,,4,,,385.0,AEROBIC_BASE,78.30393981933594,139.7429962158203,IMPROVING_AEROBIC_BASE_8,NO_ANAEROBIC_BENEFIT_0,"[{'noOfSplits': 8, 'duration': 11.00100040435791, 'splitType': 'RWD_STAND', 'numClimbSends': 0, 'maxDistance': 0, 'distance': 0.0, 'averageSpeed': 0.0, 'maxSpeed': 0.0, 'numFalls': 0}, {'noOfSplits': 1, 'duration': 1392.91796875, 'splitType': 'INTERVAL_ACTIVE', 'numClimbSends': 0, 'maxDistance': 5375, 'distance': 5375.0400390625, 'averageSpeed': 3.8589999675750732, 'maxSpeed': 5.440000057220459, 'numFalls': 0}, {'noOfSplits': 4, 'duration': 1346.89404296875, 'splitType': 'RWD_RUN', 'numClimbSends': 0, 'maxDistance': 4106, 'distance': 5359.0400390625, 'averageSpeed': 3.9790000915527344, 'maxSpeed': 5.440000057220459, 'numFalls': 0}, {'noOfSplits': 7, 'duration': 34.999000549316406, 'splitType': 'RWD_WALK', 'numClimbSends': 0, 'maxDistance': 13, 'distance': 16.0, 'averageSpeed': 0.4569999873638153, 'maxSpeed': 1.5490000247955322, 'numFalls': 0}]",True,0,20,-5.0,False,13.001,118.0,865.0,365.019,0.0,False,False,False,False,False,False,False,False,False,396.0,534.0,411.0,10.640000152587891,247.1999969482422,7.400000095367432,,,,,75.004,116.995,925.004,129.997,4.0,,,,,,,
18038965037,Concord - Base,2025-01-18 12:46:40,2025-01-18 17:46:40,"{'typeId': 1, 'typeKey': 'running', 'parentTypeId': 17, 'isHidden': False, 'trimmable': True, 'restricted': False}","{'typeId': 9, 'typeKey': 'uncategorized', 'sortOrder': 10}",10004.7900390625,2765.337890625,2765.337890625,2762.801025390625,72.0,85.0,3.6180000305175786,4.1519999504089355,43.26126982457936,-71.52075821533799,True,False,118790142,ae52ea07-2874-4bde-8648-ac48be0f708d,Riley King,https://s3.amazonaws.com/garmin-connect-prod/profile_images/249fcc8d-9898-4d4a-abf5-ba07581a6fcd-prth.png,https://s3.amazonaws.com/garmin-connect-prod/profile_images/249fcc8d-9898-4d4a-abf5-ba07581a6fcd-prfr.png,https://s3.amazonaws.com/garmin-connect-prod/profile_images/249fcc8d-9898-4d4a-abf5-ba07581a6fcd-prof.png,694.0,69.0,152.0,174.0,169.765625,179.0,7792.0,"['SCOPE_GOLF_API_READ', 'SCOPE_ATP_READ', 'SCOPE_DIVE_API_WRITE', 'SCOPE_COMMUNITY_COURSE_ADMIN_READ', 'SCOPE_DIVE_API_READ', 'SCOPE_DI_OAUTH_2_CLIENT_READ', 'SCOPE_CONNECT_WRITE', 'SCOPE_COMMUNITY_COURSE_WRITE', 'SCOPE_MESSAGE_GENERATION_READ', 'SCOPE_DI_OAUTH_2_CLIENT_REVOCATION_ADMIN', 'SCOPE_CONNECT_WEB_TEMPLATE_RENDER', 'SCOPE_OMT_SUBSCRIPTION_ADMIN_READ', 'SCOPE_CONNECT_NON_SOCIAL_SHARED_READ', 'SCOPE_CONNECT_READ', 'SCOPE_DI_OAUTH_2_TOKEN_ADMIN', 'ROLE_CONNECTUSER', 'ROLE_FITNESS_USER', 'ROLE_WELLNESS_USER']","{'typeId': 4, 'typeKey': 'groups'}",False,False,149,1737222400000,1,4.099999904632568,0.0,128.56999511718752,59.0,3461278113,70.0,112.19999694824219,179.0,{'summarizedDiveGases': []},0.5999984741210938,GARMIN,Concord,8,43.258553417399526,-71.52233367785811,767.0,TEMPO,146.51498413085938,5.3379998207092285,HIGHLY_IMPROVING_AEROBIC_FITNESS_3,NO_ANAEROBIC_BENEFIT_0,"[{'noOfSplits': 1, 'totalAscent': 72.0, 'duration': 2765.337890625, 'splitType': 'INTERVAL_ACTIVE', 'numClimbSends': 0, 'maxElevationGain': 72.0, 'averageElevationGain': 72.0, 'maxDistance': 10004, 'distance': 10004.7900390625, 'averageSpeed': 3.618000030517578, 'maxSpeed': 4.1519999504089355, 'numFalls': 0, 'elevationLoss': 85.0}, {'noOfSplits': 1, 'totalAscent': 72.0, 'duration': 2765.318115234375, 'splitType': 'RWD_RUN', 'numClimbSends': 0, 'maxElevationGain': 72.0, 'averageElevationGain': 72.0, 'maxDistance': 10004, 'distance': 10004.7900390625, 'averageSpeed': 3.618000030517578, 'maxSpeed': 4.1519999504089355, 'numFalls': 0, 'elevationLoss': 85.0}]",True,1,44,-15.0,False,32.0,164.0,1232.685,1312.989,0.0,False,False,False,False,False,False,False,False,False,395.0,593.0,405.0,9.8,249.10000610351562,7.630000114440918,3.6530001163482666,260.00201416015625,423.5799865722656,1351.7650146484375,505.697,1071.984,837.984,188.009,114.0,3461278113.0,2765.337890625,,,,,
18029522828,Concord Walking,2025-01-17 12:04:17,2025-01-17 17:04:17,"{'typeId': 9, 'typeKey': 'walking', 'parentTypeId': 17, 'isHidden': False, 'trimmable': True, 'restricted': False}","{'typeId': 9, 'typeKey': 'uncategorized', 'sortOrder': 10}",7694.0498046875,4900.033203125,4900.033203125,4885.0,62.0,74.0,1.5700000524520874,2.0250000953674316,43.261377699673176,-71.52089106850326,True,False,118790142,ae52ea07-2874-4bde-8648-ac48be0f708d,Riley King,https://s3.amazonaws.com/garmin-connect-prod/profile_images/249fcc8d-9898-4d4a-abf5-ba07581a6fcd-prth.png,https://s3.amazonaws.com/garmin-connect-prod/profile_images/249fcc8d-9898-4d4a-abf5-ba07581a6fcd-prfr.png,https://s3.amazonaws.com/garmin-connect-prod/profile_images/249fcc8d-9898-4d4a-abf5-ba07581a6fcd-prof.png,465.0,122.0,85.0,107.0,113.609375,236.0,9296.0,"['SCOPE_GOLF_API_READ', 'SCOPE_ATP_READ', 'SCOPE_DIVE_API_WRITE', 'SCOPE_COMMUNITY_COURSE_ADMIN_READ', 'SCOPE_DIVE_API_READ', 'SCOPE_DI_OAUTH_2_CLIENT_READ', 'SCOPE_CONNECT_WRITE', 'SCOPE_COMMUNITY_COURSE_WRITE', 'SCOPE_MESSAGE_GENERATION_READ', 'SCOPE_DI_OAUTH_2_CLIENT_REVOCATION_ADMIN', 'SCOPE_CONNECT_WEB_TEMPLATE_RENDER', 'SCOPE_OMT_SUBSCRIPTION_ADMIN_READ', 'SCOPE_CONNECT_NON_SOCIAL_SHARED_READ', 'SCOPE_CONNECT_READ', 'SCOPE_DI_OAUTH_2_TOKEN_ADMIN', 'ROLE_CONNECTUSER', 'ROLE_FITNESS_USER', 'ROLE_WELLNESS_USER']","{'typeId': 4, 'typeKey': 'groups'}",False,False,149,1737133457000,11,1.399999976158142,0.0,82.89968963015599,59.0,3461278113,92.19999694824219,118.5999984741211,236.0,{'summarizedDiveGases': []},0.3000011444091797,GARMIN,Concord,5,43.2515003811568,-71.52357621118426,544.0,RECOVERY,14.923019409179688,741.64599609375,RECOVERY_5,NO_ANAEROBIC_BENEFIT_0,[],False,78,0,-9.0,False,158.999,0.0,0.0,0.0,0.0,False,False,False,False,False,False,False,False,False,,,,,,,,,,,,,,,,,,,,,,
18021665732,Concord Running,2025-01-16 14:14:15,2025-01-16 19:14:15,"{'typeId': 1, 'typeKey': 'running', 'parentTypeId': 17, 'isHidden': False, 'trimmable': True, 'restricted': False}","{'typeId': 9, 'typeKey': 'uncategorized', 'sortOrder': 10}",6247.85009765625,1860.2960205078125,1860.2960205078125,1857.8490295410156,102.0,98.0,3.3589999675750737,4.804999828338623,43.261296059936285,-71.52078797109425,True,False,118790142,ae52ea07-2874-4bde-8648-ac48be0f708d,Riley King,https://s3.amazonaws.com/garmin-connect-prod/profile_images/249fcc8d-9898-4d4a-abf5-ba07581a6fcd-prth.png,https://s3.amazonaws.com/garmin-connect-prod/profile_images/249fcc8d-9898-4d4a-abf5-ba07581a6fcd-prfr.png,https://s3.amazonaws.com/garmin-connect-prod/profile_images/249fcc8d-9898-4d4a-abf5-ba07581a6fcd-prof.png,434.0,46.0,142.0,167.0,168.625,177.0,5182.0,"['SCOPE_GOLF_API_READ', 'SCOPE_ATP_READ', 'SCOPE_DIVE_API_WRITE', 'SCOPE_COMMUNITY_COURSE_ADMIN_READ', 'SCOPE_DIVE_API_READ', 'SCOPE_DI_OAUTH_2_CLIENT_READ', 'SCOPE_CONNECT_WRITE', 'SCOPE_COMMUNITY_COURSE_WRITE', 'SCOPE_MESSAGE_GENERATION_READ', 'SCOPE_DI_OAUTH_2_CLIENT_REVOCATION_ADMIN', 'SCOPE_CONNECT_WEB_TEMPLATE_RENDER', 'SCOPE_OMT_SUBSCRIPTION_ADMIN_READ', 'SCOPE_CONNECT_NON_SOCIAL_SHARED_READ', 'SCOPE_CONNECT_READ', 'SCOPE_DI_OAUTH_2_TOKEN_ADMIN', 'ROLE_CONNECTUSER', 'ROLE_FITNESS_USER', 'ROLE_WELLNESS_USER']","{'typeId': 4, 'typeKey': 'groups'}",False,False,149,1737054855000,1,3.200000047683716,0.5,119.96999511718751,59.0,3461278113,115.4000015258789,175.8000030517578,177.0,{'summarizedDiveGases': []},0.600006103515625,GARMIN,Concord,4,43.26137635856867,-71.52080272324383,515.0,AEROBIC_BASE,85.60006713867188,347.8139953613281,IMPROVING_AEROBIC_BASE_8,NO_ANAEROBIC_BENEFIT_0,"[{'noOfSplits': 1, 'totalAscent': 102.0, 'duration': 1860.2960205078125, 'splitType': 'INTERVAL_ACTIVE', 'numClimbSends': 0, 'maxElevationGain': 102.0, 'averageElevationGain': 34.0, 'maxDistance': 6247, 'distance': 6247.85009765625, 'averageSpeed': 3.3589999675750732, 'maxSpeed': 4.804999828338623, 'numFalls': 0, 'elevationLoss': 98.0}, {'noOfSplits': 1, 'totalAscent': 102.0, 'duration': 1860.26904296875, 'splitType': 'RWD_RUN', 'numClimbSends': 0, 'maxElevationGain': 102.0, 'averageElevationGain': 102.0, 'maxDistance': 6247, 'distance': 6247.85009765625, 'averageSpeed': 3.3589999675750732, 'maxSpeed': 4.804999828338623, 'numFalls': 0, 'elevationLoss': 98.0}]",True,1,29,-8.0,False,8.0,422.997,1107.993,291.895,0.0,False,False,False,False,False,False,False,False,False,370.0,558.0,392.0,9.5,256.70001220703125,7.989999771118164,3.440000057220459,226.572998046875,402.3890075683594,1454.85302734375,643.996,360.995,220.005,250.0,113.996,,,,,,,
18013836948,Concord Walking,2025-01-15 15:46:15,2025-01-15 20:46:15,"{'typeId': 9, 'typeKey': 'walking', 'parentTypeId': 17, 'isHidden': False, 'trimmable': True, 'restricted': False}","{'typeId': 9, 'typeKey': 'uncategorized', 'sortOrder': 10}",8489.9501953125,5256.7900390625,5256.7900390625,4930.382019042969,52.0,83.0,1.6150000095367434,2.7060000896453853,43.26140125282109,-71.52094940654933,True,False,118790142,ae52ea07-2874-4bde-8648-ac48be0f708d,Riley King,https://s3.amazonaws.com/garmin-connect-prod/profile_images/249fcc8d-9898-4d4a-abf5-ba07581a6fcd-prth.png,https://s3.amazonaws.com/garmin-connect-prod/profile_images/249fcc8d-9898-4d4a-abf5-ba07581a6fcd-prfr.png,https://s3.amazonaws.com/garmin-connect-prod/profile_images/249fcc8d-9898-4d4a-abf5-ba07581a6fcd-prof.png,531.0,131.0,90.0,112.0,112.375,247.0,9870.0,"['SCOPE_GOLF_API_READ', 'SCOPE_ATP_READ', 'SCOPE_DIVE_API_WRITE', 'SCOPE_COMMUNITY_COURSE_ADMIN_READ', 'SCOPE_DIVE_API_READ', 'SCOPE_DI_OAUTH_2_CLIENT_READ', 'SCOPE_CONNECT_WRITE', 'SCOPE_COMMUNITY_COURSE_WRITE', 'SCOPE_MESSAGE_GENERATION_READ', 'SCOPE_DI_OAUTH_2_CLIENT_REVOCATION_ADMIN', 'SCOPE_CONNECT_WEB_TEMPLATE_RENDER', 'SCOPE_OMT_SUBSCRIPTION_ADMIN_READ', 'SCOPE_CONNECT_NON_SOCIAL_SHARED_READ', 'SCOPE_CONNECT_READ', 'SCOPE_DI_OAUTH_2_TOKEN_ADMIN', 'ROLE_CONNECTUSER', 'ROLE_FITNESS_USER', 'ROLE_WELLNESS_USER']","{'typeId': 4, 'typeKey': 'groups'}",False,False,149,1736973975000,11,1.7999999523162842,0.0,86.38892865008827,59.0,3461278113,73.80000305175781,117.80000305175781,247.0,{'summarizedDiveGases': []},0.5,GARMIN,Concord,6,43.20212527178228,-71.53431141749024,498.0,RECOVERY,18.078460693359375,460.57000732421875,RECOVERY_5,NO_ANAEROBIC_BENEFIT_0,[],False,83,0,-5.0,False,580.236,0.0,0.0,0.0,0.0,False,False,False,False,False,False,False,False,False,,,,,,,,,,,,,,,,,,,,,,
17994165566,Concord Walking,2025-01-13 12:44:49,2025-01-13 17:44:49,"{'typeId': 9, 'typeKey': 'walking', 'parentTypeId': 17, 'isHidden': False, 'trimmable': True, 'restricted': False}","{'typeId': 9, 'typeKey': 'uncategorized', 'sortOrder': 10}",8535.2802734375,5565.62890625,5565.62890625,5516.6900634765625,74.0,72.0,1.534000039100647,2.193000078201294,43.2614853233099,-71.52111989445984,True,False,118790142,ae52ea07-2874-4bde-8648-ac48be0f708d,Riley King,https://s3.amazonaws.com/garmin-connect-prod/profile_images/249fcc8d-9898-4d4a-abf5-ba07581a6fcd-prth.png,https://s3.amazonaws.com/garmin-connect-prod/profile_images/249fcc8d-9898-4d4a-abf5-ba07581a6fcd-prfr.png,https://s3.amazonaws.com/garmin-connect-prod/profile_images/249fcc8d-9898-4d4a-abf5-ba07581a6fcd-prof.png,522.0,138.0,88.0,103.0,113.359375,237.0,10524.0,"['SCOPE_GOLF_API_READ', 'SCOPE_ATP_READ', 'SCOPE_DIVE_API_WRITE', 'SCOPE_COMMUNITY_COURSE_ADMIN_READ', 'SCOPE_DIVE_API_READ', 'SCOPE_DI_OAUTH_2_CLIENT_READ', 'SCOPE_CONNECT_WRITE', 'SCOPE_COMMUNITY_COURSE_WRITE', 'SCOPE_MESSAGE_GENERATION_READ', 'SCOPE_DI_OAUTH_2_CLIENT_REVOCATION_ADMIN', 'SCOPE_CONNECT_WEB_TEMPLATE_RENDER', 'SCOPE_OMT_SUBSCRIPTION_ADMIN_READ', 'SCOPE_CONNECT_NON_SOCIAL_SHARED_READ', 'SCOPE_CONNECT_READ', 'SCOPE_DI_OAUTH_2_TOKEN_ADMIN', 'ROLE_CONNECTUSER', 'ROLE_FITNESS_USER', 'ROLE_WELLNESS_USER']","{'typeId': 4, 'typeKey': 'groups'}",False,False,149,1736790289000,11,1.600000023841858,0.0,81.22671061783257,58.0,3461278113,98.19999694824219,123.4000015258789,237.0,{'summarizedDiveGases': []},0.40000152587890625,GARMIN,Concord,6,43.26171205379069,-71.52115241624415,599.0,RECOVERY,16.528305053710938,345.73699951171875,RECOVERY_5,NO_ANAEROBIC_BENEFIT_0,[],False,89,0,-8.0,False,229.003,0.0,0.0,0.0,0.0,False,False,False,False,False,False,False,False,False,,,,,,,,,,,,,,,,,,,,,,
17985456277,Concord Walking,2025-01-12 12:32:04,2025-01-12 17:32:04,"{'typeId': 9, 'typeKey': 'walking', 'parentTypeId': 17, 'isHidden': False, 'trimmable': True, 'restricted': False}","{'typeId': 9, 'typeKey': 'uncategorized', 'sortOrder': 10}",3672.179931640625,2777.90087890625,2777.90087890625,2657.0,24.0,19.0,1.3220000267028809,1.8009999990463257,43.261073771864176,-71.52085301466286,True,False,118790142,ae52ea07-2874-4bde-8648-ac48be0f708d,Riley King,https://s3.amazonaws.com/garmin-connect-prod/profile_images/249fcc8d-9898-4d4a-abf5-ba07581a6fcd-prth.png,https://s3.amazonaws.com/garmin-connect-prod/profile_images/249fcc8d-9898-4d4a-abf5-ba07581a6fcd-prfr.png,https://s3.amazonaws.com/garmin-connect-prod/profile_images/249fcc8d-9898-4d4a-abf5-ba07581a6fcd-prof.png,230.0,69.0,80.0,106.0,102.09375,122.0,4874.0,"['SCOPE_GOLF_API_READ', 'SCOPE_ATP_READ', 'SCOPE_DIVE_API_WRITE', 'SCOPE_COMMUNITY_COURSE_ADMIN_READ', 'SCOPE_DIVE_API_READ', 'SCOPE_DI_OAUTH_2_CLIENT_READ', 'SCOPE_CONNECT_WRITE', 'SCOPE_COMMUNITY_COURSE_WRITE', 'SCOPE_MESSAGE_GENERATION_READ', 'SCOPE_DI_OAUTH_2_CLIENT_REVOCATION_ADMIN', 'SCOPE_CONNECT_WEB_TEMPLATE_RENDER', 'SCOPE_OMT_SUBSCRIPTION_ADMIN_READ', 'SCOPE_CONNECT_NON_SOCIAL_SHARED_READ', 'SCOPE_CONNECT_READ', 'SCOPE_DI_OAUTH_2_TOKEN_ADMIN', 'ROLE_CONNECTUSER', 'ROLE_FITNESS_USER', 'ROLE_WELLNESS_USER']","{'typeId': 4, 'typeKey': 'groups'}",False,False,149,1736703124000,11,0.6000000238418579,0.0,78.19354354467605,59.0,3461278113,99.0,122.5999984741211,122.0,{'summarizedDiveGases': []},0.25,GARMIN,Concord,3,43.26170434243977,-71.52119650505483,297.0,RECOVERY,5.991912841796875,397.6090087890625,RECOVERY_5,NO_ANAEROBIC_BENEFIT_0,[],False,31,0,-6.0,False,178.0,0.0,0.0,0.0,0.0,False,False,False,False,False,False,False,False,False,,,,,,,,,,,,,,,,,,,,,,
17968051249,Concord - Threshold,2025-01-10 15:20:20,2025-01-10 20:20:20,"{'typeId': 1, 'typeKey': 'running', 'parentTypeId': 17, 'isHidden': False, 'trimmable': True, 'restricted': False}","{'typeId': 9, 'typeKey': 'uncategorized', 'sortOrder': 10}",8628.759765625,2294.657958984375,2294.657958984375,2291.144989013672,73.0,69.0,3.759999990463257,4.580999851226807,43.26131399720907,-71.52078998275101,True,False,118790142,ae52ea07-2874-4bde-8648-ac48be0f708d,Riley King,https://s3.amazonaws.com/garmin-connect-prod/profile_images/249fcc8d-9898-4d4a-abf5-ba07581a6fcd-prth.png,https://s3.amazonaws.com/garmin-connect-prod/profile_images/249fcc8d-9898-4d4a-abf5-ba07581a6fcd-prfr.png,https://s3.amazonaws.com/garmin-connect-prod/profile_images/249fcc8d-9898-4d4a-abf5-ba07581a6fcd-prof.png,592.0,57.0,157.0,179.0,169.28125,177.0,6378.0,"['SCOPE_GOLF_API_READ', 'SCOPE_ATP_READ', 'SCOPE_DIVE_API_WRITE', 'SCOPE_COMMUNITY_COURSE_ADMIN_READ', 'SCOPE_DIVE_API_READ', 'SCOPE_DI_OAUTH_2_CLIENT_READ', 'SCOPE_CONNECT_WRITE', 'SCOPE_COMMUNITY_COURSE_WRITE', 'SCOPE_MESSAGE_GENERATION_READ', 'SCOPE_DI_OAUTH_2_CLIENT_REVOCATION_ADMIN', 'SCOPE_CONNECT_WEB_TEMPLATE_RENDER', 'SCOPE_OMT_SUBSCRIPTION_ADMIN_READ', 'SCOPE_CONNECT_NON_SOCIAL_SHARED_READ', 'SCOPE_CONNECT_READ', 'SCOPE_DI_OAUTH_2_TOKEN_ADMIN', 'ROLE_CONNECTUSER', 'ROLE_FITNESS_USER', 'ROLE_WELLNESS_USER']","{'typeId': 4, 'typeKey': 'groups'}",False,False,149,1736540420000,1,4.0,0.5,132.99000244140626,59.0,3461278113,98.19999694824219,117.80000305175781,177.0,{'summarizedDiveGases': []},1.4000015258789062,GARMIN,Concord,10,43.26132154092193,-71.52075729332864,637.0,TEMPO,144.76174926757812,14.657999992370605,HIGHLY_IMPACTING_TEMPO_23,NO_ANAEROBIC_BENEFIT_0,"[{'noOfSplits': 1, 'totalAscent': 2.0, 'duration': 120.0, 'splitType': 'INTERVAL_RECOVERY', 'numClimbSends': 0, 'maxElevationGain': 2.0, 'averageElevationGain': 2.0, 'maxDistance': 341, 'distance': 341.75, 'averageSpeed': 2.8480000495910645, 'maxSpeed': 3.871999979019165, 'numFalls': 0, 'elevationLoss': 6.0}, {'noOfSplits': 1, 'totalAscent': 22.0, 'duration': 614.6539916992188, 'splitType': 'INTERVAL_COOLDOWN', 'numClimbSends': 0, 'maxElevationGain': 22.0, 'averageElevationGain': 22.0, 'maxDistance': 2099, 'distance': 2099.85009765625, 'averageSpeed': 3.4159998893737793, 'maxSpeed': 4.244999885559082, 'numFalls': 0, 'elevationLoss': 14.0}, {'noOfSplits': 2, 'totalAscent': 32.0, 'duration': 960.0, 'splitType': 'INTERVAL_ACTIVE', 'numClimbSends': 0, 'maxElevationGain': 17.0, 'averageElevationGain': 16.0, 'maxDistance': 2036, 'distance': 4067.300048828125, 'averageSpeed': 4.236999988555908, 'maxSpeed': 4.580999851226807, 'numFalls': 0, 'elevationLoss': 24.0}, {'noOfSplits': 1, 'totalAscent': 17.0, 'duration': 600.0, 'splitType': 'INTERVAL_WARMUP', 'numClimbSends': 0, 'maxElevationGain': 17.0, 'averageElevationGain': 17.0, 'maxDistance': 2119, 'distance': 2119.8701171875, 'averageSpeed': 3.5329999923706055, 'maxSpeed': 3.9000000953674316, 'numFalls': 0, 'elevationLoss': 25.0}, {'noOfSplits': 1, 'totalAscent': 73.0, 'duration': 2294.637939453125, 'splitType': 'RWD_RUN', 'numClimbSends': 0, 'maxElevationGain': 73.0, 'averageElevationGain': 73.0, 'maxDistance': 8628, 'distance': 8628.759765625, 'averageSpeed': 3.759999990463257, 'maxSpeed': 4.580999851226807, 'numFalls': 0, 'elevationLoss': 69.0}]",True,1,36,-13.0,False,9.0,76.0,1123.121,948.516,120.995,False,False,False,False,False,False,False,False,False,406.0,633.0,419.0,9.91999969482422,245.89999389648438,7.519999980926514,3.7730000019073486,230.38600158691406,373.32598876953125,1253.114990234375,513.125,564.992,497.992,566.522,102.998,3461278113.0,,,,,,
17941309200,Concord - Threshold,2025-01-07 12:16:03,2025-01-07 17:16:03,"{'typeId': 1, 'typeKey': 'running', 'parentTypeId': 17, 'isHidden': False, 'trimmable': True, 'restricted': False}","{'typeId': 9, 'typeKey': 'uncategorized', 'sortOrder': 10}",11465.669921875,3139.59912109375,3231.4560546875,3125.304988861084,113.0,111.0,3.6519999504089355,4.591000080108643,43.261295054107904,-71.52079962193966,True,False,118790142,ae52ea07-2874-4bde-8648-ac48be0f708d,Riley King,https://s3.amazonaws.com/garmin-connect-prod/profile_images/249fcc8d-9898-4d4a-abf5-ba07581a6fcd-prth.png,https://s3.amazonaws.com/garmin-connect-prod/profile_images/249fcc8d-9898-4d4a-abf5-ba07581a6fcd-prfr.png,https://s3.amazonaws.com/garmin-connect-prod/profile_images/249fcc8d-9898-4d4a-abf5-ba07581a6fcd-prof.png,803.0,78.0,156.0,176.0,171.390625,188.0,8936.0,"['SCOPE_GOLF_API_READ', 'SCOPE_ATP_READ', 'SCOPE_DIVE_API_WRITE', 'SCOPE_COMMUNITY_COURSE_ADMIN_READ', 'SCOPE_DIVE_API_READ', 'SCOPE_DI_OAUTH_2_CLIENT_READ', 'SCOPE_CONNECT_WRITE', 'SCOPE_COMMUNITY_COURSE_WRITE', 'SCOPE_MESSAGE_GENERATION_READ', 'SCOPE_DI_OAUTH_2_CLIENT_REVOCATION_ADMIN', 'SCOPE_CONNECT_WEB_TEMPLATE_RENDER', 'SCOPE_OMT_SUBSCRIPTION_ADMIN_READ', 'SCOPE_CONNECT_NON_SOCIAL_SHARED_READ', 'SCOPE_CONNECT_READ', 'SCOPE_DI_OAUTH_2_TOKEN_ADMIN', 'ROLE_CONNECTUSER', 'ROLE_FITNESS_USER', 'ROLE_WELLNESS_USER']","{'typeId': 4, 'typeKey': 'groups'}",False,False,149,1736270163000,1,4.400000095367432,0.0,128.0199951171875,59.0,3461278113,99.5999984741211,122.19999694824219,188.0,{'summarizedDiveGases': []},1.8000030517578125,GARMIN,Concord,13,43.261705515906215,-71.52114177122712,868.0,AEROBIC_BASE,168.262451171875,12.54800033569336,HIGHLY_IMPROVING_AEROBIC_ENDURANCE_10,NO_ANAEROBIC_BENEFIT_0,"[{'noOfSplits': 1, 'totalAscent': 17.0, 'duration': 600.0, 'splitType': 'INTERVAL_WARMUP', 'numClimbSends': 0, 'maxElevationGain': 17.0, 'averageElevationGain': 17.0, 'maxDistance': 2108, 'distance': 2108.93994140625, 'averageSpeed': 3.515000104904175, 'maxSpeed': 4.14300012588501, 'numFalls': 0, 'elevationLoss': 28.0}, {'noOfSplits': 3, 'totalAscent': 0.0, 'duration': 5.442999839782715, 'splitType': 'RWD_STAND', 'numClimbSends': 0, 'maxElevationGain': 0.0, 'averageElevationGain': 0.0, 'maxDistance': 1, 'distance': 1.559999942779541, 'averageSpeed': 0.28700000047683716, 'maxSpeed': 0.0, 'numFalls': 0, 'elevationLoss': 0.0}, {'noOfSplits': 3, 'totalAscent': 45.0, 'duration': 1260.0, 'splitType': 'INTERVAL_ACTIVE', 'numClimbSends': 0, 'maxElevationGain': 24.0, 'averageElevationGain': 15.0, 'maxDistance': 1712, 'distance': 5034.85986328125, 'averageSpeed': 3.996000051498413, 'maxSpeed': 4.591000080108643, 'numFalls': 0, 'elevationLoss': 47.0}, {'noOfSplits': 2, 'totalAscent': 4.0, 'duration': 240.0, 'splitType': 'INTERVAL_RECOVERY', 'numClimbSends': 0, 'maxElevationGain': 2.0, 'averageElevationGain': 2.0, 'maxDistance': 367, 'distance': 732.6799926757812, 'averageSpeed': 3.052999973297119, 'maxSpeed': 3.6670000553131104, 'numFalls': 0, 'elevationLoss': 8.0}, {'noOfSplits': 1, 'totalAscent': 47.0, 'duration': 1039.595947265625, 'splitType': 'INTERVAL_COOLDOWN', 'numClimbSends': 0, 'maxElevationGain': 47.0, 'averageElevationGain': 47.0, 'maxDistance': 3589, 'distance': 3589.199951171875, 'averageSpeed': 3.4519999027252197, 'maxSpeed': 4.171000003814697, 'numFalls': 0, 'elevationLoss': 28.0}, {'noOfSplits': 2, 'totalAscent': 113.0, 'duration': 3133.14306640625, 'splitType': 'RWD_RUN', 'numClimbSends': 0, 'maxElevationGain': 97.0, 'averageElevationGain': 56.0, 'maxDistance': 10262, 'distance': 11464.1103515625, 'averageSpeed': 3.6589999198913574, 'maxSpeed': 4.591000080108643, 'numFalls': 0, 'elevationLoss': 111.0}, {'noOfSplits': 4, 'totalAscent': 0.0, 'duration': 1.0, 'splitType': 'RWD_WALK', 'numClimbSends': 0, 'maxElevationGain': 0.0, 'averageElevationGain': 0.0, 'maxDistance': 0, 'distance': 0.0, 'averageSpeed': 0.0, 'maxSpeed': 0.0, 'numFalls': 0, 'elevationLoss': 0.0}]",True,0,50,-16.0,False,45.999,240.601,713.867,2118.905,0.0,False,False,False,False,False,False,False,False,False,398.0,697.0,412.0,9.55999984741211,244.39999389648438,7.510000228881836,3.693000078201294,234.18499755859375,391.59600830078125,1312.258056640625,677.667,993.647,733.527,458.602,162.994,3461278113.0,2700.405029296875,,,,,
17933992651,Concord Walking,2025-01-06 15:19:34,2025-01-06 20:19:34,"{'typeId': 9, 'typeKey': 'walking', 'parentTypeId': 17, 'isHidden': False, 'trimmable': True, 'restricted': False}","{'typeId': 9, 'typeKey': 'uncategorized', 'sortOrder': 10}",5069.93017578125,3176.60498046875,3176.60498046875,3172.696044921875,191.0,187.0,1.5959999561309814,2.8459999561309814,43.26145841740072,-71.52046375907958,True,False,118790142,ae52ea07-2874-4bde-8648-ac48be0f708d,Riley King,https://s3.amazonaws.com/garmin-connect-prod/profile_images/249fcc8d-9898-4d4a-abf5-ba07581a6fcd-prth.png,https://s3.amazonaws.com/garmin-connect-prod/profile_images/249fcc8d-9898-4d4a-abf5-ba07581a6fcd-prfr.png,https://s3.amazonaws.com/garmin-connect-prod/profile_images/249fcc8d-9898-4d4a-abf5-ba07581a6fcd-prof.png,325.0,79.0,98.0,128.0,115.140625,250.0,6256.0,"['SCOPE_GOLF_API_READ', 'SCOPE_ATP_READ', 'SCOPE_DIVE_API_WRITE', 'SCOPE_COMMUNITY_COURSE_ADMIN_READ', 'SCOPE_DIVE_API_READ', 'SCOPE_DI_OAUTH_2_CLIENT_READ', 'SCOPE_CONNECT_WRITE', 'SCOPE_COMMUNITY_COURSE_WRITE', 'SCOPE_MESSAGE_GENERATION_READ', 'SCOPE_DI_OAUTH_2_CLIENT_REVOCATION_ADMIN', 'SCOPE_CONNECT_WEB_TEMPLATE_RENDER', 'SCOPE_OMT_SUBSCRIPTION_ADMIN_READ', 'SCOPE_CONNECT_NON_SOCIAL_SHARED_READ', 'SCOPE_CONNECT_READ', 'SCOPE_DI_OAUTH_2_TOKEN_ADMIN', 'ROLE_CONNECTUSER', 'ROLE_FITNESS_USER', 'ROLE_WELLNESS_USER']","{'typeId': 4, 'typeKey': 'groups'}",False,False,149,1736194774000,11,1.100000023841858,0.0,83.03860930255281,59.0,3461278113,114.0,225.8000030517578,250.0,{'summarizedDiveGases': []},1.0,GARMIN,Concord,4,43.26172010041773,-71.52114151977003,336.0,RECOVERY,11.39056396484375,149.60299682617188,RECOVERY_5,NO_ANAEROBIC_BENEFIT_0,[],False,49,1,-5.0,False,1069.994,244.0,0.0,0.0,0.0,False,False,False,False,False,False,False,False,False,,,,,,,,,,,,,,,,,,,,,,
17900034201,Threshold,2025-01-02 15:19:32,2025-01-02 20:19:32,"{'typeId': 18, 'typeKey': 'treadmill_running', 'parentTypeId': 1, 'isHidden': False, 'trimmable': True, 'restricted': False}","{'typeId': 9, 'typeKey': 'uncategorized', 'sortOrder': 10}",8822.7001953125,2228.428955078125,2228.428955078125,2222.176010131836,,,3.9590001106262207,5.794000148773193,,,False,False,118790142,ae52ea07-2874-4bde-8648-ac48be0f708d,Riley King,https://s3.amazonaws.com/garmin-connect-prod/profile_images/249fcc8d-9898-4d4a-abf5-ba07581a6fcd-prth.png,https://s3.amazonaws.com/garmin-connect-prod/profile_images/249fcc8d-9898-4d4a-abf5-ba07581a6fcd-prfr.png,https://s3.amazonaws.com/garmin-connect-prod/profile_images/249fcc8d-9898-4d4a-abf5-ba07581a6fcd-prof.png,488.0,55.0,144.0,175.0,167.828125,178.0,6188.0,"['SCOPE_GOLF_API_READ', 'SCOPE_ATP_READ', 'SCOPE_DIVE_API_WRITE', 'SCOPE_COMMUNITY_COURSE_ADMIN_READ', 'SCOPE_DIVE_API_READ', 'SCOPE_DI_OAUTH_2_CLIENT_READ', 'SCOPE_CONNECT_WRITE', 'SCOPE_COMMUNITY_COURSE_WRITE', 'SCOPE_MESSAGE_GENERATION_READ', 'SCOPE_DI_OAUTH_2_CLIENT_REVOCATION_ADMIN', 'SCOPE_CONNECT_WEB_TEMPLATE_RENDER', 'SCOPE_OMT_SUBSCRIPTION_ADMIN_READ', 'SCOPE_CONNECT_NON_SOCIAL_SHARED_READ', 'SCOPE_CONNECT_READ', 'SCOPE_DI_OAUTH_2_TOKEN_ADMIN', 'ROLE_CONNECTUSER', 'ROLE_FITNESS_USER', 'ROLE_WELLNESS_USER']","{'typeId': 4, 'typeKey': 'groups'}",False,False,149,1735849172000,1,3.299999952316284,0.0,141.50999755859377,,3461278113,,,178.0,{'summarizedDiveGases': []},,GARMIN,,8,,,618.0,AEROBIC_BASE,88.79776000976562,128.4290008544922,IMPROVING_AEROBIC_BASE_8,NO_ANAEROBIC_BENEFIT_0,"[{'noOfSplits': 1, 'duration': 728.4249877929688, 'splitType': 'INTERVAL_COOLDOWN', 'numClimbSends': 0, 'maxDistance': 2597, 'distance': 2597.260009765625, 'averageSpeed': 3.565999984741211, 'maxSpeed': 4.580999851226807, 'numFalls': 0}, {'noOfSplits': 4, 'duration': 5.0, 'splitType': 'RWD_STAND', 'numClimbSends': 0, 'maxDistance': 0, 'distance': 0.0, 'averageSpeed': 0.0, 'maxSpeed': 0.0, 'numFalls': 0}, {'noOfSplits': 1, 'duration': 600.0, 'splitType': 'INTERVAL_WARMUP', 'numClimbSends': 0, 'maxDistance': 2090, 'distance': 2090.22998046875, 'averageSpeed': 3.4839999675750732, 'maxSpeed': 4.2170000076293945, 'numFalls': 0}, {'noOfSplits': 2, 'duration': 2223.408935546875, 'splitType': 'RWD_RUN', 'numClimbSends': 0, 'maxDistance': 8822, 'distance': 8822.7001953125, 'averageSpeed': 3.9679999351501465, 'maxSpeed': 5.794000148773193, 'numFalls': 0}, {'noOfSplits': 1, 'duration': 900.0, 'splitType': 'INTERVAL_ACTIVE', 'numClimbSends': 0, 'maxDistance': 4135, 'distance': 4135.22021484375, 'averageSpeed': 4.59499979019165, 'maxSpeed': 5.794000148773193, 'numFalls': 0}]",True,1,33,-9.0,False,36.0,551.996,799.225,805.989,0.0,False,False,False,False,False,False,False,False,False,400.0,558.0,411.0,10.240000152587891,242.60000610351562,7.340000152587891,,,,,459.241,613.968,421.002,607.999,60.0,3461278113.0,,,,,,
17899300941,Concord Walking,2025-01-02 13:50:47,2025-01-02 18:50:47,"{'typeId': 9, 'typeKey': 'walking', 'parentTypeId': 17, 'isHidden': False, 'trimmable': True, 'restricted': False}","{'typeId': 9, 'typeKey': 'uncategorized', 'sortOrder': 10}",1841.75,1193.988037109375,1193.988037109375,1187.0,39.0,33.0,1.5429999828338625,1.847000002861023,43.261206625029445,-71.5207373443991,True,False,118790142,ae52ea07-2874-4bde-8648-ac48be0f708d,Riley King,https://s3.amazonaws.com/garmin-connect-prod/profile_images/249fcc8d-9898-4d4a-abf5-ba07581a6fcd-prth.png,https://s3.amazonaws.com/garmin-connect-prod/profile_images/249fcc8d-9898-4d4a-abf5-ba07581a6fcd-prfr.png,https://s3.amazonaws.com/garmin-connect-prod/profile_images/249fcc8d-9898-4d4a-abf5-ba07581a6fcd-prof.png,113.0,30.0,91.0,105.0,110.59375,119.0,2216.0,"['SCOPE_GOLF_API_READ', 'SCOPE_ATP_READ', 'SCOPE_DIVE_API_WRITE', 'SCOPE_COMMUNITY_COURSE_ADMIN_READ', 'SCOPE_DIVE_API_READ', 'SCOPE_DI_OAUTH_2_CLIENT_READ', 'SCOPE_CONNECT_WRITE', 'SCOPE_COMMUNITY_COURSE_WRITE', 'SCOPE_MESSAGE_GENERATION_READ', 'SCOPE_DI_OAUTH_2_CLIENT_REVOCATION_ADMIN', 'SCOPE_CONNECT_WEB_TEMPLATE_RENDER', 'SCOPE_OMT_SUBSCRIPTION_ADMIN_READ', 'SCOPE_CONNECT_NON_SOCIAL_SHARED_READ', 'SCOPE_CONNECT_READ', 'SCOPE_DI_OAUTH_2_TOKEN_ADMIN', 'ROLE_CONNECTUSER', 'ROLE_FITNESS_USER', 'ROLE_WELLNESS_USER']","{'typeId': 4, 'typeKey': 'groups'}",False,False,149,1735843847000,11,0.4000000059604645,0.0,83.67751580335164,59.0,3461278113,98.0,120.4000015258789,119.0,{'summarizedDiveGases': []},2.5999984741210938,GARMIN,Concord,2,43.26169244013727,-71.52114168740809,141.0,UNKNOWN,4.01397705078125,160.0449981689453,NO_AEROBIC_BENEFIT_18,NO_ANAEROBIC_BENEFIT_0,[],False,17,0,-1.0,False,153.786,0.0,0.0,0.0,0.0,False,False,False,False,False,False,False,False,False,,,,,,,,,,,,,,,,,,,,,,
17884605121,Concord Walking,2024-12-31 16:24:18,2024-12-31 21:24:18,"{'typeId': 9, 'typeKey': 'walking', 'parentTypeId': 17, 'isHidden': False, 'trimmable': True, 'restricted': False}","{'typeId': 9, 'typeKey': 'uncategorized', 'sortOrder': 10}",2332.7099609375,1540.7430419921875,1540.7430419921875,1445.0,7.0,8.0,1.5140000581741333,1.902999997138977,43.223098972812295,-71.53268625028431,True,False,118790142,ae52ea07-2874-4bde-8648-ac48be0f708d,Riley King,https://s3.amazonaws.com/garmin-connect-prod/profile_images/249fcc8d-9898-4d4a-abf5-ba07581a6fcd-prth.png,https://s3.amazonaws.com/garmin-connect-prod/profile_images/249fcc8d-9898-4d4a-abf5-ba07581a6fcd-prfr.png,https://s3.amazonaws.com/garmin-connect-prod/profile_images/249fcc8d-9898-4d4a-abf5-ba07581a6fcd-prof.png,141.0,38.0,74.0,89.0,107.21875,179.0,2852.0,"['SCOPE_GOLF_API_READ', 'SCOPE_ATP_READ', 'SCOPE_DIVE_API_WRITE', 'SCOPE_COMMUNITY_COURSE_ADMIN_READ', 'SCOPE_DIVE_API_READ', 'SCOPE_DI_OAUTH_2_CLIENT_READ', 'SCOPE_CONNECT_WRITE', 'SCOPE_COMMUNITY_COURSE_WRITE', 'SCOPE_MESSAGE_GENERATION_READ', 'SCOPE_DI_OAUTH_2_CLIENT_REVOCATION_ADMIN', 'SCOPE_CONNECT_WEB_TEMPLATE_RENDER', 'SCOPE_OMT_SUBSCRIPTION_ADMIN_READ', 'SCOPE_CONNECT_NON_SOCIAL_SHARED_READ', 'SCOPE_CONNECT_READ', 'SCOPE_DI_OAUTH_2_TOKEN_ADMIN', 'ROLE_CONNECTUSER', 'ROLE_FITNESS_USER', 'ROLE_WELLNESS_USER']","{'typeId': 4, 'typeKey': 'groups'}",False,False,149,1735680258000,11,0.30000001192092896,0.0,84.69281244406832,60.0,3461278113,67.0,73.19999694824219,179.0,{'summarizedDiveGases': []},0.1999969482421875,GARMIN,Concord,2,43.22336442768574,-71.53275992721319,141.0,UNKNOWN,3.6903076171875,532.6099853515625,NO_AEROBIC_BENEFIT_18,NO_ANAEROBIC_BENEFIT_0,[],False,18,0,-2.0,False,0.0,0.0,0.0,0.0,0.0,False,False,False,False,False,False,False,False,False,,,,,,,,,,,,,,,,,,,,,,
17876215703,Concord Trail Running,2024-12-30 15:29:56,2024-12-30 20:29:56,"{'typeId': 6, 'typeKey': 'trail_running', 'parentTypeId': 1, 'isHidden': False, 'trimmable': True, 'restricted': False}","{'typeId': 9, 'typeKey': 'uncategorized', 'sortOrder': 10}",8239.0302734375,3936.623046875,3936.623046875,3774.0139770507812,243.0,243.0,2.0929999351501465,4.9079999923706055,43.26140879653394,-71.52057574130595,True,False,118790142,ae52ea07-2874-4bde-8648-ac48be0f708d,Riley King,https://s3.amazonaws.com/garmin-connect-prod/profile_images/249fcc8d-9898-4d4a-abf5-ba07581a6fcd-prth.png,https://s3.amazonaws.com/garmin-connect-prod/profile_images/249fcc8d-9898-4d4a-abf5-ba07581a6fcd-prfr.png,https://s3.amazonaws.com/garmin-connect-prod/profile_images/249fcc8d-9898-4d4a-abf5-ba07581a6fcd-prof.png,673.0,98.0,129.0,148.0,141.625,200.0,9470.0,"['SCOPE_GOLF_API_READ', 'SCOPE_ATP_READ', 'SCOPE_DIVE_API_WRITE', 'SCOPE_COMMUNITY_COURSE_ADMIN_READ', 'SCOPE_DIVE_API_READ', 'SCOPE_DI_OAUTH_2_CLIENT_READ', 'SCOPE_CONNECT_WRITE', 'SCOPE_COMMUNITY_COURSE_WRITE', 'SCOPE_MESSAGE_GENERATION_READ', 'SCOPE_DI_OAUTH_2_CLIENT_REVOCATION_ADMIN', 'SCOPE_CONNECT_WEB_TEMPLATE_RENDER', 'SCOPE_OMT_SUBSCRIPTION_ADMIN_READ', 'SCOPE_CONNECT_NON_SOCIAL_SHARED_READ', 'SCOPE_CONNECT_READ', 'SCOPE_DI_OAUTH_2_TOKEN_ADMIN', 'ROLE_CONNECTUSER', 'ROLE_FITNESS_USER', 'ROLE_WELLNESS_USER']","{'typeId': 4, 'typeKey': 'groups'}",False,False,149,1735590596000,1,2.5999999046325684,0.20000000298023224,87.29000244140626,60.0,3461278113,114.80000305175781,236.60000610351562,200.0,{'summarizedDiveGases': []},1.0,GARMIN,Concord,6,43.26143612153828,-71.52091965079308,774.0,AEROBIC_BASE,47.38801574707031,68.47200012207031,MAINTAINING_AEROBIC_BASE_7,NO_ANAEROBIC_BENEFIT_0,"[{'noOfSplits': 1, 'totalAscent': 243.0, 'duration': 3936.623046875, 'splitType': 'INTERVAL_ACTIVE', 'numClimbSends': 0, 'maxElevationGain': 243.0, 'averageElevationGain': 81.0, 'maxDistance': 8239, 'distance': 8239.0302734375, 'averageSpeed': 2.0929999351501465, 'maxSpeed': 4.9079999923706055, 'numFalls': 0, 'elevationLoss': 243.0}, {'noOfSplits': 6, 'totalAscent': 0.0, 'duration': 134.00100708007812, 'splitType': 'RWD_STAND', 'numClimbSends': 0, 'maxElevationGain': 0.0, 'averageElevationGain': 0.0, 'maxDistance': 12, 'distance': 38.43000030517578, 'averageSpeed': 0.28700000047683716, 'maxSpeed': 0.0, 'numFalls': 0, 'elevationLoss': 0.0}, {'noOfSplits': 20, 'totalAscent': 169.0, 'duration': 3216.60693359375, 'splitType': 'RWD_RUN', 'numClimbSends': 0, 'maxElevationGain': 37.0, 'averageElevationGain': 8.0, 'maxDistance': 1079, 'distance': 7336.14990234375, 'averageSpeed': 2.2809998989105225, 'maxSpeed': 4.9079999923706055, 'numFalls': 0, 'elevationLoss': 239.0}, {'noOfSplits': 22, 'totalAscent': 73.0, 'duration': 585.9990234375, 'splitType': 'RWD_WALK', 'numClimbSends': 0, 'maxElevationGain': 30.0, 'averageElevationGain': 3.0, 'maxDistance': 256, 'distance': 864.4500122070312, 'averageSpeed': 1.475000023841858, 'maxSpeed': 2.2209999561309814, 'numFalls': 0, 'elevationLoss': 4.0}]",True,18,47,-13.0,False,102.001,2877.983,925.769,0.0,0.0,False,False,False,False,False,False,False,False,False,236.0,728.0,267.0,8.130000305175782,298.8999938964844,9.430000305175781,2.249000072479248,375.9779968261719,641.218017578125,2331.626953125,750.996,168.999,33.001,24.001,20.999,,,,,,,
17868822869,Base,2024-12-29 16:52:28,2024-12-29 21:52:28,"{'typeId': 18, 'typeKey': 'treadmill_running', 'parentTypeId': 1, 'isHidden': False, 'trimmable': True, 'restricted': False}","{'typeId': 9, 'typeKey': 'uncategorized', 'sortOrder': 10}",8746.83984375,2170.821044921875,2170.821044921875,2141.8509979248047,,,4.0289998054504395,5.729000091552734,,,False,False,118790142,ae52ea07-2874-4bde-8648-ac48be0f708d,Riley King,https://s3.amazonaws.com/garmin-connect-prod/profile_images/249fcc8d-9898-4d4a-abf5-ba07581a6fcd-prth.png,https://s3.amazonaws.com/garmin-connect-prod/profile_images/249fcc8d-9898-4d4a-abf5-ba07581a6fcd-prfr.png,https://s3.amazonaws.com/garmin-connect-prod/profile_images/249fcc8d-9898-4d4a-abf5-ba07581a6fcd-prof.png,521.0,54.0,147.0,179.0,166.90625,240.0,5988.0,"['SCOPE_GOLF_API_READ', 'SCOPE_ATP_READ', 'SCOPE_DIVE_API_WRITE', 'SCOPE_COMMUNITY_COURSE_ADMIN_READ', 'SCOPE_DIVE_API_READ', 'SCOPE_DI_OAUTH_2_CLIENT_READ', 'SCOPE_CONNECT_WRITE', 'SCOPE_COMMUNITY_COURSE_WRITE', 'SCOPE_MESSAGE_GENERATION_READ', 'SCOPE_DI_OAUTH_2_CLIENT_REVOCATION_ADMIN', 'SCOPE_CONNECT_WEB_TEMPLATE_RENDER', 'SCOPE_OMT_SUBSCRIPTION_ADMIN_READ', 'SCOPE_CONNECT_NON_SOCIAL_SHARED_READ', 'SCOPE_CONNECT_READ', 'SCOPE_DI_OAUTH_2_TOKEN_ADMIN', 'ROLE_CONNECTUSER', 'ROLE_FITNESS_USER', 'ROLE_WELLNESS_USER']","{'typeId': 4, 'typeKey': 'groups'}",False,False,149,1735509148000,1,3.5999999046325684,0.0,145.59000244140626,,3461278113,,,240.0,{'summarizedDiveGases': []},,GARMIN,,6,,,596.0,TEMPO,108.01300048828125,170.8820037841797,IMPROVING_AEROBIC_FITNESS_2,NO_ANAEROBIC_BENEFIT_0,"[{'noOfSplits': 1, 'duration': 2170.821044921875, 'splitType': 'INTERVAL_ACTIVE', 'numClimbSends': 0, 'maxDistance': 8746, 'distance': 8746.83984375, 'averageSpeed': 4.0289998054504395, 'maxSpeed': 5.729000091552734, 'numFalls': 0}, {'noOfSplits': 3, 'duration': 2141.801025390625, 'splitType': 'RWD_RUN', 'numClimbSends': 0, 'maxDistance': 8740, 'distance': 8740.51953125, 'averageSpeed': 4.080999851226807, 'maxSpeed': 5.729000091552734, 'numFalls': 0}, {'noOfSplits': 6, 'duration': 13.0, 'splitType': 'RWD_WALK', 'numClimbSends': 0, 'maxDistance': 5, 'distance': 6.329999923706055, 'averageSpeed': 0.4869999885559082, 'maxSpeed': 1.4279999732971191, 'numFalls': 0}, {'noOfSplits': 4, 'duration': 16.0, 'splitType': 'RWD_STAND', 'numClimbSends': 0, 'maxDistance': 0, 'distance': 0.0, 'averageSpeed': 0.0, 'maxSpeed': 0.0, 'numFalls': 0}]",True,2,33,-9.0,False,26.0,230.997,1294.417,374.991,189.002,False,False,False,False,False,False,False,False,False,411.0,555.0,421.0,10.36999969482422,238.1999969482422,7.190000057220459,,,,,90.997,379.988,1107.006,441.999,34.995,3461278113.0,,,,,,
17851763604,Concord Trail Running,2024-12-27 13:54:46,2024-12-27 18:54:46,"{'typeId': 6, 'typeKey': 'trail_running', 'parentTypeId': 1, 'isHidden': False, 'trimmable': True, 'restricted': False}","{'typeId': 9, 'typeKey': 'uncategorized', 'sortOrder': 10}",9664.7900390625,5010.39306640625,5010.39306640625,4592.385986328125,312.0,324.0,1.9290000200271606,3.6760001182556157,43.26150510460138,-71.5211152844131,True,False,118790142,ae52ea07-2874-4bde-8648-ac48be0f708d,Riley King,https://s3.amazonaws.com/garmin-connect-prod/profile_images/249fcc8d-9898-4d4a-abf5-ba07581a6fcd-prth.png,https://s3.amazonaws.com/garmin-connect-prod/profile_images/249fcc8d-9898-4d4a-abf5-ba07581a6fcd-prfr.png,https://s3.amazonaws.com/garmin-connect-prod/profile_images/249fcc8d-9898-4d4a-abf5-ba07581a6fcd-prof.png,770.0,124.0,118.0,142.0,133.171875,240.0,11344.0,"['SCOPE_GOLF_API_READ', 'SCOPE_ATP_READ', 'SCOPE_DIVE_API_WRITE', 'SCOPE_COMMUNITY_COURSE_ADMIN_READ', 'SCOPE_DIVE_API_READ', 'SCOPE_DI_OAUTH_2_CLIENT_READ', 'SCOPE_CONNECT_WRITE', 'SCOPE_COMMUNITY_COURSE_WRITE', 'SCOPE_MESSAGE_GENERATION_READ', 'SCOPE_DI_OAUTH_2_CLIENT_REVOCATION_ADMIN', 'SCOPE_CONNECT_WEB_TEMPLATE_RENDER', 'SCOPE_OMT_SUBSCRIPTION_ADMIN_READ', 'SCOPE_CONNECT_NON_SOCIAL_SHARED_READ', 'SCOPE_CONNECT_READ', 'SCOPE_DI_OAUTH_2_TOKEN_ADMIN', 'ROLE_CONNECTUSER', 'ROLE_FITNESS_USER', 'ROLE_WELLNESS_USER']","{'typeId': 4, 'typeKey': 'groups'}",False,False,149,1735325686000,1,2.5,0.0,86.4,,3461278113,113.80000305175781,301.79998779296875,240.0,{'summarizedDiveGases': []},1.0,GARMIN,Concord,7,43.26134501025081,-71.52079777792096,939.0,AEROBIC_BASE,40.5780029296875,4.330999851226807,MAINTAINING_AEROBIC_BASE_7,NO_ANAEROBIC_BENEFIT_0,"[{'noOfSplits': 1, 'totalAscent': 312.0, 'duration': 5010.39306640625, 'splitType': 'INTERVAL_ACTIVE', 'numClimbSends': 0, 'maxElevationGain': 312.0, 'averageElevationGain': 104.0, 'maxDistance': 9664, 'distance': 9664.7900390625, 'averageSpeed': 1.9290000200271606, 'maxSpeed': 3.6760001182556152, 'numFalls': 0, 'elevationLoss': 324.0}, {'noOfSplits': 26, 'totalAscent': 148.0, 'duration': 3391.37890625, 'splitType': 'RWD_RUN', 'numClimbSends': 0, 'maxElevationGain': 38.0, 'averageElevationGain': 6.0, 'maxDistance': 1387, 'distance': 7874.60986328125, 'averageSpeed': 2.322000026702881, 'maxSpeed': 3.6760001182556152, 'numFalls': 0, 'elevationLoss': 299.0}, {'noOfSplits': 35, 'totalAscent': 164.0, 'duration': 1262.9969482421875, 'splitType': 'RWD_WALK', 'numClimbSends': 0, 'maxElevationGain': 40.0, 'averageElevationGain': 5.0, 'maxDistance': 296, 'distance': 1701.47998046875, 'averageSpeed': 1.347000002861023, 'maxSpeed': 2.0899999141693115, 'numFalls': 0, 'elevationLoss': 24.0}, {'noOfSplits': 12, 'totalAscent': 0.0, 'duration': 356.0, 'splitType': 'RWD_STAND', 'numClimbSends': 0, 'maxElevationGain': 0.0, 'averageElevationGain': 0.0, 'maxDistance': 17, 'distance': 88.69999694824219, 'averageSpeed': 0.24899999797344208, 'maxSpeed': 0.0, 'numFalls': 0, 'elevationLoss': 0.0}]",True,25,53,-14.0,False,1148.994,3243.791,242.999,0.0,0.0,False,False,False,False,False,False,False,False,False,213.0,456.0,244.0,7.70999984741211,292.70001220703125,9.130000114440918,2.115999937057495,368.32598876953125,651.9459838867188,2370.6220703125,672.796,128.0,23.001,11.0,0.0,,,,,,,
17837354623,Treadmill Running,2024-12-25 17:31:06,2024-12-25 22:31:06,"{'typeId': 18, 'typeKey': 'treadmill_running', 'parentTypeId': 1, 'isHidden': False, 'trimmable': True, 'restricted': False}","{'typeId': 9, 'typeKey': 'uncategorized', 'sortOrder': 10}",9198.9296875,2550.4619140625,2550.4619140625,2526.084991455078,,,3.6070001125335693,4.515999794006348,,,False,False,118790142,ae52ea07-2874-4bde-8648-ac48be0f708d,Riley King,https://s3.amazonaws.com/garmin-connect-prod/profile_images/249fcc8d-9898-4d4a-abf5-ba07581a6fcd-prth.png,https://s3.amazonaws.com/garmin-connect-prod/profile_images/249fcc8d-9898-4d4a-abf5-ba07581a6fcd-prfr.png,https://s3.amazonaws.com/garmin-connect-prod/profile_images/249fcc8d-9898-4d4a-abf5-ba07581a6fcd-prof.png,538.0,63.0,137.0,157.0,163.90625,176.0,6958.0,"['SCOPE_GOLF_API_READ', 'SCOPE_ATP_READ', 'SCOPE_DIVE_API_WRITE', 'SCOPE_COMMUNITY_COURSE_ADMIN_READ', 'SCOPE_DIVE_API_READ', 'SCOPE_DI_OAUTH_2_CLIENT_READ', 'SCOPE_CONNECT_WRITE', 'SCOPE_COMMUNITY_COURSE_WRITE', 'SCOPE_MESSAGE_GENERATION_READ', 'SCOPE_DI_OAUTH_2_CLIENT_REVOCATION_ADMIN', 'SCOPE_CONNECT_WEB_TEMPLATE_RENDER', 'SCOPE_OMT_SUBSCRIPTION_ADMIN_READ', 'SCOPE_CONNECT_NON_SOCIAL_SHARED_READ', 'SCOPE_CONNECT_READ', 'SCOPE_DI_OAUTH_2_TOKEN_ADMIN', 'ROLE_CONNECTUSER', 'ROLE_FITNESS_USER', 'ROLE_WELLNESS_USER']","{'typeId': 4, 'typeKey': 'groups'}",False,False,149,1735165866000,1,2.700000047683716,0.0,132.95999755859376,,3461278113,,,176.0,{'summarizedDiveGases': []},,GARMIN,,6,,,702.0,AEROBIC_BASE,55.010406494140625,310.8810119628906,MAINTAINING_AEROBIC_BASE_7,NO_ANAEROBIC_BENEFIT_0,"[{'noOfSplits': 1, 'duration': 2550.4619140625, 'splitType': 'INTERVAL_ACTIVE', 'numClimbSends': 0, 'maxDistance': 9198, 'distance': 9198.9404296875, 'averageSpeed': 3.6070001125335693, 'maxSpeed': 4.515999794006348, 'numFalls': 0}, {'noOfSplits': 2, 'duration': 2519.0, 'splitType': 'RWD_RUN', 'numClimbSends': 0, 'maxDistance': 9184, 'distance': 9184.5302734375, 'averageSpeed': 3.6459999084472656, 'maxSpeed': 4.515999794006348, 'numFalls': 0}, {'noOfSplits': 3, 'duration': 23.441999435424805, 'splitType': 'RWD_WALK', 'numClimbSends': 0, 'maxDistance': 9, 'distance': 14.40999984741211, 'averageSpeed': 0.6150000095367432, 'maxSpeed': 2.015000104904175, 'numFalls': 0}, {'noOfSplits': 2, 'duration': 8.0, 'splitType': 'RWD_STAND', 'numClimbSends': 0, 'maxDistance': 0, 'distance': 0.0, 'averageSpeed': 0.0, 'maxSpeed': 0.0, 'numFalls': 0}]",True,1,40,-9.0,False,48.204,887.001,1590.247,25.0,0.0,False,False,False,False,False,False,False,False,False,372.0,484.0,380.0,10.20999984741211,255.0,7.75,,,,,426.999,1072.998,744.002,151.997,0.0,,,,,,,
17836644135,Concord Trail Running,2024-12-25 14:38:20,2024-12-25 19:38:20,"{'typeId': 6, 'typeKey': 'trail_running', 'parentTypeId': 1, 'isHidden': False, 'trimmable': True, 'restricted': False}","{'typeId': 9, 'typeKey': 'uncategorized', 'sortOrder': 10}",2676.02001953125,1486.7139892578125,1486.7139892578125,1486.3690185546875,33.0,143.0,1.7999999523162842,3.9100000858306885,43.26999840326607,-71.52118301019073,True,False,118790142,ae52ea07-2874-4bde-8648-ac48be0f708d,Riley King,https://s3.amazonaws.com/garmin-connect-prod/profile_images/249fcc8d-9898-4d4a-abf5-ba07581a6fcd-prth.png,https://s3.amazonaws.com/garmin-connect-prod/profile_images/249fcc8d-9898-4d4a-abf5-ba07581a6fcd-prfr.png,https://s3.amazonaws.com/garmin-connect-prod/profile_images/249fcc8d-9898-4d4a-abf5-ba07581a6fcd-prof.png,194.0,37.0,113.0,142.0,125.53125,247.0,3302.0,"['SCOPE_GOLF_API_READ', 'SCOPE_ATP_READ', 'SCOPE_DIVE_API_WRITE', 'SCOPE_COMMUNITY_COURSE_ADMIN_READ', 'SCOPE_DIVE_API_READ', 'SCOPE_DI_OAUTH_2_CLIENT_READ', 'SCOPE_CONNECT_WRITE', 'SCOPE_COMMUNITY_COURSE_WRITE', 'SCOPE_MESSAGE_GENERATION_READ', 'SCOPE_DI_OAUTH_2_CLIENT_REVOCATION_ADMIN', 'SCOPE_CONNECT_WEB_TEMPLATE_RENDER', 'SCOPE_OMT_SUBSCRIPTION_ADMIN_READ', 'SCOPE_CONNECT_NON_SOCIAL_SHARED_READ', 'SCOPE_CONNECT_READ', 'SCOPE_DI_OAUTH_2_TOKEN_ADMIN', 'ROLE_CONNECTUSER', 'ROLE_FITNESS_USER', 'ROLE_WELLNESS_USER']","{'typeId': 4, 'typeKey': 'groups'}",False,False,149,1735155500000,1,1.100000023841858,0.0,80.70999755859376,,3461278113,108.0,221.1999969482422,247.0,{'summarizedDiveGases': []},0.79998779296875,GARMIN,Concord,2,43.26168766245246,-71.52113866992295,174.0,RECOVERY,12.462387084960938,645.344970703125,RECOVERY_5,NO_ANAEROBIC_BENEFIT_0,"[{'noOfSplits': 1, 'totalAscent': 33.0, 'duration': 1486.7139892578125, 'splitType': 'INTERVAL_ACTIVE', 'numClimbSends': 0, 'maxElevationGain': 33.0, 'averageElevationGain': 11.0, 'maxDistance': 2676, 'distance': 2676.02001953125, 'averageSpeed': 1.7999999523162842, 'maxSpeed': 3.9100000858306885, 'numFalls': 0, 'elevationLoss': 143.0}, {'noOfSplits': 11, 'totalAscent': 16.0, 'duration': 677.0009765625, 'splitType': 'RWD_RUN', 'numClimbSends': 0, 'maxElevationGain': 14.0, 'averageElevationGain': 1.0, 'maxDistance': 902, 'distance': 1379.9000244140625, 'averageSpeed': 2.0380001068115234, 'maxSpeed': 3.9100000858306885, 'numFalls': 0, 'elevationLoss': 78.0}, {'noOfSplits': 12, 'totalAscent': 17.0, 'duration': 809.6929931640625, 'splitType': 'RWD_WALK', 'numClimbSends': 0, 'maxElevationGain': 9.0, 'averageElevationGain': 2.0, 'maxDistance': 281, 'distance': 1296.1199951171875, 'averageSpeed': 1.6009999513626099, 'maxSpeed': 2.127000093460083, 'numFalls': 0, 'elevationLoss': 65.0}]",True,12,10,-3.0,False,443.995,645.477,80.0,0.0,0.0,False,False,False,False,False,False,False,False,False,145.0,360.0,183.0,6.919999694824219,327.0,8.640000343322754,1.7510000467300415,485.4079895019531,840.6079711914062,,71.001,2.0,0.0,0.0,0.0,,,,,,,
17830511280,Concord Skating,2024-12-24 14:00:04,2024-12-24 19:00:04,"{'typeId': 168, 'typeKey': 'skating_ws', 'parentTypeId': 165, 'isHidden': False, 'trimmable': True, 'restricted': False}","{'typeId': 9, 'typeKey': 'uncategorized', 'sortOrder': 10}",4258.39013671875,2121.7490234375,2121.7490234375,1654.0,,,2.006999969482422,7.212999820709229,43.25517190620303,-71.52123003266752,True,False,118790142,ae52ea07-2874-4bde-8648-ac48be0f708d,Riley King,https://s3.amazonaws.com/garmin-connect-prod/profile_images/249fcc8d-9898-4d4a-abf5-ba07581a6fcd-prth.png,https://s3.amazonaws.com/garmin-connect-prod/profile_images/249fcc8d-9898-4d4a-abf5-ba07581a6fcd-prfr.png,https://s3.amazonaws.com/garmin-connect-prod/profile_images/249fcc8d-9898-4d4a-abf5-ba07581a6fcd-prof.png,347.0,53.0,122.0,170.0,,,1162.0,"['SCOPE_GOLF_API_READ', 'SCOPE_ATP_READ', 'SCOPE_DIVE_API_WRITE', 'SCOPE_COMMUNITY_COURSE_ADMIN_READ', 'SCOPE_DIVE_API_READ', 'SCOPE_DI_OAUTH_2_CLIENT_READ', 'SCOPE_CONNECT_WRITE', 'SCOPE_COMMUNITY_COURSE_WRITE', 'SCOPE_MESSAGE_GENERATION_READ', 'SCOPE_DI_OAUTH_2_CLIENT_REVOCATION_ADMIN', 'SCOPE_CONNECT_WEB_TEMPLATE_RENDER', 'SCOPE_OMT_SUBSCRIPTION_ADMIN_READ', 'SCOPE_CONNECT_NON_SOCIAL_SHARED_READ', 'SCOPE_CONNECT_READ', 'SCOPE_DI_OAUTH_2_TOKEN_ADMIN', 'ROLE_CONNECTUSER', 'ROLE_FITNESS_USER', 'ROLE_WELLNESS_USER']","{'typeId': 4, 'typeKey': 'groups'}",False,False,149,1735066804000,33,2.5999999046325684,1.399999976158142,,,3461278113,,,,{'summarizedDiveGases': []},,GARMIN,Concord,1,43.25518389232457,-71.52124973013997,299.0,AEROBIC_BASE,62.86997985839844,2121.7490234375,MAINTAINING_AEROBIC_FITNESS_1,MINOR_ANAEROBIC_BENEFIT_15,[],False,14,17,-6.0,False,726.311,286.997,539.999,257.003,0.0,False,False,False,False,False,False,False,False,False,,,,,,,,,,,,,,,,,,,,,,
17825069108,Treadmill Running,2024-12-23 20:53:37,2024-12-24 01:53:37,"{'typeId': 18, 'typeKey': 'treadmill_running', 'parentTypeId': 1, 'isHidden': False, 'trimmable': True, 'restricted': False}","{'typeId': 9, 'typeKey': 'uncategorized', 'sortOrder': 10}",12369.2099609375,3411.666015625,3855.014892578125,3364.615997314453,,,3.625999927520752,4.320000171661377,,,False,False,118790142,ae52ea07-2874-4bde-8648-ac48be0f708d,Riley King,https://s3.amazonaws.com/garmin-connect-prod/profile_images/249fcc8d-9898-4d4a-abf5-ba07581a6fcd-prth.png,https://s3.amazonaws.com/garmin-connect-prod/profile_images/249fcc8d-9898-4d4a-abf5-ba07581a6fcd-prfr.png,https://s3.amazonaws.com/garmin-connect-prod/profile_images/249fcc8d-9898-4d4a-abf5-ba07581a6fcd-prof.png,631.0,85.0,129.0,143.0,160.34375,169.0,9098.0,"['SCOPE_GOLF_API_READ', 'SCOPE_ATP_READ', 'SCOPE_DIVE_API_WRITE', 'SCOPE_COMMUNITY_COURSE_ADMIN_READ', 'SCOPE_DIVE_API_READ', 'SCOPE_DI_OAUTH_2_CLIENT_READ', 'SCOPE_CONNECT_WRITE', 'SCOPE_COMMUNITY_COURSE_WRITE', 'SCOPE_MESSAGE_GENERATION_READ', 'SCOPE_DI_OAUTH_2_CLIENT_REVOCATION_ADMIN', 'SCOPE_CONNECT_WEB_TEMPLATE_RENDER', 'SCOPE_OMT_SUBSCRIPTION_ADMIN_READ', 'SCOPE_CONNECT_NON_SOCIAL_SHARED_READ', 'SCOPE_CONNECT_READ', 'SCOPE_DI_OAUTH_2_TOKEN_ADMIN', 'ROLE_CONNECTUSER', 'ROLE_FITNESS_USER', 'ROLE_WELLNESS_USER']","{'typeId': 4, 'typeKey': 'groups'}",False,False,149,1735005217000,1,2.4000000953674316,0.0,136.44000244140625,,3461278113,,,169.0,{'summarizedDiveGases': []},,GARMIN,,8,,,944.0,AEROBIC_BASE,39.018951416015625,321.0379943847656,MAINTAINING_AEROBIC_BASE_7,NO_ANAEROBIC_BENEFIT_0,"[{'noOfSplits': 10, 'duration': 9.996000289916992, 'splitType': 'RWD_STAND', 'numClimbSends': 0, 'maxDistance': 0, 'distance': 0.0, 'averageSpeed': 0.0, 'maxSpeed': 0.0, 'numFalls': 0}, {'noOfSplits': 1, 'duration': 3411.666015625, 'splitType': 'INTERVAL_ACTIVE', 'numClimbSends': 0, 'maxDistance': 12369, 'distance': 12369.2099609375, 'averageSpeed': 3.625999927520752, 'maxSpeed': 4.320000171661377, 'numFalls': 0}, {'noOfSplits': 5, 'duration': 3361.248046875, 'splitType': 'RWD_RUN', 'numClimbSends': 0, 'maxDistance': 6541, 'distance': 12355.8603515625, 'averageSpeed': 3.6760001182556152, 'maxSpeed': 4.320000171661377, 'numFalls': 0}, {'noOfSplits': 12, 'duration': 40.4010009765625, 'splitType': 'RWD_WALK', 'numClimbSends': 0, 'maxDistance': 8, 'distance': 13.369999885559082, 'averageSpeed': 0.3310000002384186, 'maxSpeed': 2.1649999618530273, 'numFalls': 0}]",True,3,52,-13.0,False,25.175,2558.749,760.999,0.0,0.0,False,False,False,False,False,False,False,False,False,377.0,478.0,383.0,10.55999984741211,258.6000061035156,7.760000228881836,,,,,408.992,1541.972,1308.015,60.001,0.0,,,,,,,
17796811433,Treadmill Running,2024-12-19 14:58:01,2024-12-19 19:58:01,"{'typeId': 18, 'typeKey': 'treadmill_running', 'parentTypeId': 1, 'isHidden': False, 'trimmable': True, 'restricted': False}","{'typeId': 9, 'typeKey': 'uncategorized', 'sortOrder': 10}",7287.18994140625,1950.6409912109375,1950.6409912109375,1938.3999938964844,,,3.7360000610351562,5.794000148773193,,,False,False,118790142,ae52ea07-2874-4bde-8648-ac48be0f708d,Riley King,https://s3.amazonaws.com/garmin-connect-prod/profile_images/249fcc8d-9898-4d4a-abf5-ba07581a6fcd-prth.png,https://s3.amazonaws.com/garmin-connect-prod/profile_images/249fcc8d-9898-4d4a-abf5-ba07581a6fcd-prfr.png,https://s3.amazonaws.com/garmin-connect-prod/profile_images/249fcc8d-9898-4d4a-abf5-ba07581a6fcd-prof.png,397.0,48.0,134.0,170.0,162.375,177.0,5236.0,"['SCOPE_GOLF_API_READ', 'SCOPE_ATP_READ', 'SCOPE_DIVE_API_WRITE', 'SCOPE_COMMUNITY_COURSE_ADMIN_READ', 'SCOPE_DIVE_API_READ', 'SCOPE_DI_OAUTH_2_CLIENT_READ', 'SCOPE_CONNECT_WRITE', 'SCOPE_COMMUNITY_COURSE_WRITE', 'SCOPE_MESSAGE_GENERATION_READ', 'SCOPE_DI_OAUTH_2_CLIENT_REVOCATION_ADMIN', 'SCOPE_CONNECT_WEB_TEMPLATE_RENDER', 'SCOPE_OMT_SUBSCRIPTION_ADMIN_READ', 'SCOPE_CONNECT_NON_SOCIAL_SHARED_READ', 'SCOPE_CONNECT_READ', 'SCOPE_DI_OAUTH_2_TOKEN_ADMIN', 'ROLE_CONNECTUSER', 'ROLE_FITNESS_USER', 'ROLE_WELLNESS_USER']","{'typeId': 4, 'typeKey': 'groups'}",False,False,149,1734638281000,1,2.700000047683716,0.20000000298023224,138.8699951171875,,3461278113,,,177.0,{'summarizedDiveGases': []},,GARMIN,,5,,,540.0,AEROBIC_BASE,54.48553466796875,194.60699462890625,MAINTAINING_AEROBIC_FITNESS_1,NO_ANAEROBIC_BENEFIT_0,"[{'noOfSplits': 1, 'duration': 1950.6409912109375, 'splitType': 'INTERVAL_ACTIVE', 'numClimbSends': 0, 'maxDistance': 7287, 'distance': 7287.2001953125, 'averageSpeed': 3.7360000610351562, 'maxSpeed': 5.794000148773193, 'numFalls': 0}, {'noOfSplits': 3, 'duration': 1942.626953125, 'splitType': 'RWD_RUN', 'numClimbSends': 0, 'maxDistance': 7285, 'distance': 7285.02001953125, 'averageSpeed': 3.75, 'maxSpeed': 5.794000148773193, 'numFalls': 0}, {'noOfSplits': 3, 'duration': 8.0, 'splitType': 'RWD_WALK', 'numClimbSends': 0, 'maxDistance': 2, 'distance': 2.1700000762939453, 'averageSpeed': 0.2720000147819519, 'maxSpeed': 1.0729999542236328, 'numFalls': 0}]",True,0,31,-7.0,False,16.999,1528.995,71.001,310.667,0.0,False,False,False,False,False,False,False,False,False,385.0,544.0,392.0,10.580000305175782,255.89999389648438,7.690000057220459,,,,,242.995,814.014,534.984,281.002,18.999,,,,,,,
17782827988,Concord Running,2024-12-17 15:19:10,2024-12-17 20:19:10,"{'typeId': 1, 'typeKey': 'running', 'parentTypeId': 17, 'isHidden': False, 'trimmable': True, 'restricted': False}","{'typeId': 9, 'typeKey': 'uncategorized', 'sortOrder': 10}",7359.259765625,2103.528076171875,2103.528076171875,2102.8330078125,58.0,69.0,3.499000072479248,6.06500005722046,43.26125314459205,-71.5207748953253,True,False,118790142,ae52ea07-2874-4bde-8648-ac48be0f708d,Riley King,https://s3.amazonaws.com/garmin-connect-prod/profile_images/249fcc8d-9898-4d4a-abf5-ba07581a6fcd-prth.png,https://s3.amazonaws.com/garmin-connect-prod/profile_images/249fcc8d-9898-4d4a-abf5-ba07581a6fcd-prfr.png,https://s3.amazonaws.com/garmin-connect-prod/profile_images/249fcc8d-9898-4d4a-abf5-ba07581a6fcd-prof.png,514.0,52.0,153.0,179.0,162.375,240.0,5724.0,"['SCOPE_GOLF_API_READ', 'SCOPE_ATP_READ', 'SCOPE_DIVE_API_WRITE', 'SCOPE_COMMUNITY_COURSE_ADMIN_READ', 'SCOPE_DIVE_API_READ', 'SCOPE_DI_OAUTH_2_CLIENT_READ', 'SCOPE_CONNECT_WRITE', 'SCOPE_COMMUNITY_COURSE_WRITE', 'SCOPE_MESSAGE_GENERATION_READ', 'SCOPE_DI_OAUTH_2_CLIENT_REVOCATION_ADMIN', 'SCOPE_CONNECT_WEB_TEMPLATE_RENDER', 'SCOPE_OMT_SUBSCRIPTION_ADMIN_READ', 'SCOPE_CONNECT_NON_SOCIAL_SHARED_READ', 'SCOPE_CONNECT_READ', 'SCOPE_DI_OAUTH_2_TOKEN_ADMIN', 'ROLE_CONNECTUSER', 'ROLE_FITNESS_USER', 'ROLE_WELLNESS_USER']","{'typeId': 4, 'typeKey': 'groups'}",False,False,149,1734466750000,1,3.5999999046325684,0.5,127.29000244140626,60.0,3461278113,76.80000305175781,115.0,240.0,{'summarizedDiveGases': []},0.7999954223632812,GARMIN,Concord,5,43.24112861417234,-71.52723952196538,545.0,TEMPO,122.08770751953125,404.0880126953125,IMPACTING_TEMPO_22,NO_ANAEROBIC_BENEFIT_0,"[{'noOfSplits': 1, 'totalAscent': 58.0, 'duration': 2103.528076171875, 'splitType': 'INTERVAL_ACTIVE', 'numClimbSends': 0, 'maxElevationGain': 58.0, 'averageElevationGain': 19.0, 'maxDistance': 7359, 'distance': 7359.259765625, 'averageSpeed': 3.499000072479248, 'maxSpeed': 6.065000057220459, 'numFalls': 0, 'elevationLoss': 69.0}, {'noOfSplits': 1, 'totalAscent': 47.0, 'duration': 1896.0009765625, 'splitType': 'RWD_RUN', 'numClimbSends': 0, 'maxElevationGain': 47.0, 'averageElevationGain': 47.0, 'maxDistance': 7050, 'distance': 7050.080078125, 'averageSpeed': 3.7179999351501465, 'maxSpeed': 6.065000057220459, 'numFalls': 0, 'elevationLoss': 69.0}, {'noOfSplits': 1, 'totalAscent': 11.0, 'duration': 207.50599670410156, 'splitType': 'RWD_WALK', 'numClimbSends': 0, 'maxElevationGain': 11.0, 'averageElevationGain': 11.0, 'maxDistance': 309, 'distance': 309.17999267578125, 'averageSpeed': 1.4900000095367432, 'maxSpeed': 1.8380000591278076, 'numFalls': 0, 'elevationLoss': 0.0}]",True,1,31,-8.0,False,54.098,268.985,482.024,1225.988,44.994,False,False,False,False,False,False,False,False,False,374.0,644.0,402.0,9.540000152587892,247.5,7.53000020980835,3.5209999084472656,250.7169952392578,403.156005859375,1279.553955078125,150.939,636.009,658.023,264.008,99.01,,,,,,,
17781197635,Concord Hiking,2024-12-17 10:47:17,2024-12-17 15:47:17,"{'typeId': 3, 'typeKey': 'hiking', 'parentTypeId': 17, 'isHidden': False, 'trimmable': True, 'restricted': False}","{'typeId': 9, 'typeKey': 'uncategorized', 'sortOrder': 10}",8681.98046875,5698.28515625,5698.28515625,5470.0,331.0,325.0,1.5240000486373901,3.331000089645386,43.26145129278302,-71.52092417702079,True,False,118790142,ae52ea07-2874-4bde-8648-ac48be0f708d,Riley King,https://s3.amazonaws.com/garmin-connect-prod/profile_images/249fcc8d-9898-4d4a-abf5-ba07581a6fcd-prth.png,https://s3.amazonaws.com/garmin-connect-prod/profile_images/249fcc8d-9898-4d4a-abf5-ba07581a6fcd-prfr.png,https://s3.amazonaws.com/garmin-connect-prod/profile_images/249fcc8d-9898-4d4a-abf5-ba07581a6fcd-prof.png,584.0,142.0,104.0,142.0,107.5625,250.0,10740.0,"['SCOPE_GOLF_API_READ', 'SCOPE_ATP_READ', 'SCOPE_DIVE_API_WRITE', 'SCOPE_COMMUNITY_COURSE_ADMIN_READ', 'SCOPE_DIVE_API_READ', 'SCOPE_DI_OAUTH_2_CLIENT_READ', 'SCOPE_CONNECT_WRITE', 'SCOPE_COMMUNITY_COURSE_WRITE', 'SCOPE_MESSAGE_GENERATION_READ', 'SCOPE_DI_OAUTH_2_CLIENT_REVOCATION_ADMIN', 'SCOPE_CONNECT_WEB_TEMPLATE_RENDER', 'SCOPE_OMT_SUBSCRIPTION_ADMIN_READ', 'SCOPE_CONNECT_NON_SOCIAL_SHARED_READ', 'SCOPE_CONNECT_READ', 'SCOPE_DI_OAUTH_2_TOKEN_ADMIN', 'ROLE_CONNECTUSER', 'ROLE_FITNESS_USER', 'ROLE_WELLNESS_USER']","{'typeId': 4, 'typeKey': 'groups'}",False,False,149,1734450437000,17,1.899999976158142,0.0,84.98944409766897,,3461278113,117.0,308.3999938964844,250.0,{'summarizedDiveGases': []},0.8000030517578125,GARMIN,Concord,1,43.26167835853994,-71.52111394330859,684.0,RECOVERY,19.158309936523438,5698.28515625,RECOVERY_5,NO_ANAEROBIC_BENEFIT_0,[],False,51,13,-14.0,False,1948.986,1150.011,78.999,0.0,0.0,False,False,False,False,False,False,False,False,False,,,,,,,,,,,,,,,,,,,,,,
17767203264,Concord Hiking,2024-12-15 11:40:56,2024-12-15 16:40:56,"{'typeId': 3, 'typeKey': 'hiking', 'parentTypeId': 17, 'isHidden': False, 'trimmable': True, 'restricted': False}","{'typeId': 9, 'typeKey': 'uncategorized', 'sortOrder': 10}",2164.89990234375,1279.2080078125,1279.2080078125,1205.0,84.0,97.0,1.6920000314712524,2.5290000438690186,43.2681595813483,-71.53223329223692,True,False,118790142,ae52ea07-2874-4bde-8648-ac48be0f708d,Riley King,https://s3.amazonaws.com/garmin-connect-prod/profile_images/249fcc8d-9898-4d4a-abf5-ba07581a6fcd-prth.png,https://s3.amazonaws.com/garmin-connect-prod/profile_images/249fcc8d-9898-4d4a-abf5-ba07581a6fcd-prfr.png,https://s3.amazonaws.com/garmin-connect-prod/profile_images/249fcc8d-9898-4d4a-abf5-ba07581a6fcd-prof.png,175.0,32.0,113.0,140.0,122.3125,241.0,2706.0,"['SCOPE_GOLF_API_READ', 'SCOPE_ATP_READ', 'SCOPE_DIVE_API_WRITE', 'SCOPE_COMMUNITY_COURSE_ADMIN_READ', 'SCOPE_DIVE_API_READ', 'SCOPE_DI_OAUTH_2_CLIENT_READ', 'SCOPE_CONNECT_WRITE', 'SCOPE_COMMUNITY_COURSE_WRITE', 'SCOPE_MESSAGE_GENERATION_READ', 'SCOPE_DI_OAUTH_2_CLIENT_REVOCATION_ADMIN', 'SCOPE_CONNECT_WEB_TEMPLATE_RENDER', 'SCOPE_OMT_SUBSCRIPTION_ADMIN_READ', 'SCOPE_CONNECT_NON_SOCIAL_SHARED_READ', 'SCOPE_CONNECT_READ', 'SCOPE_DI_OAUTH_2_TOKEN_ADMIN', 'ROLE_CONNECTUSER', 'ROLE_FITNESS_USER', 'ROLE_WELLNESS_USER']","{'typeId': 4, 'typeKey': 'groups'}",False,False,149,1734280856000,17,1.2999999523162842,0.0,83.01891608112906,,3461278113,119.0,191.8000030517578,241.0,{'summarizedDiveGases': []},0.6999969482421875,GARMIN,Concord,1,43.2615421526134,-71.521159959957,140.0,RECOVERY,14.834274291992188,1279.2080078125,RECOVERY_5,NO_ANAEROBIC_BENEFIT_0,[],False,12,7,-3.0,False,746.123,386.085,46.999,0.0,0.0,False,False,False,False,False,False,False,False,False,,,,,,,,,,,,,,,,,,,,,,
17767055815,Concord Running,2024-12-15 11:01:20,2024-12-15 16:01:20,"{'typeId': 1, 'typeKey': 'running', 'parentTypeId': 17, 'isHidden': False, 'trimmable': True, 'restricted': False}","{'typeId': 9, 'typeKey': 'uncategorized', 'sortOrder': 10}",6542.85009765625,2351.6259765625,2351.6259765625,2350.7990112304688,68.0,53.0,2.7820000648498535,3.4149999618530273,43.26149135828018,-71.5211081597954,True,False,118790142,ae52ea07-2874-4bde-8648-ac48be0f708d,Riley King,https://s3.amazonaws.com/garmin-connect-prod/profile_images/249fcc8d-9898-4d4a-abf5-ba07581a6fcd-prth.png,https://s3.amazonaws.com/garmin-connect-prod/profile_images/249fcc8d-9898-4d4a-abf5-ba07581a6fcd-prfr.png,https://s3.amazonaws.com/garmin-connect-prod/profile_images/249fcc8d-9898-4d4a-abf5-ba07581a6fcd-prof.png,454.0,58.0,121.0,136.0,163.078125,174.0,6414.0,"['SCOPE_GOLF_API_READ', 'SCOPE_ATP_READ', 'SCOPE_DIVE_API_WRITE', 'SCOPE_COMMUNITY_COURSE_ADMIN_READ', 'SCOPE_DIVE_API_READ', 'SCOPE_DI_OAUTH_2_CLIENT_READ', 'SCOPE_CONNECT_WRITE', 'SCOPE_COMMUNITY_COURSE_WRITE', 'SCOPE_MESSAGE_GENERATION_READ', 'SCOPE_DI_OAUTH_2_CLIENT_REVOCATION_ADMIN', 'SCOPE_CONNECT_WEB_TEMPLATE_RENDER', 'SCOPE_OMT_SUBSCRIPTION_ADMIN_READ', 'SCOPE_CONNECT_NON_SOCIAL_SHARED_READ', 'SCOPE_CONNECT_READ', 'SCOPE_DI_OAUTH_2_TOKEN_ADMIN', 'ROLE_CONNECTUSER', 'ROLE_FITNESS_USER', 'ROLE_WELLNESS_USER']","{'typeId': 4, 'typeKey': 'groups'}",False,False,149,1734278480000,1,2.4000000953674316,0.0,101.82999877929689,,3461278113,101.0,143.0,174.0,{'summarizedDiveGases': []},0.8000030517578125,GARMIN,Concord,5,43.268108535557985,-71.53255767188966,541.0,AEROBIC_BASE,37.52064514160156,74.3759994506836,MAINTAINING_AEROBIC_BASE_7,NO_ANAEROBIC_BENEFIT_0,"[{'noOfSplits': 3, 'totalAscent': 28.0, 'duration': 231.56300354003906, 'splitType': 'RWD_WALK', 'numClimbSends': 0, 'maxElevationGain': 11.0, 'averageElevationGain': 9.0, 'maxDistance': 162, 'distance': 402.8399963378906, 'averageSpeed': 1.7400000095367432, 'maxSpeed': 2.183000087738037, 'numFalls': 0, 'elevationLoss': 0.0}, {'noOfSplits': 1, 'totalAscent': 68.0, 'duration': 2351.6259765625, 'splitType': 'INTERVAL_ACTIVE', 'numClimbSends': 0, 'maxElevationGain': 68.0, 'averageElevationGain': 23.0, 'maxDistance': 6542, 'distance': 6542.85009765625, 'averageSpeed': 2.7820000648498535, 'maxSpeed': 3.4149999618530273, 'numFalls': 0, 'elevationLoss': 53.0}, {'noOfSplits': 3, 'totalAscent': 40.0, 'duration': 2119.9990234375, 'splitType': 'RWD_RUN', 'numClimbSends': 0, 'maxElevationGain': 34.0, 'averageElevationGain': 13.0, 'maxDistance': 4893, 'distance': 6140.009765625, 'averageSpeed': 2.8959999084472656, 'maxSpeed': 3.4149999618530273, 'numFalls': 0, 'elevationLoss': 53.0}]",True,2,36,-12.0,False,208.0,2113.208,2.0,0.0,0.0,False,False,False,False,False,False,False,False,False,296.0,421.0,302.0,8.65999984741211,279.1000061035156,8.510000228881836,2.8239998817443848,330.3399963378906,543.0709838867188,1758.3399658203125,1522.999,115.998,16.999,0.0,0.0,,,,,,,
17760386980,Concord Hiking,2024-12-14 12:36:36,2024-12-14 17:36:36,"{'typeId': 3, 'typeKey': 'hiking', 'parentTypeId': 17, 'isHidden': False, 'trimmable': True, 'restricted': False}","{'typeId': 9, 'typeKey': 'uncategorized', 'sortOrder': 10}",5219.740234375,4288.30615234375,4288.30615234375,3735.0,193.0,187.0,1.2170000076293945,2.7060000896453853,43.26135691255331,-71.52069862000644,True,False,118790142,ae52ea07-2874-4bde-8648-ac48be0f708d,Riley King,https://s3.amazonaws.com/garmin-connect-prod/profile_images/249fcc8d-9898-4d4a-abf5-ba07581a6fcd-prth.png,https://s3.amazonaws.com/garmin-connect-prod/profile_images/249fcc8d-9898-4d4a-abf5-ba07581a6fcd-prfr.png,https://s3.amazonaws.com/garmin-connect-prod/profile_images/249fcc8d-9898-4d4a-abf5-ba07581a6fcd-prof.png,367.0,107.0,94.0,127.0,91.96875,246.0,6926.0,"['SCOPE_GOLF_API_READ', 'SCOPE_ATP_READ', 'SCOPE_DIVE_API_WRITE', 'SCOPE_COMMUNITY_COURSE_ADMIN_READ', 'SCOPE_DIVE_API_READ', 'SCOPE_DI_OAUTH_2_CLIENT_READ', 'SCOPE_CONNECT_WRITE', 'SCOPE_COMMUNITY_COURSE_WRITE', 'SCOPE_MESSAGE_GENERATION_READ', 'SCOPE_DI_OAUTH_2_CLIENT_REVOCATION_ADMIN', 'SCOPE_CONNECT_WEB_TEMPLATE_RENDER', 'SCOPE_OMT_SUBSCRIPTION_ADMIN_READ', 'SCOPE_CONNECT_NON_SOCIAL_SHARED_READ', 'SCOPE_CONNECT_READ', 'SCOPE_DI_OAUTH_2_TOKEN_ADMIN', 'ROLE_CONNECTUSER', 'ROLE_FITNESS_USER', 'ROLE_WELLNESS_USER']","{'typeId': 4, 'typeKey': 'groups'}",False,False,149,1734197796000,17,0.699999988079071,0.0,79.4097948292743,,3461278113,119.5999984741211,236.60000610351562,246.0,{'summarizedDiveGases': []},0.5999908447265625,GARMIN,Concord,1,43.2616267260164,-71.52129624970257,486.0,RECOVERY,7.61920166015625,4288.30615234375,RECOVERY_5,NO_ANAEROBIC_BENEFIT_0,[],False,34,4,-8.0,False,932.006,330.001,0.0,0.0,0.0,False,False,False,False,False,False,False,False,False,,,,,,,,,,,,,,,,,,,,,,
17747733607,VO2 Max,2024-12-12 16:47:45,2024-12-12 21:47:45,"{'typeId': 18, 'typeKey': 'treadmill_running', 'parentTypeId': 1, 'isHidden': False, 'trimmable': True, 'restricted': False}","{'typeId': 9, 'typeKey': 'uncategorized', 'sortOrder': 10}",8744.3701171875,2336.5849609375,2336.5849609375,2303.999984741211,,,3.742000102996826,5.906000137329102,,,False,False,118790142,ae52ea07-2874-4bde-8648-ac48be0f708d,Riley King,https://s3.amazonaws.com/garmin-connect-prod/profile_images/249fcc8d-9898-4d4a-abf5-ba07581a6fcd-prth.png,https://s3.amazonaws.com/garmin-connect-prod/profile_images/249fcc8d-9898-4d4a-abf5-ba07581a6fcd-prfr.png,https://s3.amazonaws.com/garmin-connect-prod/profile_images/249fcc8d-9898-4d4a-abf5-ba07581a6fcd-prof.png,571.0,58.0,152.0,180.0,165.75,181.0,6046.0,"['SCOPE_GOLF_API_READ', 'SCOPE_ATP_READ', 'SCOPE_DIVE_API_WRITE', 'SCOPE_COMMUNITY_COURSE_ADMIN_READ', 'SCOPE_DIVE_API_READ', 'SCOPE_DI_OAUTH_2_CLIENT_READ', 'SCOPE_CONNECT_WRITE', 'SCOPE_COMMUNITY_COURSE_WRITE', 'SCOPE_MESSAGE_GENERATION_READ', 'SCOPE_DI_OAUTH_2_CLIENT_REVOCATION_ADMIN', 'SCOPE_CONNECT_WEB_TEMPLATE_RENDER', 'SCOPE_OMT_SUBSCRIPTION_ADMIN_READ', 'SCOPE_CONNECT_NON_SOCIAL_SHARED_READ', 'SCOPE_CONNECT_READ', 'SCOPE_DI_OAUTH_2_TOKEN_ADMIN', 'ROLE_CONNECTUSER', 'ROLE_FITNESS_USER', 'ROLE_WELLNESS_USER']","{'typeId': 4, 'typeKey': 'groups'}",False,False,149,1734040065000,1,3.5999999046325684,2.700000047683716,136.3800048828125,,3461278113,,,181.0,{'summarizedDiveGases': []},,GARMIN,,12,,,640.0,TEMPO,168.7664031982422,56.584999084472656,IMPACTING_TEMPO_22,MAINTAINING_ANAEROBIC_BASE_1,"[{'noOfSplits': 3, 'duration': 30.0, 'splitType': 'RWD_WALK', 'numClimbSends': 0, 'maxDistance': 4, 'distance': 4.860000133514404, 'averageSpeed': 0.16200000047683716, 'maxSpeed': 0.7459999918937683, 'numFalls': 0}, {'noOfSplits': 1, 'duration': 600.0, 'splitType': 'INTERVAL_WARMUP', 'numClimbSends': 0, 'maxDistance': 1941, 'distance': 1941.5899658203125, 'averageSpeed': 3.2360000610351562, 'maxSpeed': 4.114999771118164, 'numFalls': 0}, {'noOfSplits': 2, 'duration': 2304.568115234375, 'splitType': 'RWD_RUN', 'numClimbSends': 0, 'maxDistance': 8735, 'distance': 8739.51953125, 'averageSpeed': 3.7920000553131104, 'maxSpeed': 5.906000137329102, 'numFalls': 0}, {'noOfSplits': 4, 'duration': 720.0, 'splitType': 'INTERVAL_ACTIVE', 'numClimbSends': 0, 'maxDistance': 895, 'distance': 3457.949951171875, 'averageSpeed': 4.802999973297119, 'maxSpeed': 5.906000137329102, 'numFalls': 0}, {'noOfSplits': 3, 'duration': 360.0, 'splitType': 'INTERVAL_RECOVERY', 'numClimbSends': 0, 'maxDistance': 408, 'distance': 1214.4200439453125, 'averageSpeed': 3.372999906539917, 'maxSpeed': 5.682000160217285, 'numFalls': 0}, {'noOfSplits': 1, 'duration': 656.5819702148438, 'splitType': 'INTERVAL_COOLDOWN', 'numClimbSends': 0, 'maxDistance': 2130, 'distance': 2130.419921875, 'averageSpeed': 3.244999885559082, 'maxSpeed': 4.61899995803833, 'numFalls': 0}, {'noOfSplits': 1, 'duration': 2.0, 'splitType': 'RWD_STAND', 'numClimbSends': 0, 'maxDistance': 0, 'distance': 0.0, 'averageSpeed': 0.0, 'maxSpeed': 0.0, 'numFalls': 0}]",True,2,36,-10.0,False,18.999,164.901,1261.036,728.05,130.684,False,False,False,False,False,False,False,False,False,376.0,564.0,396.0,9.990000152587891,248.8000030517578,7.519999980926514,,,,,620.365,648.656,149.019,593.737,85.993,3461278113.0,,,,,,
17726388823,Treadmill Running,2024-12-09 20:29:20,2024-12-10 01:29:20,"{'typeId': 18, 'typeKey': 'treadmill_running', 'parentTypeId': 1, 'isHidden': False, 'trimmable': True, 'restricted': False}","{'typeId': 9, 'typeKey': 'uncategorized', 'sortOrder': 10}",8595.0,2409.43896484375,2409.43896484375,2348.5069885253906,,,3.5669999122619633,5.644999980926514,,,False,False,118790142,ae52ea07-2874-4bde-8648-ac48be0f708d,Riley King,https://s3.amazonaws.com/garmin-connect-prod/profile_images/249fcc8d-9898-4d4a-abf5-ba07581a6fcd-prth.png,https://s3.amazonaws.com/garmin-connect-prod/profile_images/249fcc8d-9898-4d4a-abf5-ba07581a6fcd-prfr.png,https://s3.amazonaws.com/garmin-connect-prod/profile_images/249fcc8d-9898-4d4a-abf5-ba07581a6fcd-prof.png,545.0,60.0,146.0,175.0,162.71875,225.0,6356.0,"['SCOPE_GOLF_API_READ', 'SCOPE_ATP_READ', 'SCOPE_DIVE_API_WRITE', 'SCOPE_COMMUNITY_COURSE_ADMIN_READ', 'SCOPE_DIVE_API_READ', 'SCOPE_DI_OAUTH_2_CLIENT_READ', 'SCOPE_CONNECT_WRITE', 'SCOPE_COMMUNITY_COURSE_WRITE', 'SCOPE_MESSAGE_GENERATION_READ', 'SCOPE_DI_OAUTH_2_CLIENT_REVOCATION_ADMIN', 'SCOPE_CONNECT_WEB_TEMPLATE_RENDER', 'SCOPE_OMT_SUBSCRIPTION_ADMIN_READ', 'SCOPE_CONNECT_NON_SOCIAL_SHARED_READ', 'SCOPE_CONNECT_READ', 'SCOPE_DI_OAUTH_2_TOKEN_ADMIN', 'ROLE_CONNECTUSER', 'ROLE_FITNESS_USER', 'ROLE_WELLNESS_USER']","{'typeId': 4, 'typeKey': 'groups'}",False,False,149,1733794160000,1,3.4000000953674316,2.299999952316284,133.2800048828125,,3461278113,,,225.0,{'summarizedDiveGases': []},,GARMIN,,6,,,654.0,AEROBIC_BASE,126.00007629394531,215.4029998779297,IMPROVING_AEROBIC_BASE_8,MAINTAINING_ANAEROBIC_BASE_1,"[{'noOfSplits': 1, 'duration': 2409.43896484375, 'splitType': 'INTERVAL_ACTIVE', 'numClimbSends': 0, 'maxDistance': 8595, 'distance': 8595.009765625, 'averageSpeed': 3.566999912261963, 'maxSpeed': 5.644999980926514, 'numFalls': 0}, {'noOfSplits': 2, 'duration': 2321.9990234375, 'splitType': 'RWD_RUN', 'numClimbSends': 0, 'maxDistance': 8562, 'distance': 8562.669921875, 'averageSpeed': 3.687999963760376, 'maxSpeed': 5.644999980926514, 'numFalls': 0}, {'noOfSplits': 9, 'duration': 82.41899871826172, 'splitType': 'RWD_WALK', 'numClimbSends': 0, 'maxDistance': 18, 'distance': 32.33000183105469, 'averageSpeed': 0.3919999897480011, 'maxSpeed': 1.809999942779541, 'numFalls': 0}, {'noOfSplits': 7, 'duration': 4.999000072479248, 'splitType': 'RWD_STAND', 'numClimbSends': 0, 'maxDistance': 0, 'distance': 0.0, 'averageSpeed': 0.0, 'maxSpeed': 0.0, 'numFalls': 0}]",True,1,38,-10.0,False,5.0,391.438,1401.992,610.997,0.0,False,False,False,False,False,False,False,False,False,365.0,548.0,384.0,10.09000015258789,253.10000610351562,7.699999809265137,,,,,679.984,817.006,195.992,472.007,25.995,,,,,,,
17704698427,Treadmill Running,2024-12-06 19:15:50,2024-12-07 00:15:50,"{'typeId': 18, 'typeKey': 'treadmill_running', 'parentTypeId': 1, 'isHidden': False, 'trimmable': True, 'restricted': False}","{'typeId': 9, 'typeKey': 'uncategorized', 'sortOrder': 10}",9063.4404296875,2645.637939453125,2645.637939453125,2622.572998046875,,,3.4260001182556152,4.982999801635742,,,False,False,118790142,ae52ea07-2874-4bde-8648-ac48be0f708d,Riley King,https://s3.amazonaws.com/garmin-connect-prod/profile_images/249fcc8d-9898-4d4a-abf5-ba07581a6fcd-prth.png,https://s3.amazonaws.com/garmin-connect-prod/profile_images/249fcc8d-9898-4d4a-abf5-ba07581a6fcd-prfr.png,https://s3.amazonaws.com/garmin-connect-prod/profile_images/249fcc8d-9898-4d4a-abf5-ba07581a6fcd-prof.png,581.0,66.0,139.0,174.0,163.0,240.0,7118.0,"['SCOPE_GOLF_API_READ', 'SCOPE_ATP_READ', 'SCOPE_DIVE_API_WRITE', 'SCOPE_COMMUNITY_COURSE_ADMIN_READ', 'SCOPE_DIVE_API_READ', 'SCOPE_DI_OAUTH_2_CLIENT_READ', 'SCOPE_CONNECT_WRITE', 'SCOPE_COMMUNITY_COURSE_WRITE', 'SCOPE_MESSAGE_GENERATION_READ', 'SCOPE_DI_OAUTH_2_CLIENT_REVOCATION_ADMIN', 'SCOPE_CONNECT_WEB_TEMPLATE_RENDER', 'SCOPE_OMT_SUBSCRIPTION_ADMIN_READ', 'SCOPE_CONNECT_NON_SOCIAL_SHARED_READ', 'SCOPE_CONNECT_READ', 'SCOPE_DI_OAUTH_2_TOKEN_ADMIN', 'ROLE_CONNECTUSER', 'ROLE_FITNESS_USER', 'ROLE_WELLNESS_USER']","{'typeId': 4, 'typeKey': 'groups'}",False,False,149,1733530550000,1,3.0999999046325684,1.399999976158142,126.75999755859375,,3461278113,,,240.0,{'summarizedDiveGases': []},,GARMIN,,6,,,727.0,AEROBIC_BASE,89.84771728515625,287.52301025390625,IMPROVING_AEROBIC_BASE_8,MINOR_ANAEROBIC_BENEFIT_15,"[{'noOfSplits': 1, 'duration': 2645.637939453125, 'splitType': 'INTERVAL_ACTIVE', 'numClimbSends': 0, 'maxDistance': 9063, 'distance': 9063.4296875, 'averageSpeed': 3.4260001182556152, 'maxSpeed': 4.982999801635742, 'numFalls': 0}, {'noOfSplits': 3, 'duration': 2600.6240234375, 'splitType': 'RWD_RUN', 'numClimbSends': 0, 'maxDistance': 8786, 'distance': 8999.1201171875, 'averageSpeed': 3.4600000381469727, 'maxSpeed': 4.982999801635742, 'numFalls': 0}, {'noOfSplits': 3, 'duration': 44.999000549316406, 'splitType': 'RWD_WALK', 'numClimbSends': 0, 'maxDistance': 54, 'distance': 64.30999755859375, 'averageSpeed': 1.4290000200271606, 'maxSpeed': 2.0339999198913574, 'numFalls': 0}]",True,2,41,-12.0,False,63.0,595.001,1771.233,187.998,0.0,False,False,False,False,False,False,False,False,False,352.0,511.0,363.0,9.990000152587891,260.6000061035156,7.949999809265137,,,,,26.997,6.0,6.001,5.0,2561.988,,,,,,,
17683430691,Threshold,2024-12-03 19:57:22,2024-12-04 00:57:22,"{'typeId': 18, 'typeKey': 'treadmill_running', 'parentTypeId': 1, 'isHidden': False, 'trimmable': True, 'restricted': False}","{'typeId': 9, 'typeKey': 'uncategorized', 'sortOrder': 10}",7406.669921875,1878.7080078125,1878.7080078125,1869.4450073242188,,,3.941999912261963,4.468999862670898,,,False,False,118790142,ae52ea07-2874-4bde-8648-ac48be0f708d,Riley King,https://s3.amazonaws.com/garmin-connect-prod/profile_images/249fcc8d-9898-4d4a-abf5-ba07581a6fcd-prth.png,https://s3.amazonaws.com/garmin-connect-prod/profile_images/249fcc8d-9898-4d4a-abf5-ba07581a6fcd-prfr.png,https://s3.amazonaws.com/garmin-connect-prod/profile_images/249fcc8d-9898-4d4a-abf5-ba07581a6fcd-prof.png,495.0,47.0,156.0,179.0,164.859375,174.0,5068.0,"['SCOPE_GOLF_API_READ', 'SCOPE_ATP_READ', 'SCOPE_DIVE_API_WRITE', 'SCOPE_COMMUNITY_COURSE_ADMIN_READ', 'SCOPE_DIVE_API_READ', 'SCOPE_DI_OAUTH_2_CLIENT_READ', 'SCOPE_CONNECT_WRITE', 'SCOPE_COMMUNITY_COURSE_WRITE', 'SCOPE_MESSAGE_GENERATION_READ', 'SCOPE_DI_OAUTH_2_CLIENT_REVOCATION_ADMIN', 'SCOPE_CONNECT_WEB_TEMPLATE_RENDER', 'SCOPE_OMT_SUBSCRIPTION_ADMIN_READ', 'SCOPE_CONNECT_NON_SOCIAL_SHARED_READ', 'SCOPE_CONNECT_READ', 'SCOPE_DI_OAUTH_2_TOKEN_ADMIN', 'ROLE_CONNECTUSER', 'ROLE_FITNESS_USER', 'ROLE_WELLNESS_USER']","{'typeId': 4, 'typeKey': 'groups'}",False,False,149,1733273842000,1,3.9000000953674316,0.0,143.8699951171875,,3461278113,,,174.0,{'summarizedDiveGases': []},,GARMIN,,7,,,521.0,LACTATE_THRESHOLD,135.6480255126953,21.492000579833984,IMPROVING_LACTATE_THRESHOLD_12,NO_ANAEROBIC_BENEFIT_0,"[{'noOfSplits': 1, 'duration': 138.70599365234375, 'splitType': 'INTERVAL_COOLDOWN', 'numClimbSends': 0, 'maxDistance': 490, 'distance': 490.3699951171875, 'averageSpeed': 3.5350000858306885, 'maxSpeed': 4.291999816894531, 'numFalls': 0}, {'noOfSplits': 4, 'duration': 7.0, 'splitType': 'RWD_WALK', 'numClimbSends': 0, 'maxDistance': 5, 'distance': 5.820000171661377, 'averageSpeed': 0.8320000171661377, 'maxSpeed': 1.9220000505447388, 'numFalls': 0}, {'noOfSplits': 3, 'duration': 7.0, 'splitType': 'RWD_STAND', 'numClimbSends': 0, 'maxDistance': 0, 'distance': 0.0, 'averageSpeed': 0.0, 'maxSpeed': 0.0, 'numFalls': 0}, {'noOfSplits': 1, 'duration': 600.0, 'splitType': 'INTERVAL_WARMUP', 'numClimbSends': 0, 'maxDistance': 1993, 'distance': 1993.8900146484375, 'averageSpeed': 3.322999954223633, 'maxSpeed': 4.0960001945495605, 'numFalls': 0}, {'noOfSplits': 1, 'duration': 1140.0, 'splitType': 'INTERVAL_ACTIVE', 'numClimbSends': 0, 'maxDistance': 4922, 'distance': 4922.41015625, 'averageSpeed': 4.317999839782715, 'maxSpeed': 4.468999862670898, 'numFalls': 0}, {'noOfSplits': 3, 'duration': 1868.6920166015625, 'splitType': 'RWD_RUN', 'numClimbSends': 0, 'maxDistance': 7400, 'distance': 7400.83984375, 'averageSpeed': 3.9600000381469727, 'maxSpeed': 4.468999862670898, 'numFalls': 0}]",True,0,28,-8.0,False,18.999,176.001,491.383,903.995,259.994,False,False,False,False,False,False,False,False,False,404.0,480.0,414.0,10.59000015258789,247.0,7.420000076293945,,,,,0.0,0.0,0.0,0.0,1866.373,3461278113.0,,,,,,
17668022481,Treadmill Running,2024-12-01 20:28:02,2024-12-02 01:28:02,"{'typeId': 18, 'typeKey': 'treadmill_running', 'parentTypeId': 1, 'isHidden': False, 'trimmable': True, 'restricted': False}","{'typeId': 9, 'typeKey': 'uncategorized', 'sortOrder': 10}",1646.0400390625,509.3999938964844,509.3999938964844,500.0,,,3.2309999465942383,3.7980000972747807,,,False,False,118790142,ae52ea07-2874-4bde-8648-ac48be0f708d,Riley King,https://s3.amazonaws.com/garmin-connect-prod/profile_images/249fcc8d-9898-4d4a-abf5-ba07581a6fcd-prth.png,https://s3.amazonaws.com/garmin-connect-prod/profile_images/249fcc8d-9898-4d4a-abf5-ba07581a6fcd-prfr.png,https://s3.amazonaws.com/garmin-connect-prod/profile_images/249fcc8d-9898-4d4a-abf5-ba07581a6fcd-prof.png,104.0,13.0,128.0,134.0,161.546875,170.0,1386.0,"['SCOPE_GOLF_API_READ', 'SCOPE_ATP_READ', 'SCOPE_DIVE_API_WRITE', 'SCOPE_COMMUNITY_COURSE_ADMIN_READ', 'SCOPE_DIVE_API_READ', 'SCOPE_DI_OAUTH_2_CLIENT_READ', 'SCOPE_CONNECT_WRITE', 'SCOPE_COMMUNITY_COURSE_WRITE', 'SCOPE_MESSAGE_GENERATION_READ', 'SCOPE_DI_OAUTH_2_CLIENT_REVOCATION_ADMIN', 'SCOPE_CONNECT_WEB_TEMPLATE_RENDER', 'SCOPE_OMT_SUBSCRIPTION_ADMIN_READ', 'SCOPE_CONNECT_NON_SOCIAL_SHARED_READ', 'SCOPE_CONNECT_READ', 'SCOPE_DI_OAUTH_2_TOKEN_ADMIN', 'ROLE_CONNECTUSER', 'ROLE_FITNESS_USER', 'ROLE_WELLNESS_USER']","{'typeId': 4, 'typeKey': 'groups'}",False,False,149,1733102882000,1,1.399999976158142,0.0,120.8199951171875,,3461278113,,,170.0,{'summarizedDiveGases': []},,GARMIN,,2,,,141.0,RECOVERY,14.489212036132812,9.829999923706055,RECOVERY_5,NO_ANAEROBIC_BENEFIT_0,"[{'noOfSplits': 1, 'duration': 509.3999938964844, 'splitType': 'INTERVAL_ACTIVE', 'numClimbSends': 0, 'maxDistance': 1646, 'distance': 1646.0400390625, 'averageSpeed': 3.2309999465942383, 'maxSpeed': 3.7980000972747803, 'numFalls': 0}, {'noOfSplits': 1, 'duration': 8.0, 'splitType': 'RWD_STAND', 'numClimbSends': 0, 'maxDistance': 0, 'distance': 0.0, 'averageSpeed': 0.0, 'maxSpeed': 0.0, 'numFalls': 0}, {'noOfSplits': 1, 'duration': 501.3800048828125, 'splitType': 'RWD_RUN', 'numClimbSends': 0, 'maxDistance': 1646, 'distance': 1646.0400390625, 'averageSpeed': 3.2829999923706055, 'maxSpeed': 3.7980000972747803, 'numFalls': 0}]",True,0,5,-1.0,False,,,,,,False,False,False,False,False,False,False,False,False,334.0,413.0,342.0,9.880000305175782,266.1000061035156,8.210000038146973,,,,,,,,,,,,,,,,
17659036764,Concord Walking,2024-11-30 14:04:53,2024-11-30 19:04:53,"{'typeId': 9, 'typeKey': 'walking', 'parentTypeId': 17, 'isHidden': False, 'trimmable': True, 'restricted': False}","{'typeId': 9, 'typeKey': 'uncategorized', 'sortOrder': 10}",9511.330078125,5788.3330078125,5788.3330078125,5568.6380615234375,266.0,265.0,1.6430000066757202,2.8550000190734863,43.261517425999045,-71.52045479044318,True,False,118790142,ae52ea07-2874-4bde-8648-ac48be0f708d,Riley King,https://s3.amazonaws.com/garmin-connect-prod/profile_images/249fcc8d-9898-4d4a-abf5-ba07581a6fcd-prth.png,https://s3.amazonaws.com/garmin-connect-prod/profile_images/249fcc8d-9898-4d4a-abf5-ba07581a6fcd-prfr.png,https://s3.amazonaws.com/garmin-connect-prod/profile_images/249fcc8d-9898-4d4a-abf5-ba07581a6fcd-prof.png,655.0,144.0,102.0,138.0,111.15625,250.0,10952.0,"['SCOPE_GOLF_API_READ', 'SCOPE_ATP_READ', 'SCOPE_DIVE_API_WRITE', 'SCOPE_COMMUNITY_COURSE_ADMIN_READ', 'SCOPE_DIVE_API_READ', 'SCOPE_DI_OAUTH_2_CLIENT_READ', 'SCOPE_CONNECT_WRITE', 'SCOPE_COMMUNITY_COURSE_WRITE', 'SCOPE_MESSAGE_GENERATION_READ', 'SCOPE_DI_OAUTH_2_CLIENT_REVOCATION_ADMIN', 'SCOPE_CONNECT_WEB_TEMPLATE_RENDER', 'SCOPE_OMT_SUBSCRIPTION_ADMIN_READ', 'SCOPE_CONNECT_NON_SOCIAL_SHARED_READ', 'SCOPE_CONNECT_READ', 'SCOPE_DI_OAUTH_2_TOKEN_ADMIN', 'ROLE_CONNECTUSER', 'ROLE_FITNESS_USER', 'ROLE_WELLNESS_USER']","{'typeId': 4, 'typeKey': 'groups'}",False,False,149,1732993493000,11,2.0,0.0,88.8205862720953,60.0,3461278113,109.19999694824219,301.0,250.0,{'summarizedDiveGases': []},0.8000030517578125,GARMIN,Concord,6,43.26170828193426,-71.5211306232959,649.0,AEROBIC_BASE,23.51202392578125,895.5009765625,MAINTAINING_AEROBIC_BASE_7,NO_ANAEROBIC_BENEFIT_0,[],False,86,8,-11.0,False,,,,,,False,False,False,False,False,False,False,False,False,,,,,,,,,,,,,,,,,,,,,,
17649741274,Allenstown Trail Running,2024-11-29 09:05:15,2024-11-29 14:05:15,"{'typeId': 6, 'typeKey': 'trail_running', 'parentTypeId': 1, 'isHidden': False, 'trimmable': True, 'restricted': False}","{'typeId': 9, 'typeKey': 'uncategorized', 'sortOrder': 10}",10252.5498046875,4490.8359375,5487.81201171875,3395.7550048828125,126.0,155.0,2.2829999923706055,4.3480000495910645,43.16184905357659,-71.38870711438358,True,False,118790142,ae52ea07-2874-4bde-8648-ac48be0f708d,Riley King,https://s3.amazonaws.com/garmin-connect-prod/profile_images/249fcc8d-9898-4d4a-abf5-ba07581a6fcd-prth.png,https://s3.amazonaws.com/garmin-connect-prod/profile_images/249fcc8d-9898-4d4a-abf5-ba07581a6fcd-prfr.png,https://s3.amazonaws.com/garmin-connect-prod/profile_images/249fcc8d-9898-4d4a-abf5-ba07581a6fcd-prof.png,838.0,112.0,128.0,162.0,119.921875,250.0,9246.0,"['SCOPE_GOLF_API_READ', 'SCOPE_ATP_READ', 'SCOPE_DIVE_API_WRITE', 'SCOPE_COMMUNITY_COURSE_ADMIN_READ', 'SCOPE_DIVE_API_READ', 'SCOPE_DI_OAUTH_2_CLIENT_READ', 'SCOPE_CONNECT_WRITE', 'SCOPE_COMMUNITY_COURSE_WRITE', 'SCOPE_MESSAGE_GENERATION_READ', 'SCOPE_DI_OAUTH_2_CLIENT_REVOCATION_ADMIN', 'SCOPE_CONNECT_WEB_TEMPLATE_RENDER', 'SCOPE_OMT_SUBSCRIPTION_ADMIN_READ', 'SCOPE_CONNECT_NON_SOCIAL_SHARED_READ', 'SCOPE_CONNECT_READ', 'SCOPE_DI_OAUTH_2_TOKEN_ADMIN', 'ROLE_CONNECTUSER', 'ROLE_FITNESS_USER', 'ROLE_WELLNESS_USER']","{'typeId': 4, 'typeKey': 'groups'}",False,False,149,1732889115000,1,3.299999952316284,0.10000000149011612,113.25,61.0,3461278113,93.4000015258789,182.60000610351562,250.0,{'summarizedDiveGases': []},1.0,GARMIN,Allenstown,7,43.162387339398265,-71.38853754848242,853.0,AEROBIC_BASE,90.91795349121094,534.2670288085938,IMPROVING_AEROBIC_BASE_8,NO_ANAEROBIC_BENEFIT_0,"[{'noOfSplits': 41, 'totalAscent': 0.0, 'duration': 990.2230224609375, 'splitType': 'RWD_STAND', 'numClimbSends': 0, 'maxElevationGain': 0.0, 'averageElevationGain': 0.0, 'maxDistance': 51, 'distance': 250.0, 'averageSpeed': 0.25200000405311584, 'maxSpeed': 0.0, 'numFalls': 0, 'elevationLoss': 0.0}, {'noOfSplits': 1, 'totalAscent': 126.0, 'duration': 4490.8359375, 'splitType': 'INTERVAL_ACTIVE', 'numClimbSends': 0, 'maxElevationGain': 126.0, 'averageElevationGain': 126.0, 'maxDistance': 10252, 'distance': 10252.5498046875, 'averageSpeed': 2.2829999923706055, 'maxSpeed': 4.3480000495910645, 'numFalls': 0, 'elevationLoss': 155.0}, {'noOfSplits': 18, 'totalAscent': 119.0, 'duration': 3228.77001953125, 'splitType': 'RWD_RUN', 'numClimbSends': 0, 'maxElevationGain': 31.0, 'averageElevationGain': 9.0, 'maxDistance': 2139, 'distance': 9727.3095703125, 'averageSpeed': 3.013000011444092, 'maxSpeed': 4.3480000495910645, 'numFalls': 0, 'elevationLoss': 150.0}, {'noOfSplits': 40, 'totalAscent': 7.0, 'duration': 271.82598876953125, 'splitType': 'RWD_WALK', 'numClimbSends': 0, 'maxElevationGain': 4.0, 'averageElevationGain': 0.0, 'maxDistance': 123, 'distance': 275.239990234375, 'averageSpeed': 1.0130000114440918, 'maxSpeed': 2.1089999675750732, 'numFalls': 0, 'elevationLoss': 5.0}]",True,9,67,-22.0,False,,,,,,False,False,False,False,False,False,False,False,False,243.0,545.0,320.0,9.3,266.5,8.270000457763672,2.319999933242798,275.39599609375,493.2690124511719,1897.885009765625,,,,,,,4225.2939453125,,,,,
17645957596,Threshold,2024-11-28 18:43:25,2024-11-28 23:43:25,"{'typeId': 18, 'typeKey': 'treadmill_running', 'parentTypeId': 1, 'isHidden': False, 'trimmable': True, 'restricted': False}","{'typeId': 9, 'typeKey': 'uncategorized', 'sortOrder': 10}",8614.6103515625,2284.257080078125,2284.257080078125,2266.2870178222656,,,3.7709999084472656,4.572000026702881,,,False,False,118790142,ae52ea07-2874-4bde-8648-ac48be0f708d,Riley King,https://s3.amazonaws.com/garmin-connect-prod/profile_images/249fcc8d-9898-4d4a-abf5-ba07581a6fcd-prth.png,https://s3.amazonaws.com/garmin-connect-prod/profile_images/249fcc8d-9898-4d4a-abf5-ba07581a6fcd-prfr.png,https://s3.amazonaws.com/garmin-connect-prod/profile_images/249fcc8d-9898-4d4a-abf5-ba07581a6fcd-prof.png,520.0,57.0,144.0,173.0,164.609375,175.0,6252.0,"['SCOPE_GOLF_API_READ', 'SCOPE_ATP_READ', 'SCOPE_DIVE_API_WRITE', 'SCOPE_COMMUNITY_COURSE_ADMIN_READ', 'SCOPE_DIVE_API_READ', 'SCOPE_DI_OAUTH_2_CLIENT_READ', 'SCOPE_CONNECT_WRITE', 'SCOPE_COMMUNITY_COURSE_WRITE', 'SCOPE_MESSAGE_GENERATION_READ', 'SCOPE_DI_OAUTH_2_CLIENT_REVOCATION_ADMIN', 'SCOPE_CONNECT_WEB_TEMPLATE_RENDER', 'SCOPE_OMT_SUBSCRIPTION_ADMIN_READ', 'SCOPE_CONNECT_NON_SOCIAL_SHARED_READ', 'SCOPE_CONNECT_READ', 'SCOPE_DI_OAUTH_2_TOKEN_ADMIN', 'ROLE_CONNECTUSER', 'ROLE_FITNESS_USER', 'ROLE_WELLNESS_USER']","{'typeId': 4, 'typeKey': 'groups'}",False,False,149,1732837405000,1,3.4000000953674316,0.20000000298023224,137.6800048828125,,3461278113,,,175.0,{'summarizedDiveGases': []},,GARMIN,,8,,,634.0,TEMPO,97.05778503417969,97.26300048828125,IMPACTING_TEMPO_22,NO_ANAEROBIC_BENEFIT_0,"[{'noOfSplits': 1, 'duration': 600.0, 'splitType': 'INTERVAL_WARMUP', 'numClimbSends': 0, 'maxDistance': 1925, 'distance': 1925.2900390625, 'averageSpeed': 3.2090001106262207, 'maxSpeed': 3.9000000953674316, 'numFalls': 0}, {'noOfSplits': 1, 'duration': 4.000999927520752, 'splitType': 'RWD_WALK', 'numClimbSends': 0, 'maxDistance': 0, 'distance': 0.0, 'averageSpeed': 0.0, 'maxSpeed': 0.0, 'numFalls': 0}, {'noOfSplits': 1, 'duration': 15.0, 'splitType': 'RWD_STAND', 'numClimbSends': 0, 'maxDistance': 0, 'distance': 0.0, 'averageSpeed': 0.0, 'maxSpeed': 0.0, 'numFalls': 0}, {'noOfSplits': 1, 'duration': 2269.237060546875, 'splitType': 'RWD_RUN', 'numClimbSends': 0, 'maxDistance': 8614, 'distance': 8614.599609375, 'averageSpeed': 3.7960000038146973, 'maxSpeed': 4.572000026702881, 'numFalls': 0}, {'noOfSplits': 1, 'duration': 960.0, 'splitType': 'INTERVAL_ACTIVE', 'numClimbSends': 0, 'maxDistance': 4108, 'distance': 4108.97021484375, 'averageSpeed': 4.28000020980835, 'maxSpeed': 4.572000026702881, 'numFalls': 0}, {'noOfSplits': 1, 'duration': 724.2540283203125, 'splitType': 'INTERVAL_COOLDOWN', 'numClimbSends': 0, 'maxDistance': 2580, 'distance': 2580.35009765625, 'averageSpeed': 3.562999963760376, 'maxSpeed': 4.563000202178955, 'numFalls': 0}]",True,1,36,-10.0,False,,,,,,False,False,False,False,False,False,False,False,False,387.0,495.0,397.0,10.350000000000001,250.60000610351562,7.590000152587891,,,,,,,,,,3461278113.0,,,,,,
17637088782,Concord Running,2024-11-27 14:06:42,2024-11-27 19:06:42,"{'typeId': 1, 'typeKey': 'running', 'parentTypeId': 17, 'isHidden': False, 'trimmable': True, 'restricted': False}","{'typeId': 9, 'typeKey': 'uncategorized', 'sortOrder': 10}",4839.52978515625,1642.5389404296875,1642.5389404296875,1624.6640014648438,40.0,41.0,2.946000099182129,3.7139999866485596,43.261268734931946,-71.52070281095803,True,False,118790142,ae52ea07-2874-4bde-8648-ac48be0f708d,Riley King,https://s3.amazonaws.com/garmin-connect-prod/profile_images/249fcc8d-9898-4d4a-abf5-ba07581a6fcd-prth.png,https://s3.amazonaws.com/garmin-connect-prod/profile_images/249fcc8d-9898-4d4a-abf5-ba07581a6fcd-prfr.png,https://s3.amazonaws.com/garmin-connect-prod/profile_images/249fcc8d-9898-4d4a-abf5-ba07581a6fcd-prof.png,345.0,41.0,135.0,158.0,153.515625,176.0,4212.0,"['SCOPE_GOLF_API_READ', 'SCOPE_ATP_READ', 'SCOPE_DIVE_API_WRITE', 'SCOPE_COMMUNITY_COURSE_ADMIN_READ', 'SCOPE_DIVE_API_READ', 'SCOPE_DI_OAUTH_2_CLIENT_READ', 'SCOPE_CONNECT_WRITE', 'SCOPE_COMMUNITY_COURSE_WRITE', 'SCOPE_MESSAGE_GENERATION_READ', 'SCOPE_DI_OAUTH_2_CLIENT_REVOCATION_ADMIN', 'SCOPE_CONNECT_WEB_TEMPLATE_RENDER', 'SCOPE_OMT_SUBSCRIPTION_ADMIN_READ', 'SCOPE_CONNECT_NON_SOCIAL_SHARED_READ', 'SCOPE_CONNECT_READ', 'SCOPE_DI_OAUTH_2_TOKEN_ADMIN', 'ROLE_CONNECTUSER', 'ROLE_FITNESS_USER', 'ROLE_WELLNESS_USER']","{'typeId': 4, 'typeKey': 'groups'}",False,False,149,1732734402000,1,3.0,0.0,112.3699951171875,60.0,3461278113,92.4000015258789,116.80000305175781,176.0,{'summarizedDiveGases': []},0.8000030517578125,GARMIN,Concord,4,43.23653566651046,-71.51275215670466,384.0,AEROBIC_BASE,64.37403869628906,7.431000232696533,IMPROVING_AEROBIC_BASE_8,NO_ANAEROBIC_BENEFIT_0,"[{'noOfSplits': 3, 'totalAscent': 2.0, 'duration': 355.5220031738281, 'splitType': 'RWD_WALK', 'numClimbSends': 0, 'maxElevationGain': 2.0, 'averageElevationGain': 1.0, 'maxDistance': 420, 'distance': 470.29998779296875, 'averageSpeed': 1.3229999542236328, 'maxSpeed': 2.0429999828338623, 'numFalls': 0, 'elevationLoss': 3.0}, {'noOfSplits': 1, 'totalAscent': 0.0, 'duration': 12.0, 'splitType': 'RWD_STAND', 'numClimbSends': 0, 'maxElevationGain': 0.0, 'averageElevationGain': 0.0, 'maxDistance': 7, 'distance': 7.119999885559082, 'averageSpeed': 0.5929999947547913, 'maxSpeed': 0.0, 'numFalls': 0, 'elevationLoss': 0.0}, {'noOfSplits': 1, 'totalAscent': 40.0, 'duration': 1642.5389404296875, 'splitType': 'INTERVAL_ACTIVE', 'numClimbSends': 0, 'maxElevationGain': 40.0, 'averageElevationGain': 40.0, 'maxDistance': 4839, 'distance': 4839.52978515625, 'averageSpeed': 2.946000099182129, 'maxSpeed': 3.7139999866485596, 'numFalls': 0, 'elevationLoss': 41.0}, {'noOfSplits': 1, 'totalAscent': 38.0, 'duration': 1281.0, 'splitType': 'RWD_RUN', 'numClimbSends': 0, 'maxElevationGain': 38.0, 'averageElevationGain': 38.0, 'maxDistance': 4362, 'distance': 4362.10986328125, 'averageSpeed': 3.4049999713897705, 'maxSpeed': 3.7139999866485596, 'numFalls': 0, 'elevationLoss': 37.0}]",True,3,21,-7.0,False,,,,,,False,False,False,False,False,False,False,False,False,304.0,535.0,349.0,8.85,255.5,7.920000076293945,2.970999956130981,274.34100341796875,447.04901123046875,,,,,,,,,,,,,
17606514906,Base,2024-11-23 13:45:02,2024-11-23 18:45:02,"{'typeId': 18, 'typeKey': 'treadmill_running', 'parentTypeId': 1, 'isHidden': False, 'trimmable': True, 'restricted': False}","{'typeId': 9, 'typeKey': 'uncategorized', 'sortOrder': 10}",8860.2099609375,2467.208984375,2467.208984375,2427.738006591797,,,3.5910000801086426,6.130000114440919,,,False,False,118790142,ae52ea07-2874-4bde-8648-ac48be0f708d,Riley King,https://s3.amazonaws.com/garmin-connect-prod/profile_images/249fcc8d-9898-4d4a-abf5-ba07581a6fcd-prth.png,https://s3.amazonaws.com/garmin-connect-prod/profile_images/249fcc8d-9898-4d4a-abf5-ba07581a6fcd-prfr.png,https://s3.amazonaws.com/garmin-connect-prod/profile_images/249fcc8d-9898-4d4a-abf5-ba07581a6fcd-prof.png,555.0,61.0,141.0,171.0,164.453125,225.0,6660.0,"['SCOPE_GOLF_API_READ', 'SCOPE_ATP_READ', 'SCOPE_DIVE_API_WRITE', 'SCOPE_COMMUNITY_COURSE_ADMIN_READ', 'SCOPE_DIVE_API_READ', 'SCOPE_DI_OAUTH_2_CLIENT_READ', 'SCOPE_CONNECT_WRITE', 'SCOPE_COMMUNITY_COURSE_WRITE', 'SCOPE_MESSAGE_GENERATION_READ', 'SCOPE_DI_OAUTH_2_CLIENT_REVOCATION_ADMIN', 'SCOPE_CONNECT_WEB_TEMPLATE_RENDER', 'SCOPE_OMT_SUBSCRIPTION_ADMIN_READ', 'SCOPE_CONNECT_NON_SOCIAL_SHARED_READ', 'SCOPE_CONNECT_READ', 'SCOPE_DI_OAUTH_2_TOKEN_ADMIN', 'ROLE_CONNECTUSER', 'ROLE_FITNESS_USER', 'ROLE_WELLNESS_USER']","{'typeId': 4, 'typeKey': 'groups'}",False,False,149,1732387502000,1,3.200000047683716,1.600000023841858,131.94000244140625,,3461278113,,,225.0,{'summarizedDiveGases': []},,GARMIN,,7,,,673.0,AEROBIC_BASE,91.98457336425781,67.20899963378906,IMPROVING_AEROBIC_BASE_8,MINOR_ANAEROBIC_BENEFIT_15,"[{'noOfSplits': 4, 'duration': 40.19499969482422, 'splitType': 'RWD_WALK', 'numClimbSends': 0, 'maxDistance': 21, 'distance': 22.639999389648438, 'averageSpeed': 0.5630000233650208, 'maxSpeed': 1.6050000190734863, 'numFalls': 0}, {'noOfSplits': 1, 'duration': 4.0, 'splitType': 'RWD_STAND', 'numClimbSends': 0, 'maxDistance': 0, 'distance': 0.0, 'averageSpeed': 0.0, 'maxSpeed': 0.0, 'numFalls': 0}, {'noOfSplits': 3, 'duration': 2430.001953125, 'splitType': 'RWD_RUN', 'numClimbSends': 0, 'maxDistance': 8834, 'distance': 8837.5703125, 'averageSpeed': 3.63700008392334, 'maxSpeed': 6.130000114440918, 'numFalls': 0}, {'noOfSplits': 1, 'duration': 2467.208984375, 'splitType': 'INTERVAL_ACTIVE', 'numClimbSends': 0, 'maxDistance': 8860, 'distance': 8860.2099609375, 'averageSpeed': 3.5910000801086426, 'maxSpeed': 6.130000114440918, 'numFalls': 0}]",True,0,38,-12.0,False,,,,,,False,False,False,False,False,False,False,False,False,365.0,560.0,381.0,10.0,253.60000610351562,7.699999809265137,,,,,,,,,,3461278113.0,,,,,,
17592859039,Bristol - Threshold,2024-11-21 15:26:02,2024-11-21 20:26:02,"{'typeId': 1, 'typeKey': 'running', 'parentTypeId': 17, 'isHidden': False, 'trimmable': True, 'restricted': False}","{'typeId': 9, 'typeKey': 'uncategorized', 'sortOrder': 10}",8147.2001953125,2201.6630859375,2201.6630859375,2197.472007751465,60.0,64.0,3.700000047683716,4.63700008392334,41.654331581667066,-71.26119799911976,True,False,118790142,ae52ea07-2874-4bde-8648-ac48be0f708d,Riley King,https://s3.amazonaws.com/garmin-connect-prod/profile_images/249fcc8d-9898-4d4a-abf5-ba07581a6fcd-prth.png,https://s3.amazonaws.com/garmin-connect-prod/profile_images/249fcc8d-9898-4d4a-abf5-ba07581a6fcd-prfr.png,https://s3.amazonaws.com/garmin-connect-prod/profile_images/249fcc8d-9898-4d4a-abf5-ba07581a6fcd-prof.png,581.0,55.0,157.0,175.0,170.25,179.0,6236.0,"['SCOPE_GOLF_API_READ', 'SCOPE_ATP_READ', 'SCOPE_DIVE_API_WRITE', 'SCOPE_COMMUNITY_COURSE_ADMIN_READ', 'SCOPE_DIVE_API_READ', 'SCOPE_DI_OAUTH_2_CLIENT_READ', 'SCOPE_CONNECT_WRITE', 'SCOPE_COMMUNITY_COURSE_WRITE', 'SCOPE_MESSAGE_GENERATION_READ', 'SCOPE_DI_OAUTH_2_CLIENT_REVOCATION_ADMIN', 'SCOPE_CONNECT_WEB_TEMPLATE_RENDER', 'SCOPE_OMT_SUBSCRIPTION_ADMIN_READ', 'SCOPE_CONNECT_NON_SOCIAL_SHARED_READ', 'SCOPE_CONNECT_READ', 'SCOPE_DI_OAUTH_2_TOKEN_ADMIN', 'ROLE_CONNECTUSER', 'ROLE_FITNESS_USER', 'ROLE_WELLNESS_USER']","{'typeId': 4, 'typeKey': 'groups'}",False,False,149,1732220762000,1,3.799999952316284,0.0,129.7199951171875,61.0,3461278113,4.800000190734863,29.0,179.0,{'summarizedDiveGases': []},0.8000001907348633,GARMIN,Bristol,8,41.654337365180254,-71.26124904491007,611.0,LACTATE_THRESHOLD,130.34719848632812,101.08999633789062,IMPROVING_LACTATE_THRESHOLD_12,NO_ANAEROBIC_BENEFIT_0,"[{'noOfSplits': 1, 'totalAscent': 27.0, 'duration': 728.9080200195312, 'splitType': 'INTERVAL_COOLDOWN', 'numClimbSends': 0, 'maxElevationGain': 27.0, 'averageElevationGain': 27.0, 'maxDistance': 2449, 'distance': 2449.679931640625, 'averageSpeed': 3.3610000610351562, 'maxSpeed': 4.544000148773193, 'numFalls': 0, 'elevationLoss': 15.0}, {'noOfSplits': 1, 'totalAscent': 0.0, 'duration': 6.0, 'splitType': 'RWD_WALK', 'numClimbSends': 0, 'maxElevationGain': 0.0, 'averageElevationGain': 0.0, 'maxDistance': 13, 'distance': 13.199999809265137, 'averageSpeed': 2.200000047683716, 'maxSpeed': 2.0429999828338623, 'numFalls': 0, 'elevationLoss': 0.0}, {'noOfSplits': 1, 'totalAscent': 21.0, 'duration': 900.0, 'splitType': 'INTERVAL_ACTIVE', 'numClimbSends': 0, 'maxElevationGain': 21.0, 'averageElevationGain': 21.0, 'maxDistance': 3739, 'distance': 3739.97998046875, 'averageSpeed': 4.156000137329102, 'maxSpeed': 4.63700008392334, 'numFalls': 0, 'elevationLoss': 40.0}, {'noOfSplits': 1, 'totalAscent': 13.0, 'duration': 572.7550048828125, 'splitType': 'INTERVAL_WARMUP', 'numClimbSends': 0, 'maxElevationGain': 13.0, 'averageElevationGain': 13.0, 'maxDistance': 1957, 'distance': 1957.5400390625, 'averageSpeed': 3.4179999828338623, 'maxSpeed': 3.815999984741211, 'numFalls': 0, 'elevationLoss': 9.0}, {'noOfSplits': 1, 'totalAscent': 60.0, 'duration': 2201.64501953125, 'splitType': 'RWD_RUN', 'numClimbSends': 0, 'maxElevationGain': 60.0, 'averageElevationGain': 60.0, 'maxDistance': 8134, 'distance': 8134.0, 'averageSpeed': 3.694999933242798, 'maxSpeed': 4.63700008392334, 'numFalls': 0, 'elevationLoss': 64.0}]",True,1,34,-9.0,False,,,,,,False,False,False,False,False,False,False,False,False,401.0,612.0,412.0,9.730000305175782,246.0,7.539999961853027,3.7009999752044678,236.79100036621094,383.6510009765625,1268.383056640625,,,,,,3461278113.0,,,,,,
17571383333,Base,2024-11-18 21:24:54,2024-11-19 02:24:54,"{'typeId': 18, 'typeKey': 'treadmill_running', 'parentTypeId': 1, 'isHidden': False, 'trimmable': True, 'restricted': False}","{'typeId': 9, 'typeKey': 'uncategorized', 'sortOrder': 10}",6021.009765625,1812.0,1812.0,1787.8739929199219,,,3.3229999542236333,4.916999816894531,,,False,False,118790142,ae52ea07-2874-4bde-8648-ac48be0f708d,Riley King,https://s3.amazonaws.com/garmin-connect-prod/profile_images/249fcc8d-9898-4d4a-abf5-ba07581a6fcd-prth.png,https://s3.amazonaws.com/garmin-connect-prod/profile_images/249fcc8d-9898-4d4a-abf5-ba07581a6fcd-prfr.png,https://s3.amazonaws.com/garmin-connect-prod/profile_images/249fcc8d-9898-4d4a-abf5-ba07581a6fcd-prof.png,324.0,45.0,124.0,132.0,160.0,225.0,4876.0,"['SCOPE_GOLF_API_READ', 'SCOPE_ATP_READ', 'SCOPE_DIVE_API_WRITE', 'SCOPE_COMMUNITY_COURSE_ADMIN_READ', 'SCOPE_DIVE_API_READ', 'SCOPE_DI_OAUTH_2_CLIENT_READ', 'SCOPE_CONNECT_WRITE', 'SCOPE_COMMUNITY_COURSE_WRITE', 'SCOPE_MESSAGE_GENERATION_READ', 'SCOPE_DI_OAUTH_2_CLIENT_REVOCATION_ADMIN', 'SCOPE_CONNECT_WEB_TEMPLATE_RENDER', 'SCOPE_OMT_SUBSCRIPTION_ADMIN_READ', 'SCOPE_CONNECT_NON_SOCIAL_SHARED_READ', 'SCOPE_CONNECT_READ', 'SCOPE_DI_OAUTH_2_TOKEN_ADMIN', 'ROLE_CONNECTUSER', 'ROLE_FITNESS_USER', 'ROLE_WELLNESS_USER']","{'typeId': 4, 'typeKey': 'groups'}",False,False,149,1731983094000,1,2.0,0.0,123.8800048828125,,3461278113,,,225.0,{'summarizedDiveGases': []},,GARMIN,,5,,,503.0,RECOVERY,22.256515502929688,12.0,MINOR_AEROBIC_BENEFIT_0,NO_ANAEROBIC_BENEFIT_0,"[{'noOfSplits': 1, 'duration': 1812.0, 'splitType': 'INTERVAL_ACTIVE', 'numClimbSends': 0, 'maxDistance': 6021, 'distance': 6021.02001953125, 'averageSpeed': 3.322999954223633, 'maxSpeed': 4.916999816894531, 'numFalls': 0}, {'noOfSplits': 1, 'duration': 12.99899959564209, 'splitType': 'RWD_STAND', 'numClimbSends': 0, 'maxDistance': 0, 'distance': 0.0, 'averageSpeed': 0.0, 'maxSpeed': 0.0, 'numFalls': 0}, {'noOfSplits': 5, 'duration': 9.001999855041504, 'splitType': 'RWD_WALK', 'numClimbSends': 0, 'maxDistance': 3, 'distance': 6.019999980926514, 'averageSpeed': 0.6690000295639038, 'maxSpeed': 1.6799999475479126, 'numFalls': 0}, {'noOfSplits': 3, 'duration': 1790.98095703125, 'splitType': 'RWD_RUN', 'numClimbSends': 0, 'maxDistance': 4870, 'distance': 6014.990234375, 'averageSpeed': 3.3580000400543213, 'maxSpeed': 4.916999816894531, 'numFalls': 0}]",True,3,27,-7.0,False,,,,,,False,False,False,False,False,False,False,False,False,343.0,522.0,351.0,9.9,262.8999938964844,8.0600004196167,,,,,,,,,,3461278113.0,,,,,,
17554292132,Bristol Running,2024-11-16 15:12:54,2024-11-16 20:12:54,"{'typeId': 1, 'typeKey': 'running', 'parentTypeId': 17, 'isHidden': False, 'trimmable': True, 'restricted': False}","{'typeId': 9, 'typeKey': 'uncategorized', 'sortOrder': 10}",7404.2099609375,1970.8389892578125,1970.8389892578125,1967.5769958496094,59.0,63.0,3.756999969482422,5.71999979019165,41.65432504378259,-71.2612062972039,True,False,118790142,ae52ea07-2874-4bde-8648-ac48be0f708d,Riley King,https://s3.amazonaws.com/garmin-connect-prod/profile_images/249fcc8d-9898-4d4a-abf5-ba07581a6fcd-prth.png,https://s3.amazonaws.com/garmin-connect-prod/profile_images/249fcc8d-9898-4d4a-abf5-ba07581a6fcd-prfr.png,https://s3.amazonaws.com/garmin-connect-prod/profile_images/249fcc8d-9898-4d4a-abf5-ba07581a6fcd-prof.png,506.0,49.0,150.0,182.0,168.71875,202.0,5560.0,"['SCOPE_GOLF_API_READ', 'SCOPE_ATP_READ', 'SCOPE_DIVE_API_WRITE', 'SCOPE_COMMUNITY_COURSE_ADMIN_READ', 'SCOPE_DIVE_API_READ', 'SCOPE_DI_OAUTH_2_CLIENT_READ', 'SCOPE_CONNECT_WRITE', 'SCOPE_COMMUNITY_COURSE_WRITE', 'SCOPE_MESSAGE_GENERATION_READ', 'SCOPE_DI_OAUTH_2_CLIENT_REVOCATION_ADMIN', 'SCOPE_CONNECT_WEB_TEMPLATE_RENDER', 'SCOPE_OMT_SUBSCRIPTION_ADMIN_READ', 'SCOPE_CONNECT_NON_SOCIAL_SHARED_READ', 'SCOPE_CONNECT_READ', 'SCOPE_DI_OAUTH_2_TOKEN_ADMIN', 'ROLE_CONNECTUSER', 'ROLE_FITNESS_USER', 'ROLE_WELLNESS_USER']","{'typeId': 4, 'typeKey': 'groups'}",False,False,149,1731787974000,1,3.700000047683716,2.0999999046325684,133.1,61.0,3461278113,0.0,23.399999618530273,202.0,{'summarizedDiveGases': []},0.5999999046325684,GARMIN,Bristol,5,41.65431112982333,-71.2612784653902,547.0,TEMPO,144.73074340820312,224.72500610351562,IMPACTING_TEMPO_22,MAINTAINING_ANAEROBIC_BASE_1,"[{'noOfSplits': 1, 'totalAscent': 59.0, 'duration': 1970.8389892578125, 'splitType': 'INTERVAL_ACTIVE', 'numClimbSends': 0, 'maxElevationGain': 59.0, 'averageElevationGain': 59.0, 'maxDistance': 7404, 'distance': 7404.2099609375, 'averageSpeed': 3.756999969482422, 'maxSpeed': 5.71999979019165, 'numFalls': 0, 'elevationLoss': 63.0}, {'noOfSplits': 1, 'totalAscent': 0.0, 'duration': 6.0, 'splitType': 'RWD_STAND', 'numClimbSends': 0, 'maxElevationGain': 0.0, 'averageElevationGain': 0.0, 'maxDistance': 11, 'distance': 11.470000267028809, 'averageSpeed': 1.9119999408721924, 'maxSpeed': 1.940999984741211, 'numFalls': 0, 'elevationLoss': 0.0}, {'noOfSplits': 1, 'totalAscent': 59.0, 'duration': 1970.8260498046875, 'splitType': 'RWD_RUN', 'numClimbSends': 0, 'maxElevationGain': 59.0, 'averageElevationGain': 59.0, 'maxDistance': 7392, 'distance': 7392.740234375, 'averageSpeed': 3.750999927520752, 'maxSpeed': 5.71999979019165, 'numFalls': 0, 'elevationLoss': 63.0}]",True,1,31,-8.0,False,,,,,,False,False,False,False,False,False,False,False,False,404.0,588.0,415.0,9.940000152587892,246.0,7.489999771118164,3.769000053405762,234.5070037841797,382.14300537109375,1310.9520263671875,,,,,,,,,,,,
17547089649,Tempo,2024-11-15 17:58:28,2024-11-15 22:58:28,"{'typeId': 18, 'typeKey': 'treadmill_running', 'parentTypeId': 1, 'isHidden': False, 'trimmable': True, 'restricted': False}","{'typeId': 9, 'typeKey': 'uncategorized', 'sortOrder': 10}",9525.75,2433.2490234375,2682.4169921875,2428.5460205078125,,,3.9149999618530273,4.591000080108643,,,False,False,118790142,ae52ea07-2874-4bde-8648-ac48be0f708d,Riley King,https://s3.amazonaws.com/garmin-connect-prod/profile_images/249fcc8d-9898-4d4a-abf5-ba07581a6fcd-prth.png,https://s3.amazonaws.com/garmin-connect-prod/profile_images/249fcc8d-9898-4d4a-abf5-ba07581a6fcd-prfr.png,https://s3.amazonaws.com/garmin-connect-prod/profile_images/249fcc8d-9898-4d4a-abf5-ba07581a6fcd-prof.png,577.0,60.0,146.0,166.0,167.703125,180.0,6776.0,"['SCOPE_GOLF_API_READ', 'SCOPE_ATP_READ', 'SCOPE_DIVE_API_WRITE', 'SCOPE_COMMUNITY_COURSE_ADMIN_READ', 'SCOPE_DIVE_API_READ', 'SCOPE_DI_OAUTH_2_CLIENT_READ', 'SCOPE_CONNECT_WRITE', 'SCOPE_COMMUNITY_COURSE_WRITE', 'SCOPE_MESSAGE_GENERATION_READ', 'SCOPE_DI_OAUTH_2_CLIENT_REVOCATION_ADMIN', 'SCOPE_CONNECT_WEB_TEMPLATE_RENDER', 'SCOPE_OMT_SUBSCRIPTION_ADMIN_READ', 'SCOPE_CONNECT_NON_SOCIAL_SHARED_READ', 'SCOPE_CONNECT_READ', 'SCOPE_DI_OAUTH_2_TOKEN_ADMIN', 'ROLE_CONNECTUSER', 'ROLE_FITNESS_USER', 'ROLE_WELLNESS_USER']","{'typeId': 4, 'typeKey': 'groups'}",False,False,149,1731711508000,1,3.5,0.699999988079071,139.9800048828125,,3461278113,,,180.0,{'summarizedDiveGases': []},,GARMIN,,11,,,675.0,TEMPO,108.14198303222656,33.249000549316406,IMPACTING_TEMPO_22,NO_ANAEROBIC_BENEFIT_0,"[{'noOfSplits': 3, 'duration': 2433.22900390625, 'splitType': 'RWD_RUN', 'numClimbSends': 0, 'maxDistance': 7117, 'distance': 9525.740234375, 'averageSpeed': 3.9149999618530273, 'maxSpeed': 4.591000080108643, 'numFalls': 0}, {'noOfSplits': 3, 'duration': 1440.0, 'splitType': 'INTERVAL_ACTIVE', 'numClimbSends': 0, 'maxDistance': 2089, 'distance': 6163.490234375, 'averageSpeed': 4.28000020980835, 'maxSpeed': 4.591000080108643, 'numFalls': 0}, {'noOfSplits': 2, 'duration': 360.0, 'splitType': 'INTERVAL_RECOVERY', 'numClimbSends': 0, 'maxDistance': 599, 'distance': 1195.8199462890625, 'averageSpeed': 3.322000026702881, 'maxSpeed': 4.385000228881836, 'numFalls': 0}, {'noOfSplits': 1, 'duration': 33.24700164794922, 'splitType': 'INTERVAL_COOLDOWN', 'numClimbSends': 0, 'maxDistance': 121, 'distance': 121.23999786376953, 'averageSpeed': 3.6470000743865967, 'maxSpeed': 4.460000038146973, 'numFalls': 0}, {'noOfSplits': 4, 'duration': 0.0, 'splitType': 'RWD_STAND', 'numClimbSends': 0, 'numFalls': 0}, {'noOfSplits': 4, 'duration': 0.0, 'splitType': 'RWD_WALK', 'numClimbSends': 0, 'numFalls': 0}, {'noOfSplits': 1, 'duration': 600.0, 'splitType': 'INTERVAL_WARMUP', 'numClimbSends': 0, 'maxDistance': 2045, 'distance': 2045.2099609375, 'averageSpeed': 3.4089999198913574, 'maxSpeed': 3.927999973297119, 'numFalls': 0}]",True,1,43,-9.0,False,,,,,,False,False,False,False,False,False,False,False,False,400.0,489.0,408.0,10.26999969482422,244.39999389648438,7.420000076293945,,,,,,,,,,3461278113.0,,,,,,
17498761665,Bristol - Base,2024-11-09 13:44:25,2024-11-09 18:44:25,"{'typeId': 1, 'typeKey': 'running', 'parentTypeId': 17, 'isHidden': False, 'trimmable': True, 'restricted': False}","{'typeId': 9, 'typeKey': 'uncategorized', 'sortOrder': 10}",13288.9697265625,3998.742919921875,4505.00390625,3995.1400146484375,81.0,85.0,3.3229999542236333,3.871999979019165,41.65444574318826,-71.26129874959588,True,False,118790142,ae52ea07-2874-4bde-8648-ac48be0f708d,Riley King,https://s3.amazonaws.com/garmin-connect-prod/profile_images/249fcc8d-9898-4d4a-abf5-ba07581a6fcd-prth.png,https://s3.amazonaws.com/garmin-connect-prod/profile_images/249fcc8d-9898-4d4a-abf5-ba07581a6fcd-prfr.png,https://s3.amazonaws.com/garmin-connect-prod/profile_images/249fcc8d-9898-4d4a-abf5-ba07581a6fcd-prof.png,904.0,99.0,137.0,156.0,170.015625,177.0,11326.0,"['SCOPE_GOLF_API_READ', 'SCOPE_ATP_READ', 'SCOPE_DIVE_API_WRITE', 'SCOPE_COMMUNITY_COURSE_ADMIN_READ', 'SCOPE_DIVE_API_READ', 'SCOPE_DI_OAUTH_2_CLIENT_READ', 'SCOPE_CONNECT_WRITE', 'SCOPE_COMMUNITY_COURSE_WRITE', 'SCOPE_MESSAGE_GENERATION_READ', 'SCOPE_DI_OAUTH_2_CLIENT_REVOCATION_ADMIN', 'SCOPE_CONNECT_WEB_TEMPLATE_RENDER', 'SCOPE_OMT_SUBSCRIPTION_ADMIN_READ', 'SCOPE_CONNECT_NON_SOCIAL_SHARED_READ', 'SCOPE_CONNECT_READ', 'SCOPE_DI_OAUTH_2_TOKEN_ADMIN', 'ROLE_CONNECTUSER', 'ROLE_FITNESS_USER', 'ROLE_WELLNESS_USER']","{'typeId': 4, 'typeKey': 'groups'}",False,False,149,1731177865000,1,3.4000000953674316,0.0,117.45999755859376,61.0,3461278113,-2.5999999046325684,24.600000381469727,177.0,{'summarizedDiveGases': []},0.7999992370605469,GARMIN,Bristol,10,41.654412131756544,-71.26129380427301,1110.0,AEROBIC_BASE,95.17892456054688,44.391998291015625,IMPROVING_AEROBIC_BASE_8,NO_ANAEROBIC_BENEFIT_0,"[{'noOfSplits': 2, 'totalAscent': 81.0, 'duration': 3998.72607421875, 'splitType': 'RWD_RUN', 'numClimbSends': 0, 'maxElevationGain': 46.0, 'averageElevationGain': 41.0, 'maxDistance': 7828, 'distance': 13288.9697265625, 'averageSpeed': 3.322999954223633, 'maxSpeed': 3.871999979019165, 'numFalls': 0, 'elevationLoss': 85.0}, {'noOfSplits': 5, 'duration': 0.0, 'splitType': 'RWD_WALK', 'numClimbSends': 0, 'numFalls': 0}, {'noOfSplits': 4, 'duration': 0.0, 'splitType': 'RWD_STAND', 'numClimbSends': 0, 'numFalls': 0}, {'noOfSplits': 1, 'totalAscent': 81.0, 'duration': 3998.742919921875, 'splitType': 'INTERVAL_ACTIVE', 'numClimbSends': 0, 'maxElevationGain': 81.0, 'averageElevationGain': 81.0, 'maxDistance': 13288, 'distance': 13288.9599609375, 'averageSpeed': 3.322999954223633, 'maxSpeed': 3.871999979019165, 'numFalls': 0, 'elevationLoss': 85.0}]",True,1,68,-20.0,False,,,,,,False,False,False,False,False,False,False,False,False,359.0,482.0,364.0,9.35999984741211,256.5,7.980000019073486,3.3340001106262207,285.6210021972656,468.5369873046875,1479.488037109375,,,,,,3461278113.0,2994.389892578125,,,,,
17484786065,Base,2024-11-07 20:14:52,2024-11-08 01:14:52,"{'typeId': 18, 'typeKey': 'treadmill_running', 'parentTypeId': 1, 'isHidden': False, 'trimmable': True, 'restricted': False}","{'typeId': 9, 'typeKey': 'uncategorized', 'sortOrder': 10}",6218.8798828125,1804.657958984375,1804.657958984375,1793.6069946289062,,,3.4460000991821294,4.01200008392334,,,False,False,118790142,ae52ea07-2874-4bde-8648-ac48be0f708d,Riley King,https://s3.amazonaws.com/garmin-connect-prod/profile_images/249fcc8d-9898-4d4a-abf5-ba07581a6fcd-prth.png,https://s3.amazonaws.com/garmin-connect-prod/profile_images/249fcc8d-9898-4d4a-abf5-ba07581a6fcd-prfr.png,https://s3.amazonaws.com/garmin-connect-prod/profile_images/249fcc8d-9898-4d4a-abf5-ba07581a6fcd-prof.png,315.0,45.0,125.0,137.0,164.515625,176.0,4948.0,"['SCOPE_GOLF_API_READ', 'SCOPE_ATP_READ', 'SCOPE_DIVE_API_WRITE', 'SCOPE_COMMUNITY_COURSE_ADMIN_READ', 'SCOPE_DIVE_API_READ', 'SCOPE_DI_OAUTH_2_CLIENT_READ', 'SCOPE_CONNECT_WRITE', 'SCOPE_COMMUNITY_COURSE_WRITE', 'SCOPE_MESSAGE_GENERATION_READ', 'SCOPE_DI_OAUTH_2_CLIENT_REVOCATION_ADMIN', 'SCOPE_CONNECT_WEB_TEMPLATE_RENDER', 'SCOPE_OMT_SUBSCRIPTION_ADMIN_READ', 'SCOPE_CONNECT_NON_SOCIAL_SHARED_READ', 'SCOPE_CONNECT_READ', 'SCOPE_DI_OAUTH_2_TOKEN_ADMIN', 'ROLE_CONNECTUSER', 'ROLE_FITNESS_USER', 'ROLE_WELLNESS_USER']","{'typeId': 4, 'typeKey': 'groups'}",False,False,149,1731028492000,1,2.0,0.0,126.35999755859376,,3461278113,,,176.0,{'summarizedDiveGases': []},,GARMIN,,5,,,501.0,RECOVERY,21.155471801757812,4.6579999923706055,MINOR_AEROBIC_BENEFIT_0,NO_ANAEROBIC_BENEFIT_0,"[{'noOfSplits': 2, 'duration': 7.0, 'splitType': 'RWD_WALK', 'numClimbSends': 0, 'maxDistance': 1, 'distance': 1.7999999523162842, 'averageSpeed': 0.25699999928474426, 'maxSpeed': 0.8859999775886536, 'numFalls': 0}, {'noOfSplits': 1, 'duration': 7.0, 'splitType': 'RWD_STAND', 'numClimbSends': 0, 'maxDistance': 0, 'distance': 0.0, 'averageSpeed': 0.0, 'maxSpeed': 0.0, 'numFalls': 0}, {'noOfSplits': 1, 'duration': 1804.657958984375, 'splitType': 'INTERVAL_ACTIVE', 'numClimbSends': 0, 'maxDistance': 6218, 'distance': 6218.8798828125, 'averageSpeed': 3.446000099182129, 'maxSpeed': 4.01200008392334, 'numFalls': 0}, {'noOfSplits': 1, 'duration': 1794.6400146484375, 'splitType': 'RWD_RUN', 'numClimbSends': 0, 'maxDistance': 6217, 'distance': 6217.080078125, 'averageSpeed': 3.4639999866485596, 'maxSpeed': 4.01200008392334, 'numFalls': 0}]",True,1,28,-5.0,False,,,,,,False,False,False,False,False,False,False,False,False,356.0,441.0,360.0,10.030000305175783,259.79998779296875,7.960000038146973,,,,,,,,,,3461278113.0,,,,,,
17452342878,Treadmill Running,2024-11-03 20:43:16,2024-11-04 01:43:16,"{'typeId': 18, 'typeKey': 'treadmill_running', 'parentTypeId': 1, 'isHidden': False, 'trimmable': True, 'restricted': False}","{'typeId': 9, 'typeKey': 'uncategorized', 'sortOrder': 10}",4029.889892578125,1066.7669677734375,1066.7669677734375,1065.5760192871094,,,3.7780001163482666,6.092999935150147,,,False,False,118790142,ae52ea07-2874-4bde-8648-ac48be0f708d,Riley King,https://s3.amazonaws.com/garmin-connect-prod/profile_images/249fcc8d-9898-4d4a-abf5-ba07581a6fcd-prth.png,https://s3.amazonaws.com/garmin-connect-prod/profile_images/249fcc8d-9898-4d4a-abf5-ba07581a6fcd-prfr.png,https://s3.amazonaws.com/garmin-connect-prod/profile_images/249fcc8d-9898-4d4a-abf5-ba07581a6fcd-prof.png,264.0,27.0,147.0,182.0,166.34375,190.0,2748.0,"['SCOPE_GOLF_API_READ', 'SCOPE_ATP_READ', 'SCOPE_DIVE_API_WRITE', 'SCOPE_COMMUNITY_COURSE_ADMIN_READ', 'SCOPE_DIVE_API_READ', 'SCOPE_DI_OAUTH_2_CLIENT_READ', 'SCOPE_CONNECT_WRITE', 'SCOPE_COMMUNITY_COURSE_WRITE', 'SCOPE_MESSAGE_GENERATION_READ', 'SCOPE_DI_OAUTH_2_CLIENT_REVOCATION_ADMIN', 'SCOPE_CONNECT_WEB_TEMPLATE_RENDER', 'SCOPE_OMT_SUBSCRIPTION_ADMIN_READ', 'SCOPE_CONNECT_NON_SOCIAL_SHARED_READ', 'SCOPE_CONNECT_READ', 'SCOPE_DI_OAUTH_2_TOKEN_ADMIN', 'ROLE_CONNECTUSER', 'ROLE_FITNESS_USER', 'ROLE_WELLNESS_USER']","{'typeId': 4, 'typeKey': 'groups'}",False,False,149,1730684596000,1,3.0,1.899999976158142,134.95000000000002,,3461278113,,,190.0,{'summarizedDiveGases': []},,GARMIN,,3,,,295.0,TEMPO,83.52406311035156,158.1909942626953,IMPACTING_TEMPO_22,MINOR_ANAEROBIC_BENEFIT_15,"[{'noOfSplits': 1, 'duration': 1066.7669677734375, 'splitType': 'INTERVAL_ACTIVE', 'numClimbSends': 0, 'maxDistance': 4029, 'distance': 4029.889892578125, 'averageSpeed': 3.7780001163482666, 'maxSpeed': 6.0929999351501465, 'numFalls': 0}, {'noOfSplits': 1, 'duration': 1066.7530517578125, 'splitType': 'RWD_RUN', 'numClimbSends': 0, 'maxDistance': 4029, 'distance': 4029.889892578125, 'averageSpeed': 3.7780001163482666, 'maxSpeed': 6.0929999351501465, 'numFalls': 0}]",True,0,17,-4.0,False,,,,,,False,False,False,False,False,False,False,False,False,379.0,559.0,399.0,9.950000000000001,250.39999389648438,7.579999923706055,,,,,,,,,,,,,,,,
17450514122,Concord Walking,2024-11-03 11:57:56,2024-11-03 16:57:56,"{'typeId': 9, 'typeKey': 'walking', 'parentTypeId': 17, 'isHidden': False, 'trimmable': True, 'restricted': False}","{'typeId': 9, 'typeKey': 'uncategorized', 'sortOrder': 10}",7870.259765625,6066.48876953125,6066.48876953125,5842.7879638671875,275.0,270.0,1.2970000505447388,2.76200008392334,43.26138230971992,-71.52059786953032,True,False,118790142,ae52ea07-2874-4bde-8648-ac48be0f708d,Riley King,https://s3.amazonaws.com/garmin-connect-prod/profile_images/249fcc8d-9898-4d4a-abf5-ba07581a6fcd-prth.png,https://s3.amazonaws.com/garmin-connect-prod/profile_images/249fcc8d-9898-4d4a-abf5-ba07581a6fcd-prfr.png,https://s3.amazonaws.com/garmin-connect-prod/profile_images/249fcc8d-9898-4d4a-abf5-ba07581a6fcd-prof.png,562.0,151.0,99.0,132.0,104.015625,239.0,10698.0,"['SCOPE_GOLF_API_READ', 'SCOPE_ATP_READ', 'SCOPE_DIVE_API_WRITE', 'SCOPE_COMMUNITY_COURSE_ADMIN_READ', 'SCOPE_DIVE_API_READ', 'SCOPE_DI_OAUTH_2_CLIENT_READ', 'SCOPE_CONNECT_WRITE', 'SCOPE_COMMUNITY_COURSE_WRITE', 'SCOPE_MESSAGE_GENERATION_READ', 'SCOPE_DI_OAUTH_2_CLIENT_REVOCATION_ADMIN', 'SCOPE_CONNECT_WEB_TEMPLATE_RENDER', 'SCOPE_OMT_SUBSCRIPTION_ADMIN_READ', 'SCOPE_CONNECT_NON_SOCIAL_SHARED_READ', 'SCOPE_CONNECT_READ', 'SCOPE_DI_OAUTH_2_TOKEN_ADMIN', 'ROLE_CONNECTUSER', 'ROLE_FITNESS_USER', 'ROLE_WELLNESS_USER']","{'typeId': 4, 'typeKey': 'groups'}",False,False,149,1730653076000,11,1.5,0.0,74.8262672330614,60.0,3461278113,114.0,288.79998779296875,239.0,{'summarizedDiveGases': []},0.4000091552734375,GARMIN,Concord,5,43.26174574904144,-71.52113380841911,667.0,RECOVERY,15.263427734375,1152.9090576171875,RECOVERY_5,NO_ANAEROBIC_BENEFIT_0,[],False,78,0,-11.0,False,,,,,,False,False,False,False,False,False,False,False,False,,,,,,,,,,,,,,,,,,,,,,
17442647715,Concord Running,2024-11-02 17:32:42,2024-11-02 21:32:42,"{'typeId': 1, 'typeKey': 'running', 'parentTypeId': 17, 'isHidden': False, 'trimmable': True, 'restricted': False}","{'typeId': 9, 'typeKey': 'uncategorized', 'sortOrder': 10}",8127.72998046875,2372.280029296875,2372.280029296875,2368.551025390625,70.0,72.0,3.4260001182556152,4.208000183105469,43.261437295004725,-71.52102710679173,True,False,118790142,ae52ea07-2874-4bde-8648-ac48be0f708d,Riley King,https://s3.amazonaws.com/garmin-connect-prod/profile_images/249fcc8d-9898-4d4a-abf5-ba07581a6fcd-prth.png,https://s3.amazonaws.com/garmin-connect-prod/profile_images/249fcc8d-9898-4d4a-abf5-ba07581a6fcd-prfr.png,https://s3.amazonaws.com/garmin-connect-prod/profile_images/249fcc8d-9898-4d4a-abf5-ba07581a6fcd-prof.png,580.0,59.0,147.0,160.0,168.21875,176.0,6648.0,"['SCOPE_GOLF_API_READ', 'SCOPE_ATP_READ', 'SCOPE_DIVE_API_WRITE', 'SCOPE_COMMUNITY_COURSE_ADMIN_READ', 'SCOPE_DIVE_API_READ', 'SCOPE_DI_OAUTH_2_CLIENT_READ', 'SCOPE_CONNECT_WRITE', 'SCOPE_COMMUNITY_COURSE_WRITE', 'SCOPE_MESSAGE_GENERATION_READ', 'SCOPE_DI_OAUTH_2_CLIENT_REVOCATION_ADMIN', 'SCOPE_CONNECT_WEB_TEMPLATE_RENDER', 'SCOPE_OMT_SUBSCRIPTION_ADMIN_READ', 'SCOPE_CONNECT_NON_SOCIAL_SHARED_READ', 'SCOPE_CONNECT_READ', 'SCOPE_DI_OAUTH_2_TOKEN_ADMIN', 'ROLE_CONNECTUSER', 'ROLE_FITNESS_USER', 'ROLE_WELLNESS_USER']","{'typeId': 4, 'typeKey': 'groups'}",False,False,149,1730583162000,1,3.4000000953674316,0.0,122.68000488281251,61.0,3461278113,89.5999984741211,117.5999984741211,176.0,{'summarizedDiveGases': []},0.600006103515625,GARMIN,Concord,6,43.26167944818735,-71.52108008041978,655.0,AEROBIC_BASE,97.61871337890625,34.766998291015625,IMPROVING_AEROBIC_BASE_8,NO_ANAEROBIC_BENEFIT_0,"[{'noOfSplits': 1, 'totalAscent': 70.0, 'duration': 2372.280029296875, 'splitType': 'INTERVAL_ACTIVE', 'numClimbSends': 0, 'maxElevationGain': 70.0, 'averageElevationGain': 70.0, 'maxDistance': 8127, 'distance': 8127.72998046875, 'averageSpeed': 3.4260001182556152, 'maxSpeed': 4.208000183105469, 'numFalls': 0, 'elevationLoss': 72.0}, {'noOfSplits': 6, 'totalAscent': 0.0, 'duration': 2.0, 'splitType': 'RWD_STAND', 'numClimbSends': 0, 'maxElevationGain': 0.0, 'averageElevationGain': 0.0, 'maxDistance': 6, 'distance': 6.619999885559082, 'averageSpeed': 3.309999942779541, 'maxSpeed': 3.23799991607666, 'numFalls': 0, 'elevationLoss': 0.0}, {'noOfSplits': 2, 'totalAscent': 70.0, 'duration': 2372.257080078125, 'splitType': 'RWD_RUN', 'numClimbSends': 0, 'maxElevationGain': 70.0, 'averageElevationGain': 70.0, 'maxDistance': 8121, 'distance': 8121.10986328125, 'averageSpeed': 3.4230000972747803, 'maxSpeed': 4.208000183105469, 'numFalls': 0, 'elevationLoss': 72.0}]",True,0,39,-12.0,False,,,,,,False,False,False,False,False,False,False,False,False,369.0,590.0,386.0,9.60999984741211,255.0,7.889999866485596,3.4630000591278076,253.8159942626953,415.1499938964844,1467.614990234375,,,,,,,,,,,,
17439747503,Concord Trail Running,2024-11-02 09:38:09,2024-11-02 13:38:09,"{'typeId': 6, 'typeKey': 'trail_running', 'parentTypeId': 1, 'isHidden': False, 'trimmable': True, 'restricted': False}","{'typeId': 9, 'typeKey': 'uncategorized', 'sortOrder': 10}",7157.5400390625,3765.5810546875,3765.5810546875,3704.2369995117188,240.0,227.0,1.9010000228881836,7.006999969482422,43.26131500303745,-71.5206987876445,True,False,118790142,ae52ea07-2874-4bde-8648-ac48be0f708d,Riley King,https://s3.amazonaws.com/garmin-connect-prod/profile_images/249fcc8d-9898-4d4a-abf5-ba07581a6fcd-prth.png,https://s3.amazonaws.com/garmin-connect-prod/profile_images/249fcc8d-9898-4d4a-abf5-ba07581a6fcd-prfr.png,https://s3.amazonaws.com/garmin-connect-prod/profile_images/249fcc8d-9898-4d4a-abf5-ba07581a6fcd-prof.png,576.0,94.0,125.0,141.0,143.90625,246.0,9264.0,"['SCOPE_GOLF_API_READ', 'SCOPE_ATP_READ', 'SCOPE_DIVE_API_WRITE', 'SCOPE_COMMUNITY_COURSE_ADMIN_READ', 'SCOPE_DIVE_API_READ', 'SCOPE_DI_OAUTH_2_CLIENT_READ', 'SCOPE_CONNECT_WRITE', 'SCOPE_COMMUNITY_COURSE_WRITE', 'SCOPE_MESSAGE_GENERATION_READ', 'SCOPE_DI_OAUTH_2_CLIENT_REVOCATION_ADMIN', 'SCOPE_CONNECT_WEB_TEMPLATE_RENDER', 'SCOPE_OMT_SUBSCRIPTION_ADMIN_READ', 'SCOPE_CONNECT_NON_SOCIAL_SHARED_READ', 'SCOPE_CONNECT_READ', 'SCOPE_DI_OAUTH_2_TOKEN_ADMIN', 'ROLE_CONNECTUSER', 'ROLE_FITNESS_USER', 'ROLE_WELLNESS_USER']","{'typeId': 4, 'typeKey': 'groups'}",False,False,149,1730554689000,1,2.200000047683716,0.4000000059604645,78.24000244140626,,3461278113,116.0,255.0,246.0,{'summarizedDiveGases': []},0.8000030517578125,GARMIN,Concord,5,43.2616993971169,-71.52112634852529,649.0,AEROBIC_BASE,34.504547119140625,347.385986328125,MAINTAINING_AEROBIC_BASE_7,NO_ANAEROBIC_BENEFIT_0,"[{'noOfSplits': 3, 'totalAscent': 0.0, 'duration': 40.5620002746582, 'splitType': 'RWD_STAND', 'numClimbSends': 0, 'maxElevationGain': 0.0, 'averageElevationGain': 0.0, 'maxDistance': 9, 'distance': 14.649999618530273, 'averageSpeed': 0.3610000014305115, 'maxSpeed': 0.0, 'numFalls': 0, 'elevationLoss': 0.0}, {'noOfSplits': 17, 'totalAscent': 160.0, 'duration': 3123.0009765625, 'splitType': 'RWD_RUN', 'numClimbSends': 0, 'maxElevationGain': 42.0, 'averageElevationGain': 9.0, 'maxDistance': 1525, 'distance': 6361.169921875, 'averageSpeed': 2.0369999408721924, 'maxSpeed': 7.006999969482422, 'numFalls': 0, 'elevationLoss': 227.0}, {'noOfSplits': 18, 'totalAscent': 80.0, 'duration': 601.9990234375, 'splitType': 'RWD_WALK', 'numClimbSends': 0, 'maxElevationGain': 39.0, 'averageElevationGain': 4.0, 'maxDistance': 281, 'distance': 781.719970703125, 'averageSpeed': 1.2990000247955322, 'maxSpeed': 2.118000030517578, 'numFalls': 0, 'elevationLoss': 0.0}, {'noOfSplits': 1, 'totalAscent': 240.0, 'duration': 3765.5810546875, 'splitType': 'INTERVAL_ACTIVE', 'numClimbSends': 0, 'maxElevationGain': 240.0, 'averageElevationGain': 240.0, 'maxDistance': 7157, 'distance': 7157.5498046875, 'averageSpeed': 1.9010000228881836, 'maxSpeed': 7.006999969482422, 'numFalls': 0, 'elevationLoss': 227.0}]",True,25,35,-14.0,False,,,,,,False,False,False,False,False,False,False,False,False,217.0,626.0,240.0,7.659999847412109,305.79998779296875,10.029999732971191,2.075000047683716,432.74200439453125,741.1389770507812,2523.694091796875,,,,,,,,,,,,
17393973499,Bristol - Base,2024-10-27 15:21:28,2024-10-27 19:21:28,"{'typeId': 1, 'typeKey': 'running', 'parentTypeId': 17, 'isHidden': False, 'trimmable': True, 'restricted': False}","{'typeId': 9, 'typeKey': 'uncategorized', 'sortOrder': 10}",14093.25,4116.3427734375,4250.76904296875,4112.8489990234375,82.0,87.0,3.4240000247955327,4.255000114440918,41.65444549173117,-71.26132079400122,True,False,118790142,ae52ea07-2874-4bde-8648-ac48be0f708d,Riley King,https://s3.amazonaws.com/garmin-connect-prod/profile_images/249fcc8d-9898-4d4a-abf5-ba07581a6fcd-prth.png,https://s3.amazonaws.com/garmin-connect-prod/profile_images/249fcc8d-9898-4d4a-abf5-ba07581a6fcd-prfr.png,https://s3.amazonaws.com/garmin-connect-prod/profile_images/249fcc8d-9898-4d4a-abf5-ba07581a6fcd-prof.png,977.0,102.0,144.0,159.0,166.109375,250.0,11386.0,"['SCOPE_GOLF_API_READ', 'SCOPE_ATP_READ', 'SCOPE_DIVE_API_WRITE', 'SCOPE_COMMUNITY_COURSE_ADMIN_READ', 'SCOPE_DIVE_API_READ', 'SCOPE_DI_OAUTH_2_CLIENT_READ', 'SCOPE_CONNECT_WRITE', 'SCOPE_COMMUNITY_COURSE_WRITE', 'SCOPE_MESSAGE_GENERATION_READ', 'SCOPE_DI_OAUTH_2_CLIENT_REVOCATION_ADMIN', 'SCOPE_CONNECT_WEB_TEMPLATE_RENDER', 'SCOPE_OMT_SUBSCRIPTION_ADMIN_READ', 'SCOPE_CONNECT_NON_SOCIAL_SHARED_READ', 'SCOPE_CONNECT_READ', 'SCOPE_DI_OAUTH_2_TOKEN_ADMIN', 'ROLE_CONNECTUSER', 'ROLE_FITNESS_USER', 'ROLE_WELLNESS_USER']","{'typeId': 4, 'typeKey': 'groups'}",False,False,149,1730056888000,1,4.0,0.0,123.45,61.0,3461278113,1.0,27.600000381469727,250.0,{'summarizedDiveGases': []},0.6000003814697266,GARMIN,Bristol,10,41.65431557223201,-71.26122817397118,1143.0,AEROBIC_BASE,137.1045684814453,61.41999816894531,HIGHLY_IMPROVING_AEROBIC_ENDURANCE_10,NO_ANAEROBIC_BENEFIT_0,"[{'noOfSplits': 8, 'totalAscent': 0.0, 'duration': 116.40599822998047, 'splitType': 'RWD_WALK', 'numClimbSends': 0, 'maxElevationGain': 0.0, 'averageElevationGain': 0.0, 'maxDistance': 125, 'distance': 197.9600067138672, 'averageSpeed': 1.7009999752044678, 'maxSpeed': 2.2109999656677246, 'numFalls': 0, 'elevationLoss': 0.0}, {'noOfSplits': 8, 'totalAscent': 82.0, 'duration': 4000.9189453125, 'splitType': 'RWD_RUN', 'numClimbSends': 0, 'maxElevationGain': 49.0, 'averageElevationGain': 12.0, 'maxDistance': 8037, 'distance': 13895.2998046875, 'averageSpeed': 3.4730000495910645, 'maxSpeed': 4.255000114440918, 'numFalls': 0, 'elevationLoss': 87.0}, {'noOfSplits': 1, 'totalAscent': 82.0, 'duration': 4116.3427734375, 'splitType': 'INTERVAL_ACTIVE', 'numClimbSends': 0, 'maxElevationGain': 82.0, 'averageElevationGain': 82.0, 'maxDistance': 14093, 'distance': 14093.26953125, 'averageSpeed': 3.4240000247955322, 'maxSpeed': 4.255000114440918, 'numFalls': 0, 'elevationLoss': 87.0}]",True,4,66,-17.0,False,,,,,,False,False,False,False,False,False,False,False,False,367.0,526.0,378.0,9.61999969482422,255.60000610351562,7.809999942779541,3.443000078201294,268.45599365234375,439.37701416015625,1385.5069580078125,,,,,,3461278113.0,2948.7080078125,,,,,
17361956743,Treadmill Running,2024-10-23 20:56:12,2024-10-24 00:56:12,"{'typeId': 18, 'typeKey': 'treadmill_running', 'parentTypeId': 1, 'isHidden': False, 'trimmable': True, 'restricted': False}","{'typeId': 9, 'typeKey': 'uncategorized', 'sortOrder': 10}",6067.6201171875,1700.625,1700.625,1693.0,,,3.5680000782012944,4.255000114440918,,,False,False,118790142,ae52ea07-2874-4bde-8648-ac48be0f708d,Riley King,https://s3.amazonaws.com/garmin-connect-prod/profile_images/249fcc8d-9898-4d4a-abf5-ba07581a6fcd-prth.png,https://s3.amazonaws.com/garmin-connect-prod/profile_images/249fcc8d-9898-4d4a-abf5-ba07581a6fcd-prfr.png,https://s3.amazonaws.com/garmin-connect-prod/profile_images/249fcc8d-9898-4d4a-abf5-ba07581a6fcd-prof.png,360.0,42.0,135.0,145.0,161.4375,176.0,4570.0,"['SCOPE_GOLF_API_READ', 'SCOPE_ATP_READ', 'SCOPE_DIVE_API_WRITE', 'SCOPE_COMMUNITY_COURSE_ADMIN_READ', 'SCOPE_DIVE_API_READ', 'SCOPE_DI_OAUTH_2_CLIENT_READ', 'SCOPE_CONNECT_WRITE', 'SCOPE_COMMUNITY_COURSE_WRITE', 'SCOPE_MESSAGE_GENERATION_READ', 'SCOPE_DI_OAUTH_2_CLIENT_REVOCATION_ADMIN', 'SCOPE_CONNECT_WEB_TEMPLATE_RENDER', 'SCOPE_OMT_SUBSCRIPTION_ADMIN_READ', 'SCOPE_CONNECT_NON_SOCIAL_SHARED_READ', 'SCOPE_CONNECT_READ', 'SCOPE_DI_OAUTH_2_TOKEN_ADMIN', 'ROLE_CONNECTUSER', 'ROLE_FITNESS_USER', 'ROLE_WELLNESS_USER']","{'typeId': 4, 'typeKey': 'groups'}",False,False,149,1729731372000,1,2.4000000953674316,0.0,133.24000244140626,,3461278113,,,176.0,{'summarizedDiveGases': []},,GARMIN,,4,,,471.0,RECOVERY,42.911834716796875,337.5570068359375,MINOR_AEROBIC_BENEFIT_0,NO_ANAEROBIC_BENEFIT_0,"[{'noOfSplits': 1, 'duration': 1700.625, 'splitType': 'INTERVAL_ACTIVE', 'numClimbSends': 0, 'maxDistance': 6067, 'distance': 6067.6298828125, 'averageSpeed': 3.568000078201294, 'maxSpeed': 4.255000114440918, 'numFalls': 0}, {'noOfSplits': 3, 'duration': 1698.0009765625, 'splitType': 'RWD_RUN', 'numClimbSends': 0, 'maxDistance': 6051, 'distance': 6051.43017578125, 'averageSpeed': 3.563999891281128, 'maxSpeed': 4.255000114440918, 'numFalls': 0}, {'noOfSplits': 6, 'duration': 7.604000091552734, 'splitType': 'RWD_WALK', 'numClimbSends': 0, 'maxDistance': 8, 'distance': 16.200000762939453, 'averageSpeed': 2.130000114440918, 'maxSpeed': 2.127000093460083, 'numFalls': 0}]",True,1,26,-6.0,False,,,,,,False,False,False,False,False,False,False,False,False,369.0,464.0,376.0,10.380000305175782,260.20001220703125,7.829999923706055,,,,,,,,,,,,,,,,
17326603253,Bristol - Base,2024-10-19 14:31:42,2024-10-19 18:31:42,"{'typeId': 1, 'typeKey': 'running', 'parentTypeId': 17, 'isHidden': False, 'trimmable': True, 'restricted': False}","{'typeId': 9, 'typeKey': 'uncategorized', 'sortOrder': 10}",21406.029296875,5791.626953125,5944.6611328125,5786.8510093688965,137.0,141.0,3.696000099182129,4.89900016784668,41.65444163605571,-71.26127662137151,True,False,118790142,ae52ea07-2874-4bde-8648-ac48be0f708d,Riley King,https://s3.amazonaws.com/garmin-connect-prod/profile_images/249fcc8d-9898-4d4a-abf5-ba07581a6fcd-prth.png,https://s3.amazonaws.com/garmin-connect-prod/profile_images/249fcc8d-9898-4d4a-abf5-ba07581a6fcd-prfr.png,https://s3.amazonaws.com/garmin-connect-prod/profile_images/249fcc8d-9898-4d4a-abf5-ba07581a6fcd-prof.png,1519.0,144.0,159.0,177.0,168.96875,176.0,16342.0,"['SCOPE_GOLF_API_READ', 'SCOPE_ATP_READ', 'SCOPE_DIVE_API_WRITE', 'SCOPE_COMMUNITY_COURSE_ADMIN_READ', 'SCOPE_DIVE_API_READ', 'SCOPE_DI_OAUTH_2_CLIENT_READ', 'SCOPE_CONNECT_WRITE', 'SCOPE_COMMUNITY_COURSE_WRITE', 'SCOPE_MESSAGE_GENERATION_READ', 'SCOPE_DI_OAUTH_2_CLIENT_REVOCATION_ADMIN', 'SCOPE_CONNECT_WEB_TEMPLATE_RENDER', 'SCOPE_OMT_SUBSCRIPTION_ADMIN_READ', 'SCOPE_CONNECT_NON_SOCIAL_SHARED_READ', 'SCOPE_CONNECT_READ', 'SCOPE_DI_OAUTH_2_TOKEN_ADMIN', 'ROLE_CONNECTUSER', 'ROLE_FITNESS_USER', 'ROLE_WELLNESS_USER']","{'typeId': 4, 'typeKey': 'groups'}",False,False,149,1729362702000,1,5.0,0.0,131.2199951171875,61.0,3461278113,5.400000095367432,34.400001525878906,176.0,{'summarizedDiveGases': []},0.8000001907348633,GARMIN,Bristol,15,41.65287874639034,-71.25858359970152,1608.0,LACTATE_THRESHOLD,241.62229919433594,25.54800033569336,OVERREACHING_14,NO_ANAEROBIC_BENEFIT_0,"[{'noOfSplits': 1, 'totalAscent': 137.0, 'duration': 5791.626953125, 'splitType': 'INTERVAL_ACTIVE', 'numClimbSends': 0, 'maxElevationGain': 137.0, 'averageElevationGain': 137.0, 'maxDistance': 21406, 'distance': 21406.05078125, 'averageSpeed': 3.696000099182129, 'maxSpeed': 4.89900016784668, 'numFalls': 0, 'elevationLoss': 141.0}, {'noOfSplits': 7, 'totalAscent': 0.0, 'duration': 5.1519999504089355, 'splitType': 'RWD_WALK', 'numClimbSends': 0, 'maxElevationGain': 0.0, 'averageElevationGain': 0.0, 'maxDistance': 9, 'distance': 17.610000610351562, 'averageSpeed': 3.4179999828338623, 'maxSpeed': 2.1459999084472656, 'numFalls': 0, 'elevationLoss': 0.0}, {'noOfSplits': 3, 'totalAscent': 137.0, 'duration': 5788.45703125, 'splitType': 'RWD_RUN', 'numClimbSends': 0, 'maxElevationGain': 69.0, 'averageElevationGain': 46.0, 'maxDistance': 9613, 'distance': 21388.4296875, 'averageSpeed': 3.694999933242798, 'maxSpeed': 4.89900016784668, 'numFalls': 0, 'elevationLoss': 141.0}, {'noOfSplits': 4, 'duration': 0.0, 'splitType': 'RWD_STAND', 'numClimbSends': 0, 'numFalls': 0}]",True,1,97,-24.0,False,,,,,,True,False,False,False,False,False,False,False,False,393.0,552.0,398.0,9.880000305175782,247.39999389648438,7.539999961853027,3.7149999141693115,239.96499633789062,399.22100830078125,1326.0460205078125,,,,,,3461278113.0,2684.868896484375,Felt incredible! gorgeous day,5791.626953125,,,
17295294715,Treadmill Running,2024-10-15 18:43:14,2024-10-15 22:43:14,"{'typeId': 18, 'typeKey': 'treadmill_running', 'parentTypeId': 1, 'isHidden': False, 'trimmable': True, 'restricted': False}","{'typeId': 9, 'typeKey': 'uncategorized', 'sortOrder': 10}",5219.93994140625,1297.321044921875,1297.321044921875,1283.2579956054688,,,4.02400016784668,5.765999794006348,,,False,False,118790142,ae52ea07-2874-4bde-8648-ac48be0f708d,Riley King,https://s3.amazonaws.com/garmin-connect-prod/profile_images/249fcc8d-9898-4d4a-abf5-ba07581a6fcd-prth.png,https://s3.amazonaws.com/garmin-connect-prod/profile_images/249fcc8d-9898-4d4a-abf5-ba07581a6fcd-prfr.png,https://s3.amazonaws.com/garmin-connect-prod/profile_images/249fcc8d-9898-4d4a-abf5-ba07581a6fcd-prof.png,340.0,32.0,155.0,180.0,166.90625,179.0,3498.0,"['SCOPE_GOLF_API_READ', 'SCOPE_ATP_READ', 'SCOPE_DIVE_API_WRITE', 'SCOPE_COMMUNITY_COURSE_ADMIN_READ', 'SCOPE_DIVE_API_READ', 'SCOPE_DI_OAUTH_2_CLIENT_READ', 'SCOPE_CONNECT_WRITE', 'SCOPE_COMMUNITY_COURSE_WRITE', 'SCOPE_MESSAGE_GENERATION_READ', 'SCOPE_DI_OAUTH_2_CLIENT_REVOCATION_ADMIN', 'SCOPE_CONNECT_WEB_TEMPLATE_RENDER', 'SCOPE_OMT_SUBSCRIPTION_ADMIN_READ', 'SCOPE_CONNECT_NON_SOCIAL_SHARED_READ', 'SCOPE_CONNECT_READ', 'SCOPE_DI_OAUTH_2_TOKEN_ADMIN', 'ROLE_CONNECTUSER', 'ROLE_FITNESS_USER', 'ROLE_WELLNESS_USER']","{'typeId': 4, 'typeKey': 'groups'}",False,False,149,1729032194000,1,3.299999952316284,0.0,145.4699951171875,,3461278113,,,179.0,{'summarizedDiveGases': []},,GARMIN,,4,,,359.0,TEMPO,92.48545837402344,90.57599639892578,IMPACTING_TEMPO_22,NO_ANAEROBIC_BENEFIT_0,"[{'noOfSplits': 1, 'duration': 1297.321044921875, 'splitType': 'INTERVAL_ACTIVE', 'numClimbSends': 0, 'maxDistance': 5219, 'distance': 5219.93994140625, 'averageSpeed': 4.02400016784668, 'maxSpeed': 5.765999794006348, 'numFalls': 0}, {'noOfSplits': 1, 'duration': 1278.303955078125, 'splitType': 'RWD_RUN', 'numClimbSends': 0, 'maxDistance': 5208, 'distance': 5208.85986328125, 'averageSpeed': 4.074999809265137, 'maxSpeed': 5.765999794006348, 'numFalls': 0}, {'noOfSplits': 3, 'duration': 19.0, 'splitType': 'RWD_WALK', 'numClimbSends': 0, 'maxDistance': 11, 'distance': 11.079999923706055, 'averageSpeed': 0.5830000042915344, 'maxSpeed': 1.847000002861023, 'numFalls': 0}]",True,1,19,-5.0,False,,,,,,False,False,False,False,False,False,False,False,False,408.0,561.0,420.0,10.390000152587891,239.5,7.21999979019165,,,,,,,,,,,,,,,,
17270273289,Treadmill Running,2024-10-12 19:38:50,2024-10-12 23:38:50,"{'typeId': 18, 'typeKey': 'treadmill_running', 'parentTypeId': 1, 'isHidden': False, 'trimmable': True, 'restricted': False}","{'typeId': 9, 'typeKey': 'uncategorized', 'sortOrder': 10}",5438.990234375,1404.72900390625,1404.72900390625,1390.1389770507812,,,3.871999979019165,6.261000156402588,,,False,False,118790142,ae52ea07-2874-4bde-8648-ac48be0f708d,Riley King,https://s3.amazonaws.com/garmin-connect-prod/profile_images/249fcc8d-9898-4d4a-abf5-ba07581a6fcd-prth.png,https://s3.amazonaws.com/garmin-connect-prod/profile_images/249fcc8d-9898-4d4a-abf5-ba07581a6fcd-prfr.png,https://s3.amazonaws.com/garmin-connect-prod/profile_images/249fcc8d-9898-4d4a-abf5-ba07581a6fcd-prof.png,360.0,35.0,154.0,176.0,167.859375,225.0,3378.0,"['SCOPE_GOLF_API_READ', 'SCOPE_ATP_READ', 'SCOPE_DIVE_API_WRITE', 'SCOPE_COMMUNITY_COURSE_ADMIN_READ', 'SCOPE_DIVE_API_READ', 'SCOPE_DI_OAUTH_2_CLIENT_READ', 'SCOPE_CONNECT_WRITE', 'SCOPE_COMMUNITY_COURSE_WRITE', 'SCOPE_MESSAGE_GENERATION_READ', 'SCOPE_DI_OAUTH_2_CLIENT_REVOCATION_ADMIN', 'SCOPE_CONNECT_WEB_TEMPLATE_RENDER', 'SCOPE_OMT_SUBSCRIPTION_ADMIN_READ', 'SCOPE_CONNECT_NON_SOCIAL_SHARED_READ', 'SCOPE_CONNECT_READ', 'SCOPE_DI_OAUTH_2_TOKEN_ADMIN', 'ROLE_CONNECTUSER', 'ROLE_FITNESS_USER', 'ROLE_WELLNESS_USER']","{'typeId': 4, 'typeKey': 'groups'}",False,False,149,1728776330000,1,3.200000047683716,1.5,138.85,,3461278113,,,225.0,{'summarizedDiveGases': []},,GARMIN,,4,,,386.0,TEMPO,99.664794921875,166.5019989013672,IMPACTING_TEMPO_22,MINOR_ANAEROBIC_BENEFIT_15,"[{'noOfSplits': 1, 'duration': 1404.72900390625, 'splitType': 'INTERVAL_ACTIVE', 'numClimbSends': 0, 'maxDistance': 5438, 'distance': 5438.97998046875, 'averageSpeed': 3.871999979019165, 'maxSpeed': 6.261000156402588, 'numFalls': 0}, {'noOfSplits': 2, 'duration': 1383.0, 'splitType': 'RWD_RUN', 'numClimbSends': 0, 'maxDistance': 5407, 'distance': 5407.52001953125, 'averageSpeed': 3.9100000858306885, 'maxSpeed': 6.261000156402588, 'numFalls': 0}, {'noOfSplits': 2, 'duration': 28.708999633789062, 'splitType': 'RWD_WALK', 'numClimbSends': 0, 'maxDistance': 28, 'distance': 31.459999084472656, 'averageSpeed': 1.0959999561309814, 'maxSpeed': 1.8660000562667847, 'numFalls': 0}]",True,0,21,-5.0,False,,,,,,False,False,False,False,False,False,False,False,False,387.0,573.0,408.0,9.830000305175782,241.6999969482422,7.269999980926514,,,,,,,,,,,,,,,,
17261203031,Concord Running,2024-10-11 16:22:04,2024-10-11 20:22:04,"{'typeId': 1, 'typeKey': 'running', 'parentTypeId': 17, 'isHidden': False, 'trimmable': True, 'restricted': False}","{'typeId': 9, 'typeKey': 'uncategorized', 'sortOrder': 10}",8061.7001953125,2210.431884765625,2210.431884765625,2209.186004638672,110.0,60.0,3.647000074386597,4.320000171661377,43.26127091422677,-71.5207489952445,True,False,118790142,ae52ea07-2874-4bde-8648-ac48be0f708d,Riley King,https://s3.amazonaws.com/garmin-connect-prod/profile_images/249fcc8d-9898-4d4a-abf5-ba07581a6fcd-prth.png,https://s3.amazonaws.com/garmin-connect-prod/profile_images/249fcc8d-9898-4d4a-abf5-ba07581a6fcd-prfr.png,https://s3.amazonaws.com/garmin-connect-prod/profile_images/249fcc8d-9898-4d4a-abf5-ba07581a6fcd-prof.png,571.0,55.0,151.0,180.0,169.8125,231.0,6206.0,"['SCOPE_GOLF_API_READ', 'SCOPE_ATP_READ', 'SCOPE_DIVE_API_WRITE', 'SCOPE_COMMUNITY_COURSE_ADMIN_READ', 'SCOPE_DIVE_API_READ', 'SCOPE_DI_OAUTH_2_CLIENT_READ', 'SCOPE_CONNECT_WRITE', 'SCOPE_COMMUNITY_COURSE_WRITE', 'SCOPE_MESSAGE_GENERATION_READ', 'SCOPE_DI_OAUTH_2_CLIENT_REVOCATION_ADMIN', 'SCOPE_CONNECT_WEB_TEMPLATE_RENDER', 'SCOPE_OMT_SUBSCRIPTION_ADMIN_READ', 'SCOPE_CONNECT_NON_SOCIAL_SHARED_READ', 'SCOPE_CONNECT_READ', 'SCOPE_DI_OAUTH_2_TOKEN_ADMIN', 'ROLE_CONNECTUSER', 'ROLE_FITNESS_USER', 'ROLE_WELLNESS_USER']","{'typeId': 4, 'typeKey': 'groups'}",False,False,149,1728678124000,1,3.700000047683716,0.0,129.15,61.0,3461278113,94.80000305175781,163.60000610351562,231.0,{'summarizedDiveGases': []},0.8000030517578125,GARMIN,Concord,6,43.271978963166475,-71.52782030403614,613.0,TEMPO,126.93824768066406,6.353000164031982,IMPACTING_TEMPO_22,NO_ANAEROBIC_BENEFIT_0,"[{'noOfSplits': 1, 'totalAscent': 110.0, 'duration': 2210.431884765625, 'splitType': 'INTERVAL_ACTIVE', 'numClimbSends': 0, 'maxElevationGain': 110.0, 'averageElevationGain': 110.0, 'maxDistance': 8061, 'distance': 8061.7001953125, 'averageSpeed': 3.6470000743865967, 'maxSpeed': 4.320000171661377, 'numFalls': 0, 'elevationLoss': 60.0}, {'noOfSplits': 1, 'totalAscent': 110.0, 'duration': 2210.4189453125, 'splitType': 'RWD_RUN', 'numClimbSends': 0, 'maxElevationGain': 110.0, 'averageElevationGain': 110.0, 'maxDistance': 8061, 'distance': 8061.7001953125, 'averageSpeed': 3.6470000743865967, 'maxSpeed': 4.320000171661377, 'numFalls': 0, 'elevationLoss': 60.0}]",True,1,34,-9.0,False,,,,,,False,False,False,False,False,False,False,False,False,406.0,541.0,415.0,9.780000305175783,248.3000030517578,7.590000152587891,3.75,253.9969940185547,415.0320129394531,1331.051025390625,,,,,,,,,,,,
17237349409,Bristol - Base,2024-10-08 15:36:50,2024-10-08 19:36:50,"{'typeId': 1, 'typeKey': 'running', 'parentTypeId': 17, 'isHidden': False, 'trimmable': True, 'restricted': False}","{'typeId': 9, 'typeKey': 'uncategorized', 'sortOrder': 10}",13457.009765625,4132.48095703125,4242.5009765625,4126.2869873046875,90.0,96.0,3.25600004196167,4.067999839782715,41.654489329084754,-71.2611423432827,True,False,118790142,ae52ea07-2874-4bde-8648-ac48be0f708d,Riley King,https://s3.amazonaws.com/garmin-connect-prod/profile_images/249fcc8d-9898-4d4a-abf5-ba07581a6fcd-prth.png,https://s3.amazonaws.com/garmin-connect-prod/profile_images/249fcc8d-9898-4d4a-abf5-ba07581a6fcd-prfr.png,https://s3.amazonaws.com/garmin-connect-prod/profile_images/249fcc8d-9898-4d4a-abf5-ba07581a6fcd-prof.png,905.0,103.0,136.0,156.0,164.25,233.0,11310.0,"['SCOPE_GOLF_API_READ', 'SCOPE_ATP_READ', 'SCOPE_DIVE_API_WRITE', 'SCOPE_COMMUNITY_COURSE_ADMIN_READ', 'SCOPE_DIVE_API_READ', 'SCOPE_DI_OAUTH_2_CLIENT_READ', 'SCOPE_CONNECT_WRITE', 'SCOPE_COMMUNITY_COURSE_WRITE', 'SCOPE_MESSAGE_GENERATION_READ', 'SCOPE_DI_OAUTH_2_CLIENT_REVOCATION_ADMIN', 'SCOPE_CONNECT_WEB_TEMPLATE_RENDER', 'SCOPE_OMT_SUBSCRIPTION_ADMIN_READ', 'SCOPE_CONNECT_NON_SOCIAL_SHARED_READ', 'SCOPE_CONNECT_READ', 'SCOPE_DI_OAUTH_2_TOKEN_ADMIN', 'ROLE_CONNECTUSER', 'ROLE_FITNESS_USER', 'ROLE_WELLNESS_USER']","{'typeId': 4, 'typeKey': 'groups'}",False,False,149,1728416210000,1,3.299999952316284,0.0,118.7,61.0,3461278113,-3.200000047683716,24.200000762939453,233.0,{'summarizedDiveGases': []},0.5999999046325684,GARMIN,Bristol,9,41.65418020449579,-71.26096271909773,1135.0,AEROBIC_BASE,94.96269226074219,192.54299926757812,IMPROVING_AEROBIC_BASE_8,NO_ANAEROBIC_BENEFIT_0,"[{'noOfSplits': 2, 'totalAscent': 0.0, 'duration': 3.125999927520752, 'splitType': 'RWD_STAND', 'numClimbSends': 0, 'maxElevationGain': 0.0, 'averageElevationGain': 0.0, 'maxDistance': 4, 'distance': 4.960000038146973, 'averageSpeed': 1.5870000123977661, 'maxSpeed': 0.0, 'numFalls': 0, 'elevationLoss': 0.0}, {'noOfSplits': 6, 'totalAscent': 87.0, 'duration': 3920.927978515625, 'splitType': 'RWD_RUN', 'numClimbSends': 0, 'maxElevationGain': 38.0, 'averageElevationGain': 15.0, 'maxDistance': 5537, 'distance': 13073.259765625, 'averageSpeed': 3.3340001106262207, 'maxSpeed': 4.067999839782715, 'numFalls': 0, 'elevationLoss': 96.0}, {'noOfSplits': 7, 'totalAscent': 2.0, 'duration': 213.40699768066406, 'splitType': 'RWD_WALK', 'numClimbSends': 0, 'maxElevationGain': 1.0, 'averageElevationGain': 0.0, 'maxDistance': 271, 'distance': 378.7799987792969, 'averageSpeed': 1.774999976158142, 'maxSpeed': 2.1649999618530273, 'numFalls': 0, 'elevationLoss': 0.0}, {'noOfSplits': 1, 'totalAscent': 90.0, 'duration': 4132.48095703125, 'splitType': 'INTERVAL_ACTIVE', 'numClimbSends': 0, 'maxElevationGain': 90.0, 'averageElevationGain': 90.0, 'maxDistance': 13457, 'distance': 13457.0, 'averageSpeed': 3.25600004196167, 'maxSpeed': 4.067999839782715, 'numFalls': 0, 'elevationLoss': 96.0}]",True,4,66,-17.0,False,,,,,,False,False,False,False,False,False,False,False,False,345.0,498.0,355.0,9.480000305175782,260.3999938964844,7.980000019073486,3.2679998874664307,286.9309997558594,465.59100341796875,1473.68896484375,,,,,,3461278113.0,2980.383056640625,,,,,
17212504370,Bristol Running,2024-10-05 17:35:49,2024-10-05 21:35:49,"{'typeId': 1, 'typeKey': 'running', 'parentTypeId': 17, 'isHidden': False, 'trimmable': True, 'restricted': False}","{'typeId': 9, 'typeKey': 'uncategorized', 'sortOrder': 10}",8160.02978515625,2063.132080078125,2180.094970703125,2058.6910095214844,69.0,70.0,3.954999923706055,4.982999801635742,41.654348094016314,-71.26121308654547,True,False,118790142,ae52ea07-2874-4bde-8648-ac48be0f708d,Riley King,https://s3.amazonaws.com/garmin-connect-prod/profile_images/249fcc8d-9898-4d4a-abf5-ba07581a6fcd-prth.png,https://s3.amazonaws.com/garmin-connect-prod/profile_images/249fcc8d-9898-4d4a-abf5-ba07581a6fcd-prfr.png,https://s3.amazonaws.com/garmin-connect-prod/profile_images/249fcc8d-9898-4d4a-abf5-ba07581a6fcd-prof.png,530.0,51.0,149.0,178.0,167.375,176.0,5754.0,"['SCOPE_GOLF_API_READ', 'SCOPE_ATP_READ', 'SCOPE_DIVE_API_WRITE', 'SCOPE_COMMUNITY_COURSE_ADMIN_READ', 'SCOPE_DIVE_API_READ', 'SCOPE_DI_OAUTH_2_CLIENT_READ', 'SCOPE_CONNECT_WRITE', 'SCOPE_COMMUNITY_COURSE_WRITE', 'SCOPE_MESSAGE_GENERATION_READ', 'SCOPE_DI_OAUTH_2_CLIENT_REVOCATION_ADMIN', 'SCOPE_CONNECT_WEB_TEMPLATE_RENDER', 'SCOPE_OMT_SUBSCRIPTION_ADMIN_READ', 'SCOPE_CONNECT_NON_SOCIAL_SHARED_READ', 'SCOPE_CONNECT_READ', 'SCOPE_DI_OAUTH_2_TOKEN_ADMIN', 'ROLE_CONNECTUSER', 'ROLE_FITNESS_USER', 'ROLE_WELLNESS_USER']","{'typeId': 4, 'typeKey': 'groups'}",False,False,149,1728164149000,1,3.700000047683716,0.8999999761581421,142.10999755859376,61.0,3461278113,7.599999904632568,55.400001525878906,176.0,{'summarizedDiveGases': []},0.6000022888183594,GARMIN,Bristol,6,41.65376680903137,-71.25995907001197,572.0,LACTATE_THRESHOLD,137.46185302734375,25.64900016784668,IMPROVING_LACTATE_THRESHOLD_12,NO_ANAEROBIC_BENEFIT_0,"[{'noOfSplits': 1, 'totalAscent': 69.0, 'duration': 2063.132080078125, 'splitType': 'INTERVAL_ACTIVE', 'numClimbSends': 0, 'maxElevationGain': 69.0, 'averageElevationGain': 69.0, 'maxDistance': 8160, 'distance': 8160.0400390625, 'averageSpeed': 3.9549999237060547, 'maxSpeed': 4.982999801635742, 'numFalls': 0, 'elevationLoss': 70.0}, {'noOfSplits': 7, 'totalAscent': 0.0, 'duration': 7.203000068664551, 'splitType': 'RWD_WALK', 'numClimbSends': 0, 'maxElevationGain': 0.0, 'averageElevationGain': 0.0, 'maxDistance': 10, 'distance': 23.6299991607666, 'averageSpeed': 3.2809998989105225, 'maxSpeed': 1.7170000076293945, 'numFalls': 0, 'elevationLoss': 0.0}, {'noOfSplits': 4, 'totalAscent': 69.0, 'duration': 2057.910888671875, 'splitType': 'RWD_RUN', 'numClimbSends': 0, 'maxElevationGain': 38.0, 'averageElevationGain': 23.0, 'maxDistance': 4775, 'distance': 8129.2001953125, 'averageSpeed': 3.950000047683716, 'maxSpeed': 4.982999801635742, 'numFalls': 0, 'elevationLoss': 70.0}, {'noOfSplits': 3, 'totalAscent': 0.0, 'duration': 1.9989999532699585, 'splitType': 'RWD_STAND', 'numClimbSends': 0, 'maxElevationGain': 0.0, 'averageElevationGain': 0.0, 'maxDistance': 7, 'distance': 7.199999809265137, 'averageSpeed': 3.6019999980926514, 'maxSpeed': 0.0, 'numFalls': 0, 'elevationLoss': 0.0}]",True,1,35,-9.0,False,,,,,,False,False,False,False,False,False,False,False,False,425.0,584.0,434.0,10.34000015258789,241.60000610351562,7.289999961853027,3.990000009536743,241.3489990234375,396.2170104980469,1259.115966796875,,,,,,,,,,,,
17196187211,Bristol Running,2024-10-03 17:08:52,2024-10-03 21:08:52,"{'typeId': 1, 'typeKey': 'running', 'parentTypeId': 17, 'isHidden': False, 'trimmable': True, 'restricted': False}","{'typeId': 9, 'typeKey': 'uncategorized', 'sortOrder': 10}",8304.6796875,2467.304931640625,2467.304931640625,2466.2760009765625,68.0,69.0,3.3659999370574956,4.76800012588501,41.65435999631882,-71.26119791530073,True,False,118790142,ae52ea07-2874-4bde-8648-ac48be0f708d,Riley King,https://s3.amazonaws.com/garmin-connect-prod/profile_images/249fcc8d-9898-4d4a-abf5-ba07581a6fcd-prth.png,https://s3.amazonaws.com/garmin-connect-prod/profile_images/249fcc8d-9898-4d4a-abf5-ba07581a6fcd-prfr.png,https://s3.amazonaws.com/garmin-connect-prod/profile_images/249fcc8d-9898-4d4a-abf5-ba07581a6fcd-prof.png,567.0,61.0,140.0,180.0,164.40625,181.0,6774.0,"['SCOPE_GOLF_API_READ', 'SCOPE_ATP_READ', 'SCOPE_DIVE_API_WRITE', 'SCOPE_COMMUNITY_COURSE_ADMIN_READ', 'SCOPE_DIVE_API_READ', 'SCOPE_DI_OAUTH_2_CLIENT_READ', 'SCOPE_CONNECT_WRITE', 'SCOPE_COMMUNITY_COURSE_WRITE', 'SCOPE_MESSAGE_GENERATION_READ', 'SCOPE_DI_OAUTH_2_CLIENT_REVOCATION_ADMIN', 'SCOPE_CONNECT_WEB_TEMPLATE_RENDER', 'SCOPE_OMT_SUBSCRIPTION_ADMIN_READ', 'SCOPE_CONNECT_NON_SOCIAL_SHARED_READ', 'SCOPE_CONNECT_READ', 'SCOPE_DI_OAUTH_2_TOKEN_ADMIN', 'ROLE_CONNECTUSER', 'ROLE_FITNESS_USER', 'ROLE_WELLNESS_USER']","{'typeId': 4, 'typeKey': 'groups'}",False,False,149,1727989732000,1,3.200000047683716,1.5,122.30999755859375,61.0,3461278113,6.800000190734863,33.79999923706055,181.0,{'summarizedDiveGases': []},0.6000003814697266,GARMIN,Bristol,6,41.65329851210117,-71.26006350852549,663.0,AEROBIC_BASE,104.06843566894531,152.2689971923828,IMPROVING_AEROBIC_BASE_8,MINOR_ANAEROBIC_BENEFIT_15,"[{'noOfSplits': 1, 'totalAscent': 68.0, 'duration': 2467.304931640625, 'splitType': 'INTERVAL_ACTIVE', 'numClimbSends': 0, 'maxElevationGain': 68.0, 'averageElevationGain': 68.0, 'maxDistance': 8304, 'distance': 8304.6904296875, 'averageSpeed': 3.365999937057495, 'maxSpeed': 4.76800012588501, 'numFalls': 0, 'elevationLoss': 69.0}, {'noOfSplits': 2, 'totalAscent': 1.0, 'duration': 125.28800201416016, 'splitType': 'RWD_WALK', 'numClimbSends': 0, 'maxElevationGain': 1.0, 'averageElevationGain': 1.0, 'maxDistance': 149, 'distance': 163.27000427246094, 'averageSpeed': 1.3029999732971191, 'maxSpeed': 2.015000104904175, 'numFalls': 0, 'elevationLoss': 0.0}, {'noOfSplits': 1, 'totalAscent': 67.0, 'duration': 2348.0, 'splitType': 'RWD_RUN', 'numClimbSends': 0, 'maxElevationGain': 67.0, 'averageElevationGain': 67.0, 'maxDistance': 8141, 'distance': 8141.419921875, 'averageSpeed': 3.4670000076293945, 'maxSpeed': 4.76800012588501, 'numFalls': 0, 'elevationLoss': 69.0}]",True,0,38,-8.0,False,,,,,,False,False,False,False,False,False,False,False,False,360.0,584.0,381.0,9.569999694824219,255.8000030517578,7.849999904632568,3.3880000114440922,238.33999633789062,406.27099609375,1428.0030517578125,,,,,,,,,,,,
17171581651,Treadmill Running,2024-09-30 19:32:46,2024-09-30 23:32:46,"{'typeId': 18, 'typeKey': 'treadmill_running', 'parentTypeId': 1, 'isHidden': False, 'trimmable': True, 'restricted': False}","{'typeId': 9, 'typeKey': 'uncategorized', 'sortOrder': 10}",3599.419921875,933.7000122070312,933.7000122070312,901.0,,,3.8550000190734868,4.432000160217285,,,False,False,118790142,ae52ea07-2874-4bde-8648-ac48be0f708d,Riley King,https://s3.amazonaws.com/garmin-connect-prod/profile_images/249fcc8d-9898-4d4a-abf5-ba07581a6fcd-prth.png,https://s3.amazonaws.com/garmin-connect-prod/profile_images/249fcc8d-9898-4d4a-abf5-ba07581a6fcd-prfr.png,https://s3.amazonaws.com/garmin-connect-prod/profile_images/249fcc8d-9898-4d4a-abf5-ba07581a6fcd-prof.png,206.0,23.0,137.0,143.0,160.84375,172.0,2502.0,"['SCOPE_GOLF_API_READ', 'SCOPE_ATP_READ', 'SCOPE_DIVE_API_WRITE', 'SCOPE_COMMUNITY_COURSE_ADMIN_READ', 'SCOPE_DIVE_API_READ', 'SCOPE_DI_OAUTH_2_CLIENT_READ', 'SCOPE_CONNECT_WRITE', 'SCOPE_COMMUNITY_COURSE_WRITE', 'SCOPE_MESSAGE_GENERATION_READ', 'SCOPE_DI_OAUTH_2_CLIENT_REVOCATION_ADMIN', 'SCOPE_CONNECT_WEB_TEMPLATE_RENDER', 'SCOPE_OMT_SUBSCRIPTION_ADMIN_READ', 'SCOPE_CONNECT_NON_SOCIAL_SHARED_READ', 'SCOPE_CONNECT_READ', 'SCOPE_DI_OAUTH_2_TOKEN_ADMIN', 'ROLE_CONNECTUSER', 'ROLE_FITNESS_USER', 'ROLE_WELLNESS_USER']","{'typeId': 4, 'typeKey': 'groups'}",False,False,149,1727739166000,1,2.0999999046325684,0.0,146.25,,3461278113,,,172.0,{'summarizedDiveGases': []},,GARMIN,,3,,,252.0,RECOVERY,30.151748657226562,123.55599975585938,MINOR_AEROBIC_BENEFIT_0,NO_ANAEROBIC_BENEFIT_0,"[{'noOfSplits': 2, 'duration': 17.999000549316406, 'splitType': 'RWD_STAND', 'numClimbSends': 0, 'maxDistance': 0, 'distance': 0.0, 'averageSpeed': 0.0, 'maxSpeed': 0.0, 'numFalls': 0}, {'noOfSplits': 1, 'duration': 11.680000305175781, 'splitType': 'RWD_WALK', 'numClimbSends': 0, 'maxDistance': 3, 'distance': 3.190000057220459, 'averageSpeed': 0.27300000190734863, 'maxSpeed': 0.7369999885559082, 'numFalls': 0}, {'noOfSplits': 2, 'duration': 908.0020141601562, 'splitType': 'RWD_RUN', 'numClimbSends': 0, 'maxDistance': 3596, 'distance': 3596.22998046875, 'averageSpeed': 3.9609999656677246, 'maxSpeed': 4.432000160217285, 'numFalls': 0}, {'noOfSplits': 1, 'duration': 933.7000122070312, 'splitType': 'INTERVAL_ACTIVE', 'numClimbSends': 0, 'maxDistance': 3599, 'distance': 3599.419921875, 'averageSpeed': 3.8550000190734863, 'maxSpeed': 4.432000160217285, 'numFalls': 0}]",True,0,13,-4.0,False,,,,,,False,False,False,False,False,False,False,False,False,396.0,476.0,411.0,10.65,245.89999389648438,7.340000152587891,,,,,,,,,,,,,,,,
17145806748,Bristol Running,2024-09-27 16:45:12,2024-09-27 20:45:12,"{'typeId': 1, 'typeKey': 'running', 'parentTypeId': 17, 'isHidden': False, 'trimmable': True, 'restricted': False}","{'typeId': 9, 'typeKey': 'uncategorized', 'sortOrder': 10}",11720.400390625,3463.68896484375,3833.876953125,3440.197998046875,77.0,77.0,3.384000062942505,4.599999904632568,41.65439201518893,-71.26123630441725,True,False,118790142,ae52ea07-2874-4bde-8648-ac48be0f708d,Riley King,https://s3.amazonaws.com/garmin-connect-prod/profile_images/249fcc8d-9898-4d4a-abf5-ba07581a6fcd-prth.png,https://s3.amazonaws.com/garmin-connect-prod/profile_images/249fcc8d-9898-4d4a-abf5-ba07581a6fcd-prfr.png,https://s3.amazonaws.com/garmin-connect-prod/profile_images/249fcc8d-9898-4d4a-abf5-ba07581a6fcd-prof.png,787.0,86.0,139.0,157.0,165.8125,177.0,9614.0,"['SCOPE_GOLF_API_READ', 'SCOPE_ATP_READ', 'SCOPE_DIVE_API_WRITE', 'SCOPE_COMMUNITY_COURSE_ADMIN_READ', 'SCOPE_DIVE_API_READ', 'SCOPE_DI_OAUTH_2_CLIENT_READ', 'SCOPE_CONNECT_WRITE', 'SCOPE_COMMUNITY_COURSE_WRITE', 'SCOPE_MESSAGE_GENERATION_READ', 'SCOPE_DI_OAUTH_2_CLIENT_REVOCATION_ADMIN', 'SCOPE_CONNECT_WEB_TEMPLATE_RENDER', 'SCOPE_OMT_SUBSCRIPTION_ADMIN_READ', 'SCOPE_CONNECT_NON_SOCIAL_SHARED_READ', 'SCOPE_CONNECT_READ', 'SCOPE_DI_OAUTH_2_TOKEN_ADMIN', 'ROLE_CONNECTUSER', 'ROLE_FITNESS_USER', 'ROLE_WELLNESS_USER']","{'typeId': 4, 'typeKey': 'groups'}",False,False,149,1727469912000,1,3.200000047683716,0.0,122.09000244140626,61.0,3461278113,4.800000190734863,26.200000762939453,177.0,{'summarizedDiveGases': []},0.6000003814697266,GARMIN,Bristol,8,41.654322780668736,-71.26125021837652,961.0,AEROBIC_BASE,97.45245361328125,130.37600708007812,IMPROVING_AEROBIC_BASE_8,NO_ANAEROBIC_BENEFIT_0,"[{'noOfSplits': 5, 'totalAscent': 0.0, 'duration': 18.410999298095703, 'splitType': 'RWD_STAND', 'numClimbSends': 0, 'maxElevationGain': 0.0, 'averageElevationGain': 0.0, 'maxDistance': 11, 'distance': 15.630000114440918, 'averageSpeed': 0.8489999771118164, 'maxSpeed': 0.0, 'numFalls': 0, 'elevationLoss': 0.0}, {'noOfSplits': 5, 'totalAscent': 77.0, 'duration': 3417.47509765625, 'splitType': 'RWD_RUN', 'numClimbSends': 0, 'maxElevationGain': 34.0, 'averageElevationGain': 19.0, 'maxDistance': 5379, 'distance': 11661.0498046875, 'averageSpeed': 3.4119999408721924, 'maxSpeed': 4.599999904632568, 'numFalls': 0, 'elevationLoss': 76.0}, {'noOfSplits': 1, 'totalAscent': 77.0, 'duration': 3463.68896484375, 'splitType': 'INTERVAL_ACTIVE', 'numClimbSends': 0, 'maxElevationGain': 77.0, 'averageElevationGain': 26.0, 'maxDistance': 11720, 'distance': 11720.41015625, 'averageSpeed': 3.384000062942505, 'maxSpeed': 4.599999904632568, 'numFalls': 0, 'elevationLoss': 77.0}, {'noOfSplits': 8, 'totalAscent': 0.0, 'duration': 27.783000946044922, 'splitType': 'RWD_WALK', 'numClimbSends': 0, 'maxElevationGain': 0.0, 'averageElevationGain': 0.0, 'maxDistance': 16, 'distance': 43.72999954223633, 'averageSpeed': 1.5740000009536743, 'maxSpeed': 2.1649999618530273, 'numFalls': 0, 'elevationLoss': 1.0}]",True,1,60,-13.0,False,,,,,,False,False,False,False,False,False,False,False,False,357.0,499.0,365.0,9.640000152587891,256.20001220703125,7.909999847412109,3.4070000648498535,265.3479919433594,430.5889892578125,1419.866943359375,,,,,,,2909.904052734375,,,,,
17137842696,Bristol Running,2024-09-26 14:35:13,2024-09-26 18:35:13,"{'typeId': 1, 'typeKey': 'running', 'parentTypeId': 17, 'isHidden': False, 'trimmable': True, 'restricted': False}","{'typeId': 9, 'typeKey': 'uncategorized', 'sortOrder': 10}",8311.8701171875,2446.700927734375,2446.700927734375,2445.4620056152344,66.0,64.0,3.3970000743865967,3.871999979019165,41.65432403795421,-71.26118098385632,True,False,118790142,ae52ea07-2874-4bde-8648-ac48be0f708d,Riley King,https://s3.amazonaws.com/garmin-connect-prod/profile_images/249fcc8d-9898-4d4a-abf5-ba07581a6fcd-prth.png,https://s3.amazonaws.com/garmin-connect-prod/profile_images/249fcc8d-9898-4d4a-abf5-ba07581a6fcd-prfr.png,https://s3.amazonaws.com/garmin-connect-prod/profile_images/249fcc8d-9898-4d4a-abf5-ba07581a6fcd-prof.png,561.0,61.0,140.0,169.0,166.3125,222.0,6784.0,"['SCOPE_GOLF_API_READ', 'SCOPE_ATP_READ', 'SCOPE_DIVE_API_WRITE', 'SCOPE_COMMUNITY_COURSE_ADMIN_READ', 'SCOPE_DIVE_API_READ', 'SCOPE_DI_OAUTH_2_CLIENT_READ', 'SCOPE_CONNECT_WRITE', 'SCOPE_COMMUNITY_COURSE_WRITE', 'SCOPE_MESSAGE_GENERATION_READ', 'SCOPE_DI_OAUTH_2_CLIENT_REVOCATION_ADMIN', 'SCOPE_CONNECT_WEB_TEMPLATE_RENDER', 'SCOPE_OMT_SUBSCRIPTION_ADMIN_READ', 'SCOPE_CONNECT_NON_SOCIAL_SHARED_READ', 'SCOPE_CONNECT_READ', 'SCOPE_DI_OAUTH_2_TOKEN_ADMIN', 'ROLE_CONNECTUSER', 'ROLE_FITNESS_USER', 'ROLE_WELLNESS_USER']","{'typeId': 4, 'typeKey': 'groups'}",False,False,149,1727375713000,1,3.200000047683716,0.0,122.00999755859375,60.0,3461278113,3.799999952316284,30.799999237060547,222.0,{'summarizedDiveGases': []},0.6000003814697266,GARMIN,Bristol,6,41.65333782322705,-71.26003987155855,666.0,AEROBIC_BASE,85.48243713378906,143.33799743652344,IMPROVING_AEROBIC_BASE_8,NO_ANAEROBIC_BENEFIT_0,"[{'noOfSplits': 1, 'totalAscent': 66.0, 'duration': 2446.700927734375, 'splitType': 'INTERVAL_ACTIVE', 'numClimbSends': 0, 'maxElevationGain': 66.0, 'averageElevationGain': 66.0, 'maxDistance': 8311, 'distance': 8311.8603515625, 'averageSpeed': 3.3970000743865967, 'maxSpeed': 3.871999979019165, 'numFalls': 0, 'elevationLoss': 64.0}, {'noOfSplits': 2, 'totalAscent': 1.0, 'duration': 110.68199920654297, 'splitType': 'RWD_WALK', 'numClimbSends': 0, 'maxElevationGain': 1.0, 'averageElevationGain': 1.0, 'maxDistance': 164, 'distance': 169.25999450683594, 'averageSpeed': 1.5290000438690186, 'maxSpeed': 2.2300000190734863, 'numFalls': 0, 'elevationLoss': 0.0}, {'noOfSplits': 1, 'totalAscent': 65.0, 'duration': 2339.0, 'splitType': 'RWD_RUN', 'numClimbSends': 0, 'maxElevationGain': 65.0, 'averageElevationGain': 65.0, 'maxDistance': 8142, 'distance': 8142.60009765625, 'averageSpeed': 3.4809999465942383, 'maxSpeed': 3.871999979019165, 'numFalls': 0, 'elevationLoss': 64.0}]",True,0,37,-10.0,False,,,,,,False,False,False,False,False,False,False,False,False,367.0,538.0,380.0,9.490000152587891,253.5,7.78000020980835,3.417000055313111,276.3039855957031,444.7120056152344,1418.0389404296875,,,,,,,,,,,,
17131773847,Treadmill Running,2024-09-25 21:28:21,2024-09-26 01:28:21,"{'typeId': 18, 'typeKey': 'treadmill_running', 'parentTypeId': 1, 'isHidden': False, 'trimmable': True, 'restricted': False}","{'typeId': 9, 'typeKey': 'uncategorized', 'sortOrder': 10}",3561.969970703125,954.2969970703125,954.2969970703125,920.1909790039062,,,3.7330000400543217,5.710000038146973,,,False,False,118790142,ae52ea07-2874-4bde-8648-ac48be0f708d,Riley King,https://s3.amazonaws.com/garmin-connect-prod/profile_images/249fcc8d-9898-4d4a-abf5-ba07581a6fcd-prth.png,https://s3.amazonaws.com/garmin-connect-prod/profile_images/249fcc8d-9898-4d4a-abf5-ba07581a6fcd-prfr.png,https://s3.amazonaws.com/garmin-connect-prod/profile_images/249fcc8d-9898-4d4a-abf5-ba07581a6fcd-prof.png,241.0,24.0,155.0,175.0,156.421875,176.0,2192.0,"['SCOPE_GOLF_API_READ', 'SCOPE_ATP_READ', 'SCOPE_DIVE_API_WRITE', 'SCOPE_COMMUNITY_COURSE_ADMIN_READ', 'SCOPE_DIVE_API_READ', 'SCOPE_DI_OAUTH_2_CLIENT_READ', 'SCOPE_CONNECT_WRITE', 'SCOPE_COMMUNITY_COURSE_WRITE', 'SCOPE_MESSAGE_GENERATION_READ', 'SCOPE_DI_OAUTH_2_CLIENT_REVOCATION_ADMIN', 'SCOPE_CONNECT_WEB_TEMPLATE_RENDER', 'SCOPE_OMT_SUBSCRIPTION_ADMIN_READ', 'SCOPE_CONNECT_NON_SOCIAL_SHARED_READ', 'SCOPE_CONNECT_READ', 'SCOPE_DI_OAUTH_2_TOKEN_ADMIN', 'ROLE_CONNECTUSER', 'ROLE_FITNESS_USER', 'ROLE_WELLNESS_USER']","{'typeId': 4, 'typeKey': 'groups'}",False,False,149,1727314101000,1,2.799999952316284,0.0,143.9800048828125,,3461278113,,,176.0,{'summarizedDiveGases': []},,GARMIN,,3,,,248.0,TEMPO,63.09649658203125,166.1060028076172,MAINTAINING_TEMPO_21,NO_ANAEROBIC_BENEFIT_0,"[{'noOfSplits': 1, 'duration': 954.2969970703125, 'splitType': 'INTERVAL_ACTIVE', 'numClimbSends': 0, 'maxDistance': 3561, 'distance': 3561.969970703125, 'averageSpeed': 3.7330000400543213, 'maxSpeed': 5.710000038146973, 'numFalls': 0}, {'noOfSplits': 5, 'duration': 70.0009994506836, 'splitType': 'RWD_WALK', 'numClimbSends': 0, 'maxDistance': 39, 'distance': 83.12000274658203, 'averageSpeed': 1.187000036239624, 'maxSpeed': 1.9220000505447388, 'numFalls': 0}, {'noOfSplits': 3, 'duration': 874.281005859375, 'splitType': 'RWD_RUN', 'numClimbSends': 0, 'maxDistance': 3390, 'distance': 3478.85009765625, 'averageSpeed': 3.9790000915527344, 'maxSpeed': 5.710000038146973, 'numFalls': 0}, {'noOfSplits': 3, 'duration': 9.998000144958496, 'splitType': 'RWD_STAND', 'numClimbSends': 0, 'maxDistance': 0, 'distance': 0.0, 'averageSpeed': 0.0, 'maxSpeed': 0.0, 'numFalls': 0}]",True,0,13,-3.0,False,,,,,,False,False,False,False,False,False,False,False,False,373.0,558.0,413.0,10.09000015258789,244.39999389648438,7.199999809265137,,,,,,,,,,,,,,,,
17109718850,Base,2024-09-23 08:54:18,2024-09-23 12:54:18,"{'typeId': 18, 'typeKey': 'treadmill_running', 'parentTypeId': 1, 'isHidden': False, 'trimmable': True, 'restricted': False}","{'typeId': 9, 'typeKey': 'uncategorized', 'sortOrder': 10}",9874.400390625,2802.718994140625,2802.718994140625,2777.072998046875,,,3.5230000019073486,4.2270002365112305,,,False,False,118790142,ae52ea07-2874-4bde-8648-ac48be0f708d,Riley King,https://s3.amazonaws.com/garmin-connect-prod/profile_images/249fcc8d-9898-4d4a-abf5-ba07581a6fcd-prth.png,https://s3.amazonaws.com/garmin-connect-prod/profile_images/249fcc8d-9898-4d4a-abf5-ba07581a6fcd-prfr.png,https://s3.amazonaws.com/garmin-connect-prod/profile_images/249fcc8d-9898-4d4a-abf5-ba07581a6fcd-prof.png,530.0,70.0,133.0,143.0,165.859375,200.0,7720.0,"['SCOPE_GOLF_API_READ', 'SCOPE_ATP_READ', 'SCOPE_DIVE_API_WRITE', 'SCOPE_COMMUNITY_COURSE_ADMIN_READ', 'SCOPE_DIVE_API_READ', 'SCOPE_DI_OAUTH_2_CLIENT_READ', 'SCOPE_CONNECT_WRITE', 'SCOPE_COMMUNITY_COURSE_WRITE', 'SCOPE_MESSAGE_GENERATION_READ', 'SCOPE_DI_OAUTH_2_CLIENT_REVOCATION_ADMIN', 'SCOPE_CONNECT_WEB_TEMPLATE_RENDER', 'SCOPE_OMT_SUBSCRIPTION_ADMIN_READ', 'SCOPE_CONNECT_NON_SOCIAL_SHARED_READ', 'SCOPE_CONNECT_READ', 'SCOPE_DI_OAUTH_2_TOKEN_ADMIN', 'ROLE_CONNECTUSER', 'ROLE_FITNESS_USER', 'ROLE_WELLNESS_USER']","{'typeId': 4, 'typeKey': 'groups'}",False,False,149,1727096058000,1,2.299999952316284,0.0,128.4199951171875,,3461278113,,,200.0,{'summarizedDiveGases': []},,GARMIN,,8,,,767.0,AEROBIC_BASE,40.14329528808594,9.331999778747559,MAINTAINING_AEROBIC_BASE_7,NO_ANAEROBIC_BENEFIT_0,"[{'noOfSplits': 1, 'duration': 2802.718994140625, 'splitType': 'INTERVAL_ACTIVE', 'numClimbSends': 0, 'maxDistance': 9874, 'distance': 9874.41015625, 'averageSpeed': 3.5230000019073486, 'maxSpeed': 4.2270002365112305, 'numFalls': 0}, {'noOfSplits': 4, 'duration': 2758.7080078125, 'splitType': 'RWD_RUN', 'numClimbSends': 0, 'maxDistance': 9778, 'distance': 9815.7001953125, 'averageSpeed': 3.558000087738037, 'maxSpeed': 4.2270002365112305, 'numFalls': 0}, {'noOfSplits': 4, 'duration': 43.99800109863281, 'splitType': 'RWD_WALK', 'numClimbSends': 0, 'maxDistance': 40, 'distance': 58.709999084472656, 'averageSpeed': 1.3339999914169312, 'maxSpeed': 1.875, 'numFalls': 0}]",True,1,45,-12.0,False,,,,,,False,False,False,False,False,False,False,False,False,362.0,461.0,370.0,9.880000305175782,253.6999969482422,7.730000019073486,,,,,,,,,,3461278113.0,,,,,,
17080165059,Treadmill Running,2024-09-19 19:57:02,2024-09-19 23:57:02,"{'typeId': 18, 'typeKey': 'treadmill_running', 'parentTypeId': 1, 'isHidden': False, 'trimmable': True, 'restricted': False}","{'typeId': 9, 'typeKey': 'uncategorized', 'sortOrder': 10}",5173.169921875,1320.9100341796875,1320.9100341796875,1282.7749938964844,,,3.9159998893737793,5.915999889373779,,,False,False,118790142,ae52ea07-2874-4bde-8648-ac48be0f708d,Riley King,https://s3.amazonaws.com/garmin-connect-prod/profile_images/249fcc8d-9898-4d4a-abf5-ba07581a6fcd-prth.png,https://s3.amazonaws.com/garmin-connect-prod/profile_images/249fcc8d-9898-4d4a-abf5-ba07581a6fcd-prfr.png,https://s3.amazonaws.com/garmin-connect-prod/profile_images/249fcc8d-9898-4d4a-abf5-ba07581a6fcd-prof.png,320.0,33.0,147.0,174.0,160.640625,179.0,3496.0,"['SCOPE_GOLF_API_READ', 'SCOPE_ATP_READ', 'SCOPE_DIVE_API_WRITE', 'SCOPE_COMMUNITY_COURSE_ADMIN_READ', 'SCOPE_DIVE_API_READ', 'SCOPE_DI_OAUTH_2_CLIENT_READ', 'SCOPE_CONNECT_WRITE', 'SCOPE_COMMUNITY_COURSE_WRITE', 'SCOPE_MESSAGE_GENERATION_READ', 'SCOPE_DI_OAUTH_2_CLIENT_REVOCATION_ADMIN', 'SCOPE_CONNECT_WEB_TEMPLATE_RENDER', 'SCOPE_OMT_SUBSCRIPTION_ADMIN_READ', 'SCOPE_CONNECT_NON_SOCIAL_SHARED_READ', 'SCOPE_CONNECT_READ', 'SCOPE_DI_OAUTH_2_TOKEN_ADMIN', 'ROLE_CONNECTUSER', 'ROLE_FITNESS_USER', 'ROLE_WELLNESS_USER']","{'typeId': 4, 'typeKey': 'groups'}",False,False,149,1726790222000,1,2.799999952316284,0.0,148.08000488281252,,3461278113,,,179.0,{'summarizedDiveGases': []},,GARMIN,,4,,,353.0,TEMPO,67.43853759765625,126.8270034790039,MAINTAINING_TEMPO_21,NO_ANAEROBIC_BENEFIT_0,"[{'noOfSplits': 1, 'duration': 18.0, 'splitType': 'RWD_STAND', 'numClimbSends': 0, 'maxDistance': 0, 'distance': 0.0, 'averageSpeed': 0.0, 'maxSpeed': 0.0, 'numFalls': 0}, {'noOfSplits': 3, 'duration': 26.89299964904785, 'splitType': 'RWD_WALK', 'numClimbSends': 0, 'maxDistance': 5, 'distance': 15.390000343322754, 'averageSpeed': 0.5720000267028809, 'maxSpeed': 3.8259999752044678, 'numFalls': 0}, {'noOfSplits': 1, 'duration': 1320.9100341796875, 'splitType': 'INTERVAL_ACTIVE', 'numClimbSends': 0, 'maxDistance': 5173, 'distance': 5173.169921875, 'averageSpeed': 3.9159998893737793, 'maxSpeed': 5.915999889373779, 'numFalls': 0}, {'noOfSplits': 1, 'duration': 1277.0, 'splitType': 'RWD_RUN', 'numClimbSends': 0, 'maxDistance': 5157, 'distance': 5157.77001953125, 'averageSpeed': 4.039000034332275, 'maxSpeed': 5.915999889373779, 'numFalls': 0}]",True,1,20,-7.0,False,,,,,,False,False,False,False,False,False,False,False,False,400.0,552.0,416.0,10.600000000000001,244.3000030517578,7.260000228881836,,,,,,,,,,,,,,,,
17070509613,Treadmill Running,2024-09-18 16:52:41,2024-09-18 20:52:41,"{'typeId': 18, 'typeKey': 'treadmill_running', 'parentTypeId': 1, 'isHidden': False, 'trimmable': True, 'restricted': False}","{'typeId': 9, 'typeKey': 'uncategorized', 'sortOrder': 10}",1612.2900390625,396.1990051269531,396.1990051269531,386.0,,,4.068999767303467,5.552000045776367,,,False,False,118790142,ae52ea07-2874-4bde-8648-ac48be0f708d,Riley King,https://s3.amazonaws.com/garmin-connect-prod/profile_images/249fcc8d-9898-4d4a-abf5-ba07581a6fcd-prth.png,https://s3.amazonaws.com/garmin-connect-prod/profile_images/249fcc8d-9898-4d4a-abf5-ba07581a6fcd-prfr.png,https://s3.amazonaws.com/garmin-connect-prod/profile_images/249fcc8d-9898-4d4a-abf5-ba07581a6fcd-prof.png,95.0,10.0,147.0,163.0,165.0,184.0,1072.0,"['SCOPE_GOLF_API_READ', 'SCOPE_ATP_READ', 'SCOPE_DIVE_API_WRITE', 'SCOPE_COMMUNITY_COURSE_ADMIN_READ', 'SCOPE_DIVE_API_READ', 'SCOPE_DI_OAUTH_2_CLIENT_READ', 'SCOPE_CONNECT_WRITE', 'SCOPE_COMMUNITY_COURSE_WRITE', 'SCOPE_MESSAGE_GENERATION_READ', 'SCOPE_DI_OAUTH_2_CLIENT_REVOCATION_ADMIN', 'SCOPE_CONNECT_WEB_TEMPLATE_RENDER', 'SCOPE_OMT_SUBSCRIPTION_ADMIN_READ', 'SCOPE_CONNECT_NON_SOCIAL_SHARED_READ', 'SCOPE_CONNECT_READ', 'SCOPE_DI_OAUTH_2_TOKEN_ADMIN', 'ROLE_CONNECTUSER', 'ROLE_FITNESS_USER', 'ROLE_WELLNESS_USER']","{'typeId': 4, 'typeKey': 'groups'}",False,False,149,1726692761000,1,2.0,0.0,149.1300048828125,,3461278113,,,184.0,{'summarizedDiveGases': []},,GARMIN,,1,,,109.0,TEMPO,25.039718627929688,396.1990051269531,MAINTAINING_TEMPO_21,NO_ANAEROBIC_BENEFIT_0,"[{'noOfSplits': 2, 'duration': 10.0, 'splitType': 'RWD_WALK', 'numClimbSends': 0, 'maxDistance': 7, 'distance': 7.360000133514404, 'averageSpeed': 0.7360000014305115, 'maxSpeed': 1.38100004196167, 'numFalls': 0}, {'noOfSplits': 1, 'duration': 396.1990051269531, 'splitType': 'INTERVAL_ACTIVE', 'numClimbSends': 0, 'maxDistance': 1612, 'distance': 1612.2900390625, 'averageSpeed': 4.068999767303467, 'maxSpeed': 5.552000045776367, 'numFalls': 0}, {'noOfSplits': 1, 'duration': 378.1860046386719, 'splitType': 'RWD_RUN', 'numClimbSends': 0, 'maxDistance': 1604, 'distance': 1604.9200439453125, 'averageSpeed': 4.24399995803833, 'maxSpeed': 5.552000045776367, 'numFalls': 0}, {'noOfSplits': 1, 'duration': 8.0, 'splitType': 'RWD_STAND', 'numClimbSends': 0, 'maxDistance': 0, 'distance': 0.0, 'averageSpeed': 0.0, 'maxSpeed': 0.0, 'numFalls': 0}]",True,1,5,-1.0,False,,,,,,False,False,False,False,False,False,False,False,False,411.0,537.0,432.0,10.319999694824219,233.8000030517578,7.039999961853027,,,,,,,,,,,,,,,,
17061927730,Bristol - Base,2024-09-17 17:59:50,2024-09-17 21:59:50,"{'typeId': 1, 'typeKey': 'running', 'parentTypeId': 17, 'isHidden': False, 'trimmable': True, 'restricted': False}","{'typeId': 9, 'typeKey': 'uncategorized', 'sortOrder': 10}",8227.3603515625,2094.77490234375,2094.77490234375,2091.8580017089844,63.0,69.0,3.927999973297119,5.140999794006348,41.654337448999286,-71.26122565940022,True,False,118790142,ae52ea07-2874-4bde-8648-ac48be0f708d,Riley King,https://s3.amazonaws.com/garmin-connect-prod/profile_images/249fcc8d-9898-4d4a-abf5-ba07581a6fcd-prth.png,https://s3.amazonaws.com/garmin-connect-prod/profile_images/249fcc8d-9898-4d4a-abf5-ba07581a6fcd-prfr.png,https://s3.amazonaws.com/garmin-connect-prod/profile_images/249fcc8d-9898-4d4a-abf5-ba07581a6fcd-prof.png,553.0,52.0,158.0,179.0,167.421875,188.0,5876.0,"['SCOPE_GOLF_API_READ', 'SCOPE_ATP_READ', 'SCOPE_DIVE_API_WRITE', 'SCOPE_COMMUNITY_COURSE_ADMIN_READ', 'SCOPE_DIVE_API_READ', 'SCOPE_DI_OAUTH_2_CLIENT_READ', 'SCOPE_CONNECT_WRITE', 'SCOPE_COMMUNITY_COURSE_WRITE', 'SCOPE_MESSAGE_GENERATION_READ', 'SCOPE_DI_OAUTH_2_CLIENT_REVOCATION_ADMIN', 'SCOPE_CONNECT_WEB_TEMPLATE_RENDER', 'SCOPE_OMT_SUBSCRIPTION_ADMIN_READ', 'SCOPE_CONNECT_NON_SOCIAL_SHARED_READ', 'SCOPE_CONNECT_READ', 'SCOPE_DI_OAUTH_2_TOKEN_ADMIN', 'ROLE_CONNECTUSER', 'ROLE_FITNESS_USER', 'ROLE_WELLNESS_USER']","{'typeId': 4, 'typeKey': 'groups'}",False,False,149,1726610390000,1,3.799999952316284,0.0,139.39000244140627,60.0,3461278113,0.800000011920929,28.600000381469727,188.0,{'summarizedDiveGases': []},0.6000001430511475,GARMIN,Bristol,6,41.653988510370255,-71.26065032556653,577.0,TEMPO,142.3107452392578,152.92300415039062,IMPACTING_TEMPO_22,NO_ANAEROBIC_BENEFIT_0,"[{'noOfSplits': 1, 'totalAscent': 63.0, 'duration': 2094.77490234375, 'splitType': 'INTERVAL_ACTIVE', 'numClimbSends': 0, 'maxElevationGain': 63.0, 'averageElevationGain': 63.0, 'maxDistance': 8227, 'distance': 8227.3603515625, 'averageSpeed': 3.927999973297119, 'maxSpeed': 5.140999794006348, 'numFalls': 0, 'elevationLoss': 69.0}, {'noOfSplits': 1, 'totalAscent': 63.0, 'duration': 2082.0, 'splitType': 'RWD_RUN', 'numClimbSends': 0, 'maxElevationGain': 63.0, 'averageElevationGain': 63.0, 'maxDistance': 8206, 'distance': 8206.419921875, 'averageSpeed': 3.941999912261963, 'maxSpeed': 5.140999794006348, 'numFalls': 0, 'elevationLoss': 69.0}, {'noOfSplits': 1, 'totalAscent': 0.0, 'duration': 12.76200008392334, 'splitType': 'RWD_WALK', 'numClimbSends': 0, 'maxElevationGain': 0.0, 'averageElevationGain': 0.0, 'maxDistance': 20, 'distance': 20.940000534057617, 'averageSpeed': 1.6410000324249268, 'maxSpeed': 1.8380000591278076, 'numFalls': 0, 'elevationLoss': 0.0}]",True,1,33,-7.0,False,,,,,,False,False,False,False,False,False,False,False,False,416.0,595.0,428.0,10.16999969482422,241.89999389648438,7.309999942779541,3.9210000038146973,,,,,,,,,3461278113.0,,,,,,
17035202872,Bristol Running,2024-09-14 14:49:54,2024-09-14 18:49:54,"{'typeId': 1, 'typeKey': 'running', 'parentTypeId': 17, 'isHidden': False, 'trimmable': True, 'restricted': False}","{'typeId': 9, 'typeKey': 'uncategorized', 'sortOrder': 10}",17218.8203125,7294.7119140625,7345.93212890625,6977.3040771484375,109.0,109.0,2.359999895095825,5.300000190734863,41.654353039339185,-71.26124049536884,True,False,118790142,ae52ea07-2874-4bde-8648-ac48be0f708d,Riley King,https://s3.amazonaws.com/garmin-connect-prod/profile_images/249fcc8d-9898-4d4a-abf5-ba07581a6fcd-prth.png,https://s3.amazonaws.com/garmin-connect-prod/profile_images/249fcc8d-9898-4d4a-abf5-ba07581a6fcd-prfr.png,https://s3.amazonaws.com/garmin-connect-prod/profile_images/249fcc8d-9898-4d4a-abf5-ba07581a6fcd-prof.png,1181.0,182.0,127.0,174.0,129.625,250.0,16056.0,"['SCOPE_GOLF_API_READ', 'SCOPE_ATP_READ', 'SCOPE_DIVE_API_WRITE', 'SCOPE_COMMUNITY_COURSE_ADMIN_READ', 'SCOPE_DIVE_API_READ', 'SCOPE_DI_OAUTH_2_CLIENT_READ', 'SCOPE_CONNECT_WRITE', 'SCOPE_COMMUNITY_COURSE_WRITE', 'SCOPE_MESSAGE_GENERATION_READ', 'SCOPE_DI_OAUTH_2_CLIENT_REVOCATION_ADMIN', 'SCOPE_CONNECT_WEB_TEMPLATE_RENDER', 'SCOPE_OMT_SUBSCRIPTION_ADMIN_READ', 'SCOPE_CONNECT_NON_SOCIAL_SHARED_READ', 'SCOPE_CONNECT_READ', 'SCOPE_DI_OAUTH_2_TOKEN_ADMIN', 'ROLE_CONNECTUSER', 'ROLE_FITNESS_USER', 'ROLE_WELLNESS_USER']","{'typeId': 4, 'typeKey': 'groups'}",False,False,149,1726339794000,1,4.0,0.30000001192092896,102.5199951171875,60.0,3461278113,-0.20000000298023224,31.399999618530273,250.0,{'summarizedDiveGases': []},1.000000238418579,GARMIN,Bristol,11,41.6543160751462,-71.26125818118453,1605.0,TEMPO,177.34027099609375,401.64898681640625,HIGHLY_IMPACTING_TEMPO_23,NO_ANAEROBIC_BENEFIT_0,"[{'noOfSplits': 8, 'totalAscent': 0.0, 'duration': 286.77099609375, 'splitType': 'RWD_STAND', 'numClimbSends': 0, 'maxElevationGain': 0.0, 'averageElevationGain': 0.0, 'maxDistance': 81, 'distance': 129.72000122070312, 'averageSpeed': 0.4519999921321869, 'maxSpeed': 3.0139999389648438, 'numFalls': 0, 'elevationLoss': 0.0}, {'noOfSplits': 14, 'totalAscent': 82.0, 'duration': 3072.010009765625, 'splitType': 'RWD_RUN', 'numClimbSends': 0, 'maxElevationGain': 40.0, 'averageElevationGain': 6.0, 'maxDistance': 5642, 'distance': 10897.75, 'averageSpeed': 3.546999931335449, 'maxSpeed': 5.300000190734863, 'numFalls': 0, 'elevationLoss': 85.0}, {'noOfSplits': 1, 'totalAscent': 109.0, 'duration': 7294.7119140625, 'splitType': 'INTERVAL_ACTIVE', 'numClimbSends': 0, 'maxElevationGain': 109.0, 'averageElevationGain': 109.0, 'maxDistance': 17218, 'distance': 17218.859375, 'averageSpeed': 2.359999895095825, 'maxSpeed': 5.300000190734863, 'numFalls': 0, 'elevationLoss': 109.0}, {'noOfSplits': 19, 'totalAscent': 26.0, 'duration': 3940.798095703125, 'splitType': 'RWD_WALK', 'numClimbSends': 0, 'maxElevationGain': 10.0, 'averageElevationGain': 1.0, 'maxDistance': 1794, 'distance': 6191.35009765625, 'averageSpeed': 1.5709999799728394, 'maxSpeed': 2.2109999656677246, 'numFalls': 0, 'elevationLoss': 24.0}]",True,63,53,-19.0,False,,,,,,False,False,False,False,False,False,False,False,False,224.0,547.0,313.0,7.790000152587891,267.6000061035156,7.610000133514404,2.36299991607666,,,,,,,,,,,,,,,
17019058614,Treadmill Running,2024-09-12 16:55:56,2024-09-12 20:55:56,"{'typeId': 18, 'typeKey': 'treadmill_running', 'parentTypeId': 1, 'isHidden': False, 'trimmable': True, 'restricted': False}","{'typeId': 9, 'typeKey': 'uncategorized', 'sortOrder': 10}",4012.169921875,1119.7259521484375,1119.7259521484375,1047.864013671875,,,3.5829999446868896,5.877999782562256,,,False,False,118790142,ae52ea07-2874-4bde-8648-ac48be0f708d,Riley King,https://s3.amazonaws.com/garmin-connect-prod/profile_images/249fcc8d-9898-4d4a-abf5-ba07581a6fcd-prth.png,https://s3.amazonaws.com/garmin-connect-prod/profile_images/249fcc8d-9898-4d4a-abf5-ba07581a6fcd-prfr.png,https://s3.amazonaws.com/garmin-connect-prod/profile_images/249fcc8d-9898-4d4a-abf5-ba07581a6fcd-prof.png,265.0,28.0,148.0,181.0,157.0,188.0,2846.0,"['SCOPE_GOLF_API_READ', 'SCOPE_ATP_READ', 'SCOPE_DIVE_API_WRITE', 'SCOPE_COMMUNITY_COURSE_ADMIN_READ', 'SCOPE_DIVE_API_READ', 'SCOPE_DI_OAUTH_2_CLIENT_READ', 'SCOPE_CONNECT_WRITE', 'SCOPE_COMMUNITY_COURSE_WRITE', 'SCOPE_MESSAGE_GENERATION_READ', 'SCOPE_DI_OAUTH_2_CLIENT_REVOCATION_ADMIN', 'SCOPE_CONNECT_WEB_TEMPLATE_RENDER', 'SCOPE_OMT_SUBSCRIPTION_ADMIN_READ', 'SCOPE_CONNECT_NON_SOCIAL_SHARED_READ', 'SCOPE_CONNECT_READ', 'SCOPE_DI_OAUTH_2_TOKEN_ADMIN', 'ROLE_CONNECTUSER', 'ROLE_FITNESS_USER', 'ROLE_WELLNESS_USER']","{'typeId': 4, 'typeKey': 'groups'}",False,False,149,1726174556000,1,2.700000047683716,0.0,140.5,,3461278113,,,188.0,{'summarizedDiveGases': []},,GARMIN,,3,,,285.0,TEMPO,60.72636413574219,264.9960021972656,MAINTAINING_TEMPO_21,NO_ANAEROBIC_BENEFIT_0,"[{'noOfSplits': 1, 'duration': 1119.7259521484375, 'splitType': 'INTERVAL_ACTIVE', 'numClimbSends': 0, 'maxDistance': 4012, 'distance': 4012.169921875, 'averageSpeed': 3.5829999446868896, 'maxSpeed': 5.877999782562256, 'numFalls': 0}, {'noOfSplits': 4, 'duration': 27.999000549316406, 'splitType': 'RWD_STAND', 'numClimbSends': 0, 'maxDistance': 3, 'distance': 3.930000066757202, 'averageSpeed': 0.14000000059604645, 'maxSpeed': 3.927999973297119, 'numFalls': 0}, {'noOfSplits': 3, 'duration': 1037.0009765625, 'splitType': 'RWD_RUN', 'numClimbSends': 0, 'maxDistance': 3940, 'distance': 3975.530029296875, 'averageSpeed': 3.8340001106262207, 'maxSpeed': 5.877999782562256, 'numFalls': 0}, {'noOfSplits': 5, 'duration': 55.70800018310547, 'splitType': 'RWD_WALK', 'numClimbSends': 0, 'maxDistance': 21, 'distance': 32.70000076293945, 'averageSpeed': 0.5870000123977661, 'maxSpeed': 1.9869999885559082, 'numFalls': 0}]",True,0,18,-5.0,False,,,,,,False,False,False,False,False,False,False,False,False,363.0,565.0,401.0,10.15,249.0,7.46999979019165,,,,,,,,,,,,,,,,
17006419364,Treadmill Running,2024-09-11 08:03:31,2024-09-11 12:03:31,"{'typeId': 18, 'typeKey': 'treadmill_running', 'parentTypeId': 1, 'isHidden': False, 'trimmable': True, 'restricted': False}","{'typeId': 9, 'typeKey': 'uncategorized', 'sortOrder': 10}",1832.550048828125,589.64501953125,589.64501953125,502.0,,,3.1080000400543217,6.01800012588501,,,False,False,118790142,ae52ea07-2874-4bde-8648-ac48be0f708d,Riley King,https://s3.amazonaws.com/garmin-connect-prod/profile_images/249fcc8d-9898-4d4a-abf5-ba07581a6fcd-prth.png,https://s3.amazonaws.com/garmin-connect-prod/profile_images/249fcc8d-9898-4d4a-abf5-ba07581a6fcd-prfr.png,https://s3.amazonaws.com/garmin-connect-prod/profile_images/249fcc8d-9898-4d4a-abf5-ba07581a6fcd-prof.png,128.0,15.0,142.0,172.0,144.5625,225.0,1326.0,"['SCOPE_GOLF_API_READ', 'SCOPE_ATP_READ', 'SCOPE_DIVE_API_WRITE', 'SCOPE_COMMUNITY_COURSE_ADMIN_READ', 'SCOPE_DIVE_API_READ', 'SCOPE_DI_OAUTH_2_CLIENT_READ', 'SCOPE_CONNECT_WRITE', 'SCOPE_COMMUNITY_COURSE_WRITE', 'SCOPE_MESSAGE_GENERATION_READ', 'SCOPE_DI_OAUTH_2_CLIENT_REVOCATION_ADMIN', 'SCOPE_CONNECT_WEB_TEMPLATE_RENDER', 'SCOPE_OMT_SUBSCRIPTION_ADMIN_READ', 'SCOPE_CONNECT_NON_SOCIAL_SHARED_READ', 'SCOPE_CONNECT_READ', 'SCOPE_DI_OAUTH_2_TOKEN_ADMIN', 'ROLE_CONNECTUSER', 'ROLE_FITNESS_USER', 'ROLE_WELLNESS_USER']","{'typeId': 4, 'typeKey': 'groups'}",False,False,149,1726056211000,1,2.0999999046325684,0.0,137.45000000000002,,3461278113,,,225.0,{'summarizedDiveGases': []},,GARMIN,,2,,,131.0,TEMPO,29.769775390625,180.9250030517578,MAINTAINING_TEMPO_21,NO_ANAEROBIC_BENEFIT_0,"[{'noOfSplits': 1, 'duration': 589.64501953125, 'splitType': 'INTERVAL_ACTIVE', 'numClimbSends': 0, 'maxDistance': 1832, 'distance': 1832.550048828125, 'averageSpeed': 3.1080000400543213, 'maxSpeed': 6.01800012588501, 'numFalls': 0}, {'noOfSplits': 7, 'duration': 100.62200164794922, 'splitType': 'RWD_WALK', 'numClimbSends': 0, 'maxDistance': 23, 'distance': 52.29999923706055, 'averageSpeed': 0.5199999809265137, 'maxSpeed': 1.930999994277954, 'numFalls': 0}, {'noOfSplits': 5, 'duration': 27.00200080871582, 'splitType': 'RWD_STAND', 'numClimbSends': 0, 'maxDistance': 0, 'distance': 0.0, 'averageSpeed': 0.0, 'maxSpeed': 0.0, 'numFalls': 0}, {'noOfSplits': 3, 'duration': 466.0010070800781, 'splitType': 'RWD_RUN', 'numClimbSends': 0, 'maxDistance': 1733, 'distance': 1780.25, 'averageSpeed': 3.819999933242798, 'maxSpeed': 6.01800012588501, 'numFalls': 0}]",True,1,7,-3.0,False,,,,,,False,False,False,False,False,False,False,False,False,306.0,562.0,391.0,9.430000305175781,244.39999389648438,7.300000190734863,,,,,,,,,,,,,,,,
17001678876,Bristol Running,2024-09-10 15:52:50,2024-09-10 19:52:50,"{'typeId': 1, 'typeKey': 'running', 'parentTypeId': 17, 'isHidden': False, 'trimmable': True, 'restricted': False}","{'typeId': 9, 'typeKey': 'uncategorized', 'sortOrder': 10}",8153.1298828125,2100.672119140625,2100.672119140625,2096.7989807128906,63.0,67.0,3.88100004196167,5.085000038146973,41.65434096939862,-71.26123513095081,True,False,118790142,ae52ea07-2874-4bde-8648-ac48be0f708d,Riley King,https://s3.amazonaws.com/garmin-connect-prod/profile_images/249fcc8d-9898-4d4a-abf5-ba07581a6fcd-prth.png,https://s3.amazonaws.com/garmin-connect-prod/profile_images/249fcc8d-9898-4d4a-abf5-ba07581a6fcd-prfr.png,https://s3.amazonaws.com/garmin-connect-prod/profile_images/249fcc8d-9898-4d4a-abf5-ba07581a6fcd-prof.png,547.0,52.0,158.0,186.0,167.5,188.0,5870.0,"['SCOPE_GOLF_API_READ', 'SCOPE_ATP_READ', 'SCOPE_DIVE_API_WRITE', 'SCOPE_COMMUNITY_COURSE_ADMIN_READ', 'SCOPE_DIVE_API_READ', 'SCOPE_DI_OAUTH_2_CLIENT_READ', 'SCOPE_CONNECT_WRITE', 'SCOPE_COMMUNITY_COURSE_WRITE', 'SCOPE_MESSAGE_GENERATION_READ', 'SCOPE_DI_OAUTH_2_CLIENT_REVOCATION_ADMIN', 'SCOPE_CONNECT_WEB_TEMPLATE_RENDER', 'SCOPE_OMT_SUBSCRIPTION_ADMIN_READ', 'SCOPE_CONNECT_NON_SOCIAL_SHARED_READ', 'SCOPE_CONNECT_READ', 'SCOPE_DI_OAUTH_2_TOKEN_ADMIN', 'ROLE_CONNECTUSER', 'ROLE_FITNESS_USER', 'ROLE_WELLNESS_USER']","{'typeId': 4, 'typeKey': 'groups'}",False,False,149,1725997970000,1,3.799999952316284,2.0999999046325684,137.65,60.0,3461278113,3.799999952316284,30.399999618530273,188.0,{'summarizedDiveGases': []},0.8000001907348633,GARMIN,Bristol,6,41.65432688780129,-71.2612631265074,583.0,TEMPO,169.39598083496094,20.691999435424805,IMPACTING_TEMPO_22,MAINTAINING_ANAEROBIC_BASE_1,"[{'noOfSplits': 1, 'totalAscent': 63.0, 'duration': 2100.672119140625, 'splitType': 'INTERVAL_ACTIVE', 'numClimbSends': 0, 'maxElevationGain': 63.0, 'averageElevationGain': 21.0, 'maxDistance': 8153, 'distance': 8153.1298828125, 'averageSpeed': 3.88100004196167, 'maxSpeed': 5.085000038146973, 'numFalls': 0, 'elevationLoss': 67.0}, {'noOfSplits': 1, 'totalAscent': 0.0, 'duration': 4.0, 'splitType': 'RWD_WALK', 'numClimbSends': 0, 'maxElevationGain': 0.0, 'averageElevationGain': 0.0, 'maxDistance': 8, 'distance': 8.6899995803833, 'averageSpeed': 2.1730000972747803, 'maxSpeed': 0.0, 'numFalls': 0, 'elevationLoss': 0.0}, {'noOfSplits': 1, 'totalAscent': 63.0, 'duration': 2100.531005859375, 'splitType': 'RWD_RUN', 'numClimbSends': 0, 'maxElevationGain': 63.0, 'averageElevationGain': 63.0, 'maxDistance': 8144, 'distance': 8144.43994140625, 'averageSpeed': 3.877000093460083, 'maxSpeed': 5.085000038146973, 'numFalls': 0, 'elevationLoss': 67.0}]",True,1,33,-8.0,False,,,,,,False,False,False,False,False,False,False,False,False,411.0,595.0,420.0,10.230000305175782,245.89999389648438,7.449999809265137,3.8589999675750732,,,,,,,,,,,,,,,
16993109785,Treadmill Running,2024-09-09 17:47:30,2024-09-09 21:47:30,"{'typeId': 18, 'typeKey': 'treadmill_running', 'parentTypeId': 1, 'isHidden': False, 'trimmable': True, 'restricted': False}","{'typeId': 9, 'typeKey': 'uncategorized', 'sortOrder': 10}",4762.509765625,1601.72802734375,1601.72802734375,1373.3930053710938,,,2.9730000495910645,6.157999992370606,,,False,False,118790142,ae52ea07-2874-4bde-8648-ac48be0f708d,Riley King,https://s3.amazonaws.com/garmin-connect-prod/profile_images/249fcc8d-9898-4d4a-abf5-ba07581a6fcd-prth.png,https://s3.amazonaws.com/garmin-connect-prod/profile_images/249fcc8d-9898-4d4a-abf5-ba07581a6fcd-prfr.png,https://s3.amazonaws.com/garmin-connect-prod/profile_images/249fcc8d-9898-4d4a-abf5-ba07581a6fcd-prof.png,352.0,40.0,152.0,187.0,136.40625,192.0,3438.0,"['SCOPE_GOLF_API_READ', 'SCOPE_ATP_READ', 'SCOPE_DIVE_API_WRITE', 'SCOPE_COMMUNITY_COURSE_ADMIN_READ', 'SCOPE_DIVE_API_READ', 'SCOPE_DI_OAUTH_2_CLIENT_READ', 'SCOPE_CONNECT_WRITE', 'SCOPE_COMMUNITY_COURSE_WRITE', 'SCOPE_MESSAGE_GENERATION_READ', 'SCOPE_DI_OAUTH_2_CLIENT_REVOCATION_ADMIN', 'SCOPE_CONNECT_WEB_TEMPLATE_RENDER', 'SCOPE_OMT_SUBSCRIPTION_ADMIN_READ', 'SCOPE_CONNECT_NON_SOCIAL_SHARED_READ', 'SCOPE_CONNECT_READ', 'SCOPE_DI_OAUTH_2_TOKEN_ADMIN', 'ROLE_CONNECTUSER', 'ROLE_FITNESS_USER', 'ROLE_WELLNESS_USER']","{'typeId': 4, 'typeKey': 'groups'}",False,False,149,1725918450000,1,3.200000047683716,1.7000000476837158,131.70999755859376,,3461278113,,,192.0,{'summarizedDiveGases': []},,GARMIN,,3,,,359.0,TEMPO,106.0654296875,400.9230041503906,IMPACTING_TEMPO_22,MINOR_ANAEROBIC_BENEFIT_15,"[{'noOfSplits': 1, 'duration': 1601.72802734375, 'splitType': 'INTERVAL_ACTIVE', 'numClimbSends': 0, 'maxDistance': 4762, 'distance': 4762.509765625, 'averageSpeed': 2.9730000495910645, 'maxSpeed': 6.1579999923706055, 'numFalls': 0}, {'noOfSplits': 6, 'duration': 163.0019989013672, 'splitType': 'RWD_STAND', 'numClimbSends': 0, 'maxDistance': 3, 'distance': 3.640000104904175, 'averageSpeed': 0.02199999988079071, 'maxSpeed': 3.6389999389648438, 'numFalls': 0}, {'noOfSplits': 7, 'duration': 356.5950012207031, 'splitType': 'RWD_WALK', 'numClimbSends': 0, 'maxDistance': 512, 'distance': 541.75, 'averageSpeed': 1.5190000534057617, 'maxSpeed': 2.2019999027252197, 'numFalls': 0}, {'noOfSplits': 2, 'duration': 1083.0, 'splitType': 'RWD_RUN', 'numClimbSends': 0, 'maxDistance': 4213, 'distance': 4217.1201171875, 'averageSpeed': 3.8940000534057617, 'maxSpeed': 6.1579999923706055, 'numFalls': 0}]",True,3,20,-5.0,False,,,,,,False,False,False,False,False,False,False,False,False,291.0,577.0,367.0,9.34000015258789,271.8999938964844,7.380000114440918,,,,,,,,,,,,,,,,
16975840740,Treadmill Running,2024-09-07 17:41:50,2024-09-07 21:41:50,"{'typeId': 18, 'typeKey': 'treadmill_running', 'parentTypeId': 1, 'isHidden': False, 'trimmable': True, 'restricted': False}","{'typeId': 9, 'typeKey': 'uncategorized', 'sortOrder': 10}",3224.9599609375,1195.9610595703125,1195.9610595703125,1150.0,,,2.697000026702881,6.428999900817871,,,False,False,118790142,ae52ea07-2874-4bde-8648-ac48be0f708d,Riley King,https://s3.amazonaws.com/garmin-connect-prod/profile_images/249fcc8d-9898-4d4a-abf5-ba07581a6fcd-prth.png,https://s3.amazonaws.com/garmin-connect-prod/profile_images/249fcc8d-9898-4d4a-abf5-ba07581a6fcd-prfr.png,https://s3.amazonaws.com/garmin-connect-prod/profile_images/249fcc8d-9898-4d4a-abf5-ba07581a6fcd-prof.png,231.0,30.0,133.0,169.0,131.484375,248.0,2572.0,"['SCOPE_GOLF_API_READ', 'SCOPE_ATP_READ', 'SCOPE_DIVE_API_WRITE', 'SCOPE_COMMUNITY_COURSE_ADMIN_READ', 'SCOPE_DIVE_API_READ', 'SCOPE_DI_OAUTH_2_CLIENT_READ', 'SCOPE_CONNECT_WRITE', 'SCOPE_COMMUNITY_COURSE_WRITE', 'SCOPE_MESSAGE_GENERATION_READ', 'SCOPE_DI_OAUTH_2_CLIENT_REVOCATION_ADMIN', 'SCOPE_CONNECT_WEB_TEMPLATE_RENDER', 'SCOPE_OMT_SUBSCRIPTION_ADMIN_READ', 'SCOPE_CONNECT_NON_SOCIAL_SHARED_READ', 'SCOPE_CONNECT_READ', 'SCOPE_DI_OAUTH_2_TOKEN_ADMIN', 'ROLE_CONNECTUSER', 'ROLE_FITNESS_USER', 'ROLE_WELLNESS_USER']","{'typeId': 4, 'typeKey': 'groups'}",False,False,149,1725745310000,1,2.200000047683716,2.0999999046325684,120.45,,3461278113,,,248.0,{'summarizedDiveGases': []},,GARMIN,,3,,,308.0,SPEED,63.867431640625,3.134999990463257,MINOR_AEROBIC_BENEFIT_0,MAINTAINING_FAST_FORCE_PRODUCTION_6,"[{'noOfSplits': 11, 'duration': 617.905029296875, 'splitType': 'RWD_WALK', 'numClimbSends': 0, 'maxDistance': 230, 'distance': 1048.06005859375, 'averageSpeed': 1.6959999799728394, 'maxSpeed': 2.1089999675750732, 'numFalls': 0}, {'noOfSplits': 4, 'duration': 21.0, 'splitType': 'RWD_STAND', 'numClimbSends': 0, 'maxDistance': 0, 'distance': 0.0, 'averageSpeed': 0.0, 'maxSpeed': 0.0, 'numFalls': 0}, {'noOfSplits': 1, 'duration': 1195.9610595703125, 'splitType': 'INTERVAL_ACTIVE', 'numClimbSends': 0, 'maxDistance': 3224, 'distance': 3224.9599609375, 'averageSpeed': 2.697000026702881, 'maxSpeed': 6.428999900817871, 'numFalls': 0}, {'noOfSplits': 10, 'duration': 560.9979858398438, 'splitType': 'RWD_RUN', 'numClimbSends': 0, 'maxDistance': 284, 'distance': 2176.89990234375, 'averageSpeed': 3.880000114440918, 'maxSpeed': 6.428999900817871, 'numFalls': 0}]",True,3,16,-3.0,False,,,,,,False,False,False,False,False,False,False,False,False,236.0,575.0,333.0,7.65,245.10000610351562,6.539999961853027,,,,,,,,,,,,,,,,
16966854264,Bristol Running,2024-09-06 17:07:19,2024-09-06 21:07:19,"{'typeId': 1, 'typeKey': 'running', 'parentTypeId': 17, 'isHidden': False, 'trimmable': True, 'restricted': False}","{'typeId': 9, 'typeKey': 'uncategorized', 'sortOrder': 10}",17305.69921875,6210.3388671875,6231.73291015625,6085.4630126953125,100.0,101.0,2.7869999408721924,4.9079999923706055,41.654346669092774,-71.26124485395849,True,False,118790142,ae52ea07-2874-4bde-8648-ac48be0f708d,Riley King,https://s3.amazonaws.com/garmin-connect-prod/profile_images/249fcc8d-9898-4d4a-abf5-ba07581a6fcd-prth.png,https://s3.amazonaws.com/garmin-connect-prod/profile_images/249fcc8d-9898-4d4a-abf5-ba07581a6fcd-prfr.png,https://s3.amazonaws.com/garmin-connect-prod/profile_images/249fcc8d-9898-4d4a-abf5-ba07581a6fcd-prof.png,1175.0,155.0,139.0,185.0,140.25,183.0,14640.0,"['SCOPE_GOLF_API_READ', 'SCOPE_ATP_READ', 'SCOPE_DIVE_API_WRITE', 'SCOPE_COMMUNITY_COURSE_ADMIN_READ', 'SCOPE_DIVE_API_READ', 'SCOPE_DI_OAUTH_2_CLIENT_READ', 'SCOPE_CONNECT_WRITE', 'SCOPE_COMMUNITY_COURSE_WRITE', 'SCOPE_MESSAGE_GENERATION_READ', 'SCOPE_DI_OAUTH_2_CLIENT_REVOCATION_ADMIN', 'SCOPE_CONNECT_WEB_TEMPLATE_RENDER', 'SCOPE_OMT_SUBSCRIPTION_ADMIN_READ', 'SCOPE_CONNECT_NON_SOCIAL_SHARED_READ', 'SCOPE_CONNECT_READ', 'SCOPE_DI_OAUTH_2_TOKEN_ADMIN', 'ROLE_CONNECTUSER', 'ROLE_FITNESS_USER', 'ROLE_WELLNESS_USER']","{'typeId': 4, 'typeKey': 'groups'}",False,False,149,1725656839000,1,4.699999809265137,1.5,112.71999511718751,59.0,3461278113,7.0,46.20000076293945,183.0,{'summarizedDiveGases': []},0.6000003814697266,GARMIN,Bristol,11,41.65429369546473,-71.26119514927268,1553.0,LACTATE_THRESHOLD,227.0972137451172,306.22100830078125,HIGHLY_IMPROVING_LACTATE_THRESHOLD_13,MINOR_ANAEROBIC_BENEFIT_15,"[{'noOfSplits': 1, 'totalAscent': 100.0, 'duration': 6210.3388671875, 'splitType': 'INTERVAL_ACTIVE', 'numClimbSends': 0, 'maxElevationGain': 100.0, 'averageElevationGain': 100.0, 'maxDistance': 17305, 'distance': 17305.6796875, 'averageSpeed': 2.7869999408721924, 'maxSpeed': 4.9079999923706055, 'numFalls': 0, 'elevationLoss': 101.0}, {'noOfSplits': 5, 'totalAscent': 0.0, 'duration': 93.0, 'splitType': 'RWD_STAND', 'numClimbSends': 0, 'maxElevationGain': 0.0, 'averageElevationGain': 0.0, 'maxDistance': 11, 'distance': 24.06999969482422, 'averageSpeed': 0.2590000033378601, 'maxSpeed': 0.0, 'numFalls': 0, 'elevationLoss': 0.0}, {'noOfSplits': 5, 'totalAscent': 91.0, 'duration': 3603.576904296875, 'splitType': 'RWD_RUN', 'numClimbSends': 0, 'maxElevationGain': 37.0, 'averageElevationGain': 18.0, 'maxDistance': 4889, 'distance': 13784.7802734375, 'averageSpeed': 3.825000047683716, 'maxSpeed': 4.9079999923706055, 'numFalls': 0, 'elevationLoss': 78.0}, {'noOfSplits': 10, 'totalAscent': 9.0, 'duration': 2517.631103515625, 'splitType': 'RWD_WALK', 'numClimbSends': 0, 'maxElevationGain': 9.0, 'averageElevationGain': 1.0, 'maxDistance': 2671, 'distance': 3496.860107421875, 'averageSpeed': 1.3890000581741333, 'maxSpeed': 2.313999891281128, 'numFalls': 0, 'elevationLoss': 23.0}]",True,39,60,-15.0,False,,,,,,False,False,False,False,False,False,False,False,False,282.0,590.0,367.0,8.469999694824219,247.1999969482422,7.610000133514404,2.7939999103546143,,,,,,,,,,,,,,,
16949268205,Treadmill Running,2024-09-04 16:01:07,2024-09-04 20:01:07,"{'typeId': 18, 'typeKey': 'treadmill_running', 'parentTypeId': 1, 'isHidden': False, 'trimmable': True, 'restricted': False}","{'typeId': 9, 'typeKey': 'uncategorized', 'sortOrder': 10}",3673.840087890625,1007.3099975585938,1007.3099975585938,940.6159973144531,,,3.647000074386597,6.027999877929688,,,False,False,118790142,ae52ea07-2874-4bde-8648-ac48be0f708d,Riley King,https://s3.amazonaws.com/garmin-connect-prod/profile_images/249fcc8d-9898-4d4a-abf5-ba07581a6fcd-prth.png,https://s3.amazonaws.com/garmin-connect-prod/profile_images/249fcc8d-9898-4d4a-abf5-ba07581a6fcd-prfr.png,https://s3.amazonaws.com/garmin-connect-prod/profile_images/249fcc8d-9898-4d4a-abf5-ba07581a6fcd-prof.png,223.0,25.0,143.0,179.0,153.96875,185.0,2496.0,"['SCOPE_GOLF_API_READ', 'SCOPE_ATP_READ', 'SCOPE_DIVE_API_WRITE', 'SCOPE_COMMUNITY_COURSE_ADMIN_READ', 'SCOPE_DIVE_API_READ', 'SCOPE_DI_OAUTH_2_CLIENT_READ', 'SCOPE_CONNECT_WRITE', 'SCOPE_COMMUNITY_COURSE_WRITE', 'SCOPE_MESSAGE_GENERATION_READ', 'SCOPE_DI_OAUTH_2_CLIENT_REVOCATION_ADMIN', 'SCOPE_CONNECT_WEB_TEMPLATE_RENDER', 'SCOPE_OMT_SUBSCRIPTION_ADMIN_READ', 'SCOPE_CONNECT_NON_SOCIAL_SHARED_READ', 'SCOPE_CONNECT_READ', 'SCOPE_DI_OAUTH_2_TOKEN_ADMIN', 'ROLE_CONNECTUSER', 'ROLE_FITNESS_USER', 'ROLE_WELLNESS_USER']","{'typeId': 4, 'typeKey': 'groups'}",False,False,149,1725480067000,1,2.5,1.2000000476837158,144.25,,3461278113,,,185.0,{'summarizedDiveGases': []},,GARMIN,,3,,,249.0,AEROBIC_BASE,60.46202087402344,210.69400024414062,MAINTAINING_AEROBIC_FITNESS_1,MINOR_ANAEROBIC_BENEFIT_15,"[{'noOfSplits': 1, 'duration': 1007.3099975585938, 'splitType': 'INTERVAL_ACTIVE', 'numClimbSends': 0, 'maxDistance': 3673, 'distance': 3673.840087890625, 'averageSpeed': 3.6470000743865967, 'maxSpeed': 6.0279998779296875, 'numFalls': 0}, {'noOfSplits': 3, 'duration': 33.999000549316406, 'splitType': 'RWD_STAND', 'numClimbSends': 0, 'maxDistance': 0, 'distance': 0.0, 'averageSpeed': 0.0, 'maxSpeed': 0.0, 'numFalls': 0}, {'noOfSplits': 1, 'duration': 862.0009765625, 'splitType': 'RWD_RUN', 'numClimbSends': 0, 'maxDistance': 3574, 'distance': 3574.739990234375, 'averageSpeed': 4.146999835968018, 'maxSpeed': 6.0279998779296875, 'numFalls': 0}, {'noOfSplits': 4, 'duration': 111.29000091552734, 'splitType': 'RWD_WALK', 'numClimbSends': 0, 'maxDistance': 59, 'distance': 99.0999984741211, 'averageSpeed': 0.8899999856948853, 'maxSpeed': 1.6050000190734863, 'numFalls': 0}]",True,0,13,-6.0,False,,,,,,False,False,False,False,False,False,False,False,False,364.0,555.0,412.0,9.930000305175781,238.5,7.130000114440918,,,,,,,,,,,,,,,,
16940374148,Bristol Running,2024-09-03 16:08:00,2024-09-03 20:08:00,"{'typeId': 1, 'typeKey': 'running', 'parentTypeId': 17, 'isHidden': False, 'trimmable': True, 'restricted': False}","{'typeId': 9, 'typeKey': 'uncategorized', 'sortOrder': 10}",11747.5,4429.67822265625,4452.7431640625,4377.857025146484,77.0,76.0,2.6519999504089355,5.505000114440917,41.65439939126372,-71.26122473739088,True,False,118790142,ae52ea07-2874-4bde-8648-ac48be0f708d,Riley King,https://s3.amazonaws.com/garmin-connect-prod/profile_images/249fcc8d-9898-4d4a-abf5-ba07581a6fcd-prth.png,https://s3.amazonaws.com/garmin-connect-prod/profile_images/249fcc8d-9898-4d4a-abf5-ba07581a6fcd-prfr.png,https://s3.amazonaws.com/garmin-connect-prod/profile_images/249fcc8d-9898-4d4a-abf5-ba07581a6fcd-prof.png,774.0,110.0,131.0,178.0,138.21875,184.0,10312.0,"['SCOPE_GOLF_API_READ', 'SCOPE_ATP_READ', 'SCOPE_DIVE_API_WRITE', 'SCOPE_COMMUNITY_COURSE_ADMIN_READ', 'SCOPE_DIVE_API_READ', 'SCOPE_DI_OAUTH_2_CLIENT_READ', 'SCOPE_CONNECT_WRITE', 'SCOPE_COMMUNITY_COURSE_WRITE', 'SCOPE_MESSAGE_GENERATION_READ', 'SCOPE_DI_OAUTH_2_CLIENT_REVOCATION_ADMIN', 'SCOPE_CONNECT_WEB_TEMPLATE_RENDER', 'SCOPE_OMT_SUBSCRIPTION_ADMIN_READ', 'SCOPE_CONNECT_NON_SOCIAL_SHARED_READ', 'SCOPE_CONNECT_READ', 'SCOPE_DI_OAUTH_2_TOKEN_ADMIN', 'ROLE_CONNECTUSER', 'ROLE_FITNESS_USER', 'ROLE_WELLNESS_USER']","{'typeId': 4, 'typeKey': 'groups'}",False,False,149,1725394080000,1,3.799999952316284,0.20000000298023224,109.41999511718751,60.0,3461278113,3.799999952316284,26.799999237060547,184.0,{'summarizedDiveGases': []},0.6000003814697266,GARMIN,Bristol,8,41.65431322529912,-71.26123261637986,1196.0,LACTATE_THRESHOLD,136.01747131347656,115.07099914550781,IMPROVING_LACTATE_THRESHOLD_12,NO_ANAEROBIC_BENEFIT_0,"[{'noOfSplits': 1, 'totalAscent': 77.0, 'duration': 4429.67822265625, 'splitType': 'INTERVAL_ACTIVE', 'numClimbSends': 0, 'maxElevationGain': 77.0, 'averageElevationGain': 77.0, 'maxDistance': 11747, 'distance': 11747.4697265625, 'averageSpeed': 2.6519999504089355, 'maxSpeed': 5.505000114440918, 'numFalls': 0, 'elevationLoss': 76.0}, {'noOfSplits': 6, 'totalAscent': 15.0, 'duration': 2155.0009765625, 'splitType': 'RWD_WALK', 'numClimbSends': 0, 'maxElevationGain': 10.0, 'averageElevationGain': 2.0, 'maxDistance': 2625, 'distance': 3209.340087890625, 'averageSpeed': 1.4889999628067017, 'maxSpeed': 2.127000093460083, 'numFalls': 0, 'elevationLoss': 26.0}, {'noOfSplits': 2, 'totalAscent': 0.0, 'duration': 43.999000549316406, 'splitType': 'RWD_STAND', 'numClimbSends': 0, 'maxElevationGain': 0.0, 'averageElevationGain': 0.0, 'maxDistance': 5, 'distance': 8.600000381469727, 'averageSpeed': 0.19499999284744263, 'maxSpeed': 0.0, 'numFalls': 0, 'elevationLoss': 0.0}, {'noOfSplits': 5, 'totalAscent': 62.0, 'duration': 2237.576904296875, 'splitType': 'RWD_RUN', 'numClimbSends': 0, 'maxElevationGain': 32.0, 'averageElevationGain': 12.0, 'maxDistance': 4755, 'distance': 8529.5595703125, 'averageSpeed': 3.812000036239624, 'maxSpeed': 5.505000114440918, 'numFalls': 0, 'elevationLoss': 50.0}]",True,33,36,-11.0,False,,,,,,False,False,False,False,False,False,False,False,False,260.0,622.0,350.0,8.080000305175782,245.8000030517578,7.510000228881836,2.6600000858306885,,,,,,,,,,,,,,,
16931996981,Treadmill Running,2024-09-02 20:15:07,2024-09-03 00:15:07,"{'typeId': 18, 'typeKey': 'treadmill_running', 'parentTypeId': 1, 'isHidden': False, 'trimmable': True, 'restricted': False}","{'typeId': 9, 'typeKey': 'uncategorized', 'sortOrder': 10}",5452.4501953125,1479.761962890625,1479.761962890625,1439.0,,,3.684999942779541,6.177000045776367,,,False,False,118790142,ae52ea07-2874-4bde-8648-ac48be0f708d,Riley King,https://s3.amazonaws.com/garmin-connect-prod/profile_images/249fcc8d-9898-4d4a-abf5-ba07581a6fcd-prth.png,https://s3.amazonaws.com/garmin-connect-prod/profile_images/249fcc8d-9898-4d4a-abf5-ba07581a6fcd-prfr.png,https://s3.amazonaws.com/garmin-connect-prod/profile_images/249fcc8d-9898-4d4a-abf5-ba07581a6fcd-prof.png,356.0,37.0,152.0,180.0,162.578125,203.0,3704.0,"['SCOPE_GOLF_API_READ', 'SCOPE_ATP_READ', 'SCOPE_DIVE_API_WRITE', 'SCOPE_COMMUNITY_COURSE_ADMIN_READ', 'SCOPE_DIVE_API_READ', 'SCOPE_DI_OAUTH_2_CLIENT_READ', 'SCOPE_CONNECT_WRITE', 'SCOPE_COMMUNITY_COURSE_WRITE', 'SCOPE_MESSAGE_GENERATION_READ', 'SCOPE_DI_OAUTH_2_CLIENT_REVOCATION_ADMIN', 'SCOPE_CONNECT_WEB_TEMPLATE_RENDER', 'SCOPE_OMT_SUBSCRIPTION_ADMIN_READ', 'SCOPE_CONNECT_NON_SOCIAL_SHARED_READ', 'SCOPE_CONNECT_READ', 'SCOPE_DI_OAUTH_2_TOKEN_ADMIN', 'ROLE_CONNECTUSER', 'ROLE_FITNESS_USER', 'ROLE_WELLNESS_USER']","{'typeId': 4, 'typeKey': 'groups'}",False,False,149,1725322507000,1,3.200000047683716,2.5,136.9,,3461278113,,,203.0,{'summarizedDiveGases': []},,GARMIN,,4,,,400.0,TEMPO,129.86514282226562,206.4340057373047,IMPACTING_TEMPO_22,MAINTAINING_ANAEROBIC_BASE_1,"[{'noOfSplits': 2, 'duration': 4.0, 'splitType': 'RWD_STAND', 'numClimbSends': 0, 'maxDistance': 0, 'distance': 0.0, 'averageSpeed': 0.0, 'maxSpeed': 0.0, 'numFalls': 0}, {'noOfSplits': 4, 'duration': 1443.0009765625, 'splitType': 'RWD_RUN', 'numClimbSends': 0, 'maxDistance': 5399, 'distance': 5422.1298828125, 'averageSpeed': 3.757999897003174, 'maxSpeed': 6.177000045776367, 'numFalls': 0}, {'noOfSplits': 6, 'duration': 39.66899871826172, 'splitType': 'RWD_WALK', 'numClimbSends': 0, 'maxDistance': 28, 'distance': 30.31999969482422, 'averageSpeed': 0.7639999985694885, 'maxSpeed': 1.6239999532699585, 'numFalls': 0}, {'noOfSplits': 1, 'duration': 1479.761962890625, 'splitType': 'INTERVAL_ACTIVE', 'numClimbSends': 0, 'maxDistance': 5452, 'distance': 5452.4501953125, 'averageSpeed': 3.684999942779541, 'maxSpeed': 6.177000045776367, 'numFalls': 0}]",True,1,22,-5.0,False,,,,,,False,False,False,False,False,False,False,False,False,369.0,572.0,397.0,9.940000152587892,252.89999389648438,7.53000020980835,,,,,,,,,,,,,,,,
16912472331,Bristol Walking,2024-08-31 12:55:58,2024-08-31 16:55:58,"{'typeId': 9, 'typeKey': 'walking', 'parentTypeId': 17, 'isHidden': False, 'trimmable': True, 'restricted': False}","{'typeId': 9, 'typeKey': 'uncategorized', 'sortOrder': 10}",7580.0498046875,4814.22802734375,4814.22802734375,4463.575988769531,54.0,38.0,1.5750000476837158,3.694999933242798,41.674893060699105,-71.30510106682777,True,False,118790142,ae52ea07-2874-4bde-8648-ac48be0f708d,Riley King,https://s3.amazonaws.com/garmin-connect-prod/profile_images/249fcc8d-9898-4d4a-abf5-ba07581a6fcd-prth.png,https://s3.amazonaws.com/garmin-connect-prod/profile_images/249fcc8d-9898-4d4a-abf5-ba07581a6fcd-prfr.png,https://s3.amazonaws.com/garmin-connect-prod/profile_images/249fcc8d-9898-4d4a-abf5-ba07581a6fcd-prof.png,550.0,120.0,116.0,157.0,109.4375,243.0,8896.0,"['SCOPE_GOLF_API_READ', 'SCOPE_ATP_READ', 'SCOPE_DIVE_API_WRITE', 'SCOPE_COMMUNITY_COURSE_ADMIN_READ', 'SCOPE_DIVE_API_READ', 'SCOPE_DI_OAUTH_2_CLIENT_READ', 'SCOPE_CONNECT_WRITE', 'SCOPE_COMMUNITY_COURSE_WRITE', 'SCOPE_MESSAGE_GENERATION_READ', 'SCOPE_DI_OAUTH_2_CLIENT_REVOCATION_ADMIN', 'SCOPE_CONNECT_WEB_TEMPLATE_RENDER', 'SCOPE_OMT_SUBSCRIPTION_ADMIN_READ', 'SCOPE_CONNECT_NON_SOCIAL_SHARED_READ', 'SCOPE_CONNECT_READ', 'SCOPE_DI_OAUTH_2_TOKEN_ADMIN', 'ROLE_CONNECTUSER', 'ROLE_FITNESS_USER', 'ROLE_WELLNESS_USER']","{'typeId': 4, 'typeKey': 'groups'}",False,False,149,1725123358000,11,2.0,0.0,86.17497621608776,59.0,3461278113,0.0,20.399999618530273,243.0,{'summarizedDiveGases': []},0.39999985694885254,GARMIN,Bristol,5,41.65444607846439,-71.26123580150306,1088.0,AEROBIC_BASE,25.21142578125,555.9030151367188,MAINTAINING_AEROBIC_BASE_7,NO_ANAEROBIC_BENEFIT_0,[],False,71,7,-8.0,False,,,,,,False,False,False,False,False,False,False,False,False,,,,,,,,,,,,,,,,,,,,,,
16911839839,Bristol - Base,2024-08-31 12:12:03,2024-08-31 16:12:03,"{'typeId': 1, 'typeKey': 'running', 'parentTypeId': 17, 'isHidden': False, 'trimmable': True, 'restricted': False}","{'typeId': 9, 'typeKey': 'uncategorized', 'sortOrder': 10}",8718.0,2406.48095703125,2594.7080078125,2403.7479858398438,62.0,79.0,3.622999906539917,4.479000091552734,41.654128739610314,-71.26091846264899,True,False,118790142,ae52ea07-2874-4bde-8648-ac48be0f708d,Riley King,https://s3.amazonaws.com/garmin-connect-prod/profile_images/249fcc8d-9898-4d4a-abf5-ba07581a6fcd-prth.png,https://s3.amazonaws.com/garmin-connect-prod/profile_images/249fcc8d-9898-4d4a-abf5-ba07581a6fcd-prfr.png,https://s3.amazonaws.com/garmin-connect-prod/profile_images/249fcc8d-9898-4d4a-abf5-ba07581a6fcd-prof.png,605.0,60.0,155.0,177.0,167.09375,176.0,6710.0,"['SCOPE_GOLF_API_READ', 'SCOPE_ATP_READ', 'SCOPE_DIVE_API_WRITE', 'SCOPE_COMMUNITY_COURSE_ADMIN_READ', 'SCOPE_DIVE_API_READ', 'SCOPE_DI_OAUTH_2_CLIENT_READ', 'SCOPE_CONNECT_WRITE', 'SCOPE_COMMUNITY_COURSE_WRITE', 'SCOPE_MESSAGE_GENERATION_READ', 'SCOPE_DI_OAUTH_2_CLIENT_REVOCATION_ADMIN', 'SCOPE_CONNECT_WEB_TEMPLATE_RENDER', 'SCOPE_OMT_SUBSCRIPTION_ADMIN_READ', 'SCOPE_CONNECT_NON_SOCIAL_SHARED_READ', 'SCOPE_CONNECT_READ', 'SCOPE_DI_OAUTH_2_TOKEN_ADMIN', 'ROLE_CONNECTUSER', 'ROLE_FITNESS_USER', 'ROLE_WELLNESS_USER']","{'typeId': 4, 'typeKey': 'groups'}",False,False,149,1725120723000,1,3.799999952316284,0.10000000149011612,129.20999755859376,59.0,3461278113,5.199999809265137,49.0,176.0,{'summarizedDiveGases': []},1.0,GARMIN,Bristol,7,41.67547920718789,-71.30501716397703,668.0,LACTATE_THRESHOLD,137.55819702148438,6.480999946594238,IMPROVING_LACTATE_THRESHOLD_12,NO_ANAEROBIC_BENEFIT_0,"[{'noOfSplits': 1, 'totalAscent': 62.0, 'duration': 2406.48095703125, 'splitType': 'INTERVAL_ACTIVE', 'numClimbSends': 0, 'maxElevationGain': 62.0, 'averageElevationGain': 62.0, 'maxDistance': 8717, 'distance': 8717.990234375, 'averageSpeed': 3.622999906539917, 'maxSpeed': 4.479000091552734, 'numFalls': 0, 'elevationLoss': 79.0}, {'noOfSplits': 1, 'totalAscent': 0.0, 'duration': 4.000999927520752, 'splitType': 'RWD_WALK', 'numClimbSends': 0, 'maxElevationGain': 0.0, 'averageElevationGain': 0.0, 'maxDistance': 10, 'distance': 10.609999656677246, 'averageSpeed': 2.6519999504089355, 'maxSpeed': 1.930999994277954, 'numFalls': 0, 'elevationLoss': 0.0}, {'noOfSplits': 3, 'totalAscent': 62.0, 'duration': 2403.06494140625, 'splitType': 'RWD_RUN', 'numClimbSends': 0, 'maxElevationGain': 36.0, 'averageElevationGain': 21.0, 'maxDistance': 3258, 'distance': 8692.16015625, 'averageSpeed': 3.617000102996826, 'maxSpeed': 4.479000091552734, 'numFalls': 0, 'elevationLoss': 79.0}, {'noOfSplits': 2, 'totalAscent': 0.0, 'duration': 3.3940000534057617, 'splitType': 'RWD_STAND', 'numClimbSends': 0, 'maxElevationGain': 0.0, 'averageElevationGain': 0.0, 'maxDistance': 8, 'distance': 15.229999542236328, 'averageSpeed': 4.486999988555908, 'maxSpeed': 0.0, 'numFalls': 0, 'elevationLoss': 0.0}]",True,2,40,-13.0,False,,,,,,False,False,False,False,False,False,False,False,False,378.0,506.0,382.0,9.930000305175781,251.60000610351562,7.679999828338623,3.615000009536743,,,,,,,,,,,,,,,
16887750865,Bristol Running,2024-08-28 15:34:51,2024-08-28 19:34:51,"{'typeId': 1, 'typeKey': 'running', 'parentTypeId': 17, 'isHidden': False, 'trimmable': True, 'restricted': False}","{'typeId': 9, 'typeKey': 'uncategorized', 'sortOrder': 10}",11899.169921875,4631.11279296875,4633.11083984375,4627.360015869141,72.0,80.0,2.5690000057220455,4.609000205993652,41.65431188419461,-71.26123605296016,True,False,118790142,ae52ea07-2874-4bde-8648-ac48be0f708d,Riley King,https://s3.amazonaws.com/garmin-connect-prod/profile_images/249fcc8d-9898-4d4a-abf5-ba07581a6fcd-prth.png,https://s3.amazonaws.com/garmin-connect-prod/profile_images/249fcc8d-9898-4d4a-abf5-ba07581a6fcd-prfr.png,https://s3.amazonaws.com/garmin-connect-prod/profile_images/249fcc8d-9898-4d4a-abf5-ba07581a6fcd-prof.png,840.0,115.0,141.0,181.0,141.796875,174.0,10976.0,"['SCOPE_GOLF_API_READ', 'SCOPE_ATP_READ', 'SCOPE_DIVE_API_WRITE', 'SCOPE_COMMUNITY_COURSE_ADMIN_READ', 'SCOPE_DIVE_API_READ', 'SCOPE_DI_OAUTH_2_CLIENT_READ', 'SCOPE_CONNECT_WRITE', 'SCOPE_COMMUNITY_COURSE_WRITE', 'SCOPE_MESSAGE_GENERATION_READ', 'SCOPE_DI_OAUTH_2_CLIENT_REVOCATION_ADMIN', 'SCOPE_CONNECT_WEB_TEMPLATE_RENDER', 'SCOPE_OMT_SUBSCRIPTION_ADMIN_READ', 'SCOPE_CONNECT_NON_SOCIAL_SHARED_READ', 'SCOPE_CONNECT_READ', 'SCOPE_DI_OAUTH_2_TOKEN_ADMIN', 'ROLE_CONNECTUSER', 'ROLE_FITNESS_USER', 'ROLE_WELLNESS_USER']","{'typeId': 4, 'typeKey': 'groups'}",False,False,149,1724873691000,1,4.099999904632568,0.0,104.41999511718751,59.0,3461278113,-0.20000000298023224,22.399999618530273,174.0,{'summarizedDiveGases': []},0.6000003814697266,GARMIN,Bristol,8,41.6538792103529,-71.26046500168741,1152.0,LACTATE_THRESHOLD,150.7761688232422,350.8370056152344,HIGHLY_IMPROVING_LACTATE_THRESHOLD_13,NO_ANAEROBIC_BENEFIT_0,"[{'noOfSplits': 1, 'totalAscent': 72.0, 'duration': 4631.11279296875, 'splitType': 'INTERVAL_ACTIVE', 'numClimbSends': 0, 'maxElevationGain': 72.0, 'averageElevationGain': 72.0, 'maxDistance': 11899, 'distance': 11899.169921875, 'averageSpeed': 2.569000005722046, 'maxSpeed': 4.609000205993652, 'numFalls': 0, 'elevationLoss': 80.0}, {'noOfSplits': 3, 'totalAscent': 46.0, 'duration': 2301.001953125, 'splitType': 'RWD_RUN', 'numClimbSends': 0, 'maxElevationGain': 46.0, 'averageElevationGain': 15.0, 'maxDistance': 8078, 'distance': 8102.91015625, 'averageSpeed': 3.5209999084472656, 'maxSpeed': 4.609000205993652, 'numFalls': 0, 'elevationLoss': 68.0}, {'noOfSplits': 3, 'totalAscent': 26.0, 'duration': 2330.092041015625, 'splitType': 'RWD_WALK', 'numClimbSends': 0, 'maxElevationGain': 11.0, 'averageElevationGain': 9.0, 'maxDistance': 1758, 'distance': 3796.260009765625, 'averageSpeed': 1.628999948501587, 'maxSpeed': 2.062000036239624, 'numFalls': 0, 'elevationLoss': 11.0}]",True,36,39,-13.0,False,,,,,,False,False,False,False,False,False,False,False,False,254.0,550.0,324.0,8.040000152587892,286.70001220703125,7.699999809265137,2.5799999237060547,,,,,,,,,,,,,,,
16878062493,Bristol - Base,2024-08-27 14:52:40,2024-08-27 18:52:40,"{'typeId': 1, 'typeKey': 'running', 'parentTypeId': 17, 'isHidden': False, 'trimmable': True, 'restricted': False}","{'typeId': 9, 'typeKey': 'uncategorized', 'sortOrder': 10}",8147.41015625,2172.306884765625,2172.306884765625,2171.623016357422,61.0,82.0,3.750999927520752,4.703000068664551,41.65433426387608,-71.26117360778153,True,False,118790142,ae52ea07-2874-4bde-8648-ac48be0f708d,Riley King,https://s3.amazonaws.com/garmin-connect-prod/profile_images/249fcc8d-9898-4d4a-abf5-ba07581a6fcd-prth.png,https://s3.amazonaws.com/garmin-connect-prod/profile_images/249fcc8d-9898-4d4a-abf5-ba07581a6fcd-prfr.png,https://s3.amazonaws.com/garmin-connect-prod/profile_images/249fcc8d-9898-4d4a-abf5-ba07581a6fcd-prof.png,565.0,54.0,158.0,176.0,167.828125,174.0,6064.0,"['SCOPE_GOLF_API_READ', 'SCOPE_ATP_READ', 'SCOPE_DIVE_API_WRITE', 'SCOPE_COMMUNITY_COURSE_ADMIN_READ', 'SCOPE_DIVE_API_READ', 'SCOPE_DI_OAUTH_2_CLIENT_READ', 'SCOPE_CONNECT_WRITE', 'SCOPE_COMMUNITY_COURSE_WRITE', 'SCOPE_MESSAGE_GENERATION_READ', 'SCOPE_DI_OAUTH_2_CLIENT_REVOCATION_ADMIN', 'SCOPE_CONNECT_WEB_TEMPLATE_RENDER', 'SCOPE_OMT_SUBSCRIPTION_ADMIN_READ', 'SCOPE_CONNECT_NON_SOCIAL_SHARED_READ', 'SCOPE_CONNECT_READ', 'SCOPE_DI_OAUTH_2_TOKEN_ADMIN', 'ROLE_CONNECTUSER', 'ROLE_FITNESS_USER', 'ROLE_WELLNESS_USER']","{'typeId': 4, 'typeKey': 'groups'}",False,False,149,1724784760000,1,3.9000000953674316,0.0,134.15999755859374,59.0,3461278113,7.800000190734863,32.79999923706055,174.0,{'summarizedDiveGases': []},0.6000003814697266,GARMIN,Bristol,6,41.65425119921565,-71.26111392863095,603.0,TEMPO,135.5882568359375,132.3070068359375,IMPACTING_TEMPO_22,NO_ANAEROBIC_BENEFIT_0,"[{'noOfSplits': 1, 'totalAscent': 61.0, 'duration': 2172.306884765625, 'splitType': 'INTERVAL_ACTIVE', 'numClimbSends': 0, 'maxElevationGain': 61.0, 'averageElevationGain': 61.0, 'maxDistance': 8147, 'distance': 8147.39990234375, 'averageSpeed': 3.750999927520752, 'maxSpeed': 4.703000068664551, 'numFalls': 0, 'elevationLoss': 82.0}, {'noOfSplits': 1, 'totalAscent': 61.0, 'duration': 2172.172119140625, 'splitType': 'RWD_RUN', 'numClimbSends': 0, 'maxElevationGain': 61.0, 'averageElevationGain': 61.0, 'maxDistance': 8147, 'distance': 8147.39990234375, 'averageSpeed': 3.750999927520752, 'maxSpeed': 4.703000068664551, 'numFalls': 0, 'elevationLoss': 82.0}]",True,1,34,-10.0,False,,,,,,False,False,False,False,False,False,False,False,False,406.0,618.0,412.0,10.11999969482422,248.8000030517578,7.559999942779541,3.7609999179840092,,,,,,,,,,,,,,,
16869167247,Treadmill Running,2024-08-26 16:16:03,2024-08-26 20:16:03,"{'typeId': 18, 'typeKey': 'treadmill_running', 'parentTypeId': 1, 'isHidden': False, 'trimmable': True, 'restricted': False}","{'typeId': 9, 'typeKey': 'uncategorized', 'sortOrder': 10}",3763.590087890625,1097.1600341796875,1097.1600341796875,966.9519958496094,,,3.430000066757202,6.214000225067139,,,False,False,118790142,ae52ea07-2874-4bde-8648-ac48be0f708d,Riley King,https://s3.amazonaws.com/garmin-connect-prod/profile_images/249fcc8d-9898-4d4a-abf5-ba07581a6fcd-prth.png,https://s3.amazonaws.com/garmin-connect-prod/profile_images/249fcc8d-9898-4d4a-abf5-ba07581a6fcd-prfr.png,https://s3.amazonaws.com/garmin-connect-prod/profile_images/249fcc8d-9898-4d4a-abf5-ba07581a6fcd-prof.png,241.0,27.0,147.0,177.0,146.21875,200.0,2378.0,"['SCOPE_GOLF_API_READ', 'SCOPE_ATP_READ', 'SCOPE_DIVE_API_WRITE', 'SCOPE_COMMUNITY_COURSE_ADMIN_READ', 'SCOPE_DIVE_API_READ', 'SCOPE_DI_OAUTH_2_CLIENT_READ', 'SCOPE_CONNECT_WRITE', 'SCOPE_COMMUNITY_COURSE_WRITE', 'SCOPE_MESSAGE_GENERATION_READ', 'SCOPE_DI_OAUTH_2_CLIENT_REVOCATION_ADMIN', 'SCOPE_CONNECT_WEB_TEMPLATE_RENDER', 'SCOPE_OMT_SUBSCRIPTION_ADMIN_READ', 'SCOPE_CONNECT_NON_SOCIAL_SHARED_READ', 'SCOPE_CONNECT_READ', 'SCOPE_DI_OAUTH_2_TOKEN_ADMIN', 'ROLE_CONNECTUSER', 'ROLE_FITNESS_USER', 'ROLE_WELLNESS_USER']","{'typeId': 4, 'typeKey': 'groups'}",False,False,149,1724703363000,1,2.9000000953674316,2.0,144.2800048828125,,3461278113,,,200.0,{'summarizedDiveGases': []},,GARMIN,,3,,,259.0,TEMPO,81.02867126464844,319.1809997558594,MAINTAINING_TEMPO_21,MAINTAINING_ANAEROBIC_BASE_1,"[{'noOfSplits': 11, 'duration': 53.0, 'splitType': 'RWD_STAND', 'numClimbSends': 0, 'maxDistance': 4, 'distance': 4.019999980926514, 'averageSpeed': 0.07599999755620956, 'maxSpeed': 4.021999835968018, 'numFalls': 0}, {'noOfSplits': 5, 'duration': 928.0, 'splitType': 'RWD_RUN', 'numClimbSends': 0, 'maxDistance': 3573, 'distance': 3685.550048828125, 'averageSpeed': 3.9709999561309814, 'maxSpeed': 6.214000225067139, 'numFalls': 0}, {'noOfSplits': 1, 'duration': 1097.1600341796875, 'splitType': 'INTERVAL_ACTIVE', 'numClimbSends': 0, 'maxDistance': 3763, 'distance': 3763.590087890625, 'averageSpeed': 3.430000066757202, 'maxSpeed': 6.214000225067139, 'numFalls': 0}, {'noOfSplits': 13, 'duration': 117.02100372314453, 'splitType': 'RWD_WALK', 'numClimbSends': 0, 'maxDistance': 26, 'distance': 74.0199966430664, 'averageSpeed': 0.6330000162124634, 'maxSpeed': 2.1740000247955322, 'numFalls': 0}]",True,1,14,-4.0,False,,,,,,False,False,False,False,False,False,False,False,False,341.0,581.0,404.0,10.01999969482422,246.39999389648438,7.190000057220459,,,,,,,,,,,,,,,,
16852340301,Concord Walking,2024-08-24 16:50:53,2024-08-24 20:50:53,"{'typeId': 9, 'typeKey': 'walking', 'parentTypeId': 17, 'isHidden': False, 'trimmable': True, 'restricted': False}","{'typeId': 9, 'typeKey': 'uncategorized', 'sortOrder': 10}",8991.9697265625,6445.46484375,7433.23681640625,6085.1259765625,94.0,93.0,1.3949999809265137,2.7060000896453853,43.261338053271174,-71.52085502631962,True,False,118790142,ae52ea07-2874-4bde-8648-ac48be0f708d,Riley King,https://s3.amazonaws.com/garmin-connect-prod/profile_images/249fcc8d-9898-4d4a-abf5-ba07581a6fcd-prth.png,https://s3.amazonaws.com/garmin-connect-prod/profile_images/249fcc8d-9898-4d4a-abf5-ba07581a6fcd-prfr.png,https://s3.amazonaws.com/garmin-connect-prod/profile_images/249fcc8d-9898-4d4a-abf5-ba07581a6fcd-prof.png,571.0,161.0,91.0,117.0,102.515625,222.0,11688.0,"['SCOPE_GOLF_API_READ', 'SCOPE_ATP_READ', 'SCOPE_DIVE_API_WRITE', 'SCOPE_COMMUNITY_COURSE_ADMIN_READ', 'SCOPE_DIVE_API_READ', 'SCOPE_DI_OAUTH_2_CLIENT_READ', 'SCOPE_CONNECT_WRITE', 'SCOPE_COMMUNITY_COURSE_WRITE', 'SCOPE_MESSAGE_GENERATION_READ', 'SCOPE_DI_OAUTH_2_CLIENT_REVOCATION_ADMIN', 'SCOPE_CONNECT_WEB_TEMPLATE_RENDER', 'SCOPE_OMT_SUBSCRIPTION_ADMIN_READ', 'SCOPE_CONNECT_NON_SOCIAL_SHARED_READ', 'SCOPE_CONNECT_READ', 'SCOPE_DI_OAUTH_2_TOKEN_ADMIN', 'ROLE_CONNECTUSER', 'ROLE_FITNESS_USER', 'ROLE_WELLNESS_USER']","{'typeId': 4, 'typeKey': 'groups'}",False,False,149,1724532653000,11,1.399999976158142,0.0,81.63768136951424,58.0,3461278113,69.19999694824219,121.19999694824219,222.0,{'summarizedDiveGases': []},0.40000152587890625,GARMIN,Concord,6,43.26143980957568,-71.5210354886949,1028.0,RECOVERY,14.833160400390625,642.7130126953125,RECOVERY_5,NO_ANAEROBIC_BENEFIT_0,[],False,95,0,-6.0,False,,,,,,False,False,False,False,False,False,False,False,False,,,,,,,,,,,,,,,,,,,,,,
16807851459,Concord - VO2 Max,2024-08-19 14:25:02,2024-08-19 18:25:02,"{'typeId': 1, 'typeKey': 'running', 'parentTypeId': 17, 'isHidden': False, 'trimmable': True, 'restricted': False}","{'typeId': 9, 'typeKey': 'uncategorized', 'sortOrder': 10}",18247.669921875,5968.84619140625,9270.6689453125,5866.183975219727,133.0,141.0,3.0569999217987065,6.06500005722046,43.261495381593704,-71.52108578011394,True,False,118790142,ae52ea07-2874-4bde-8648-ac48be0f708d,Riley King,https://s3.amazonaws.com/garmin-connect-prod/profile_images/249fcc8d-9898-4d4a-abf5-ba07581a6fcd-prth.png,https://s3.amazonaws.com/garmin-connect-prod/profile_images/249fcc8d-9898-4d4a-abf5-ba07581a6fcd-prfr.png,https://s3.amazonaws.com/garmin-connect-prod/profile_images/249fcc8d-9898-4d4a-abf5-ba07581a6fcd-prof.png,1315.0,149.0,150.0,184.0,151.171875,245.0,15160.0,"['SCOPE_GOLF_API_READ', 'SCOPE_ATP_READ', 'SCOPE_DIVE_API_WRITE', 'SCOPE_COMMUNITY_COURSE_ADMIN_READ', 'SCOPE_DIVE_API_READ', 'SCOPE_DI_OAUTH_2_CLIENT_READ', 'SCOPE_CONNECT_WRITE', 'SCOPE_COMMUNITY_COURSE_WRITE', 'SCOPE_MESSAGE_GENERATION_READ', 'SCOPE_DI_OAUTH_2_CLIENT_REVOCATION_ADMIN', 'SCOPE_CONNECT_WEB_TEMPLATE_RENDER', 'SCOPE_OMT_SUBSCRIPTION_ADMIN_READ', 'SCOPE_CONNECT_NON_SOCIAL_SHARED_READ', 'SCOPE_CONNECT_READ', 'SCOPE_DI_OAUTH_2_TOKEN_ADMIN', 'ROLE_CONNECTUSER', 'ROLE_FITNESS_USER', 'ROLE_WELLNESS_USER']","{'typeId': 4, 'typeKey': 'groups'}",False,False,149,1724091902000,1,4.699999809265137,2.0,119.40999755859376,59.0,3461278113,80.0,124.5999984741211,245.0,{'summarizedDiveGases': []},0.8000030517578125,GARMIN,Concord,19,43.26169369742274,-71.52112944982946,1655.0,TEMPO,221.47042846679688,58.970001220703125,HIGHLY_IMPACTING_TEMPO_23,MAINTAINING_ANAEROBIC_BASE_1,"[{'noOfSplits': 1, 'totalAscent': 12.0, 'duration': 600.0, 'splitType': 'INTERVAL_WARMUP', 'numClimbSends': 0, 'maxElevationGain': 12.0, 'averageElevationGain': 12.0, 'maxDistance': 2086, 'distance': 2086.9599609375, 'averageSpeed': 3.4779999256134033, 'maxSpeed': 3.6760001182556152, 'numFalls': 0, 'elevationLoss': 20.0}, {'noOfSplits': 5, 'totalAscent': 18.0, 'duration': 900.0, 'splitType': 'INTERVAL_ACTIVE', 'numClimbSends': 0, 'maxElevationGain': 6.0, 'averageElevationGain': 4.0, 'maxDistance': 846, 'distance': 4085.77001953125, 'averageSpeed': 4.539999961853027, 'maxSpeed': 6.065000057220459, 'numFalls': 0, 'elevationLoss': 24.0}, {'noOfSplits': 1, 'totalAscent': 94.0, 'duration': 3988.758056640625, 'splitType': 'INTERVAL_COOLDOWN', 'numClimbSends': 0, 'maxElevationGain': 94.0, 'averageElevationGain': 94.0, 'maxDistance': 10545, 'distance': 10545.25, 'averageSpeed': 2.6440000534057617, 'maxSpeed': 4.739999771118164, 'numFalls': 0, 'elevationLoss': 71.0}, {'noOfSplits': 13, 'totalAscent': 96.0, 'duration': 4506.705078125, 'splitType': 'RWD_RUN', 'numClimbSends': 0, 'maxElevationGain': 28.0, 'averageElevationGain': 7.0, 'maxDistance': 5681, 'distance': 15986.580078125, 'averageSpeed': 3.546999931335449, 'maxSpeed': 6.065000057220459, 'numFalls': 0, 'elevationLoss': 136.0}, {'noOfSplits': 13, 'totalAscent': 37.0, 'duration': 1388.9339599609375, 'splitType': 'RWD_WALK', 'numClimbSends': 0, 'maxElevationGain': 25.0, 'averageElevationGain': 3.0, 'maxDistance': 1750, 'distance': 2210.4599609375, 'averageSpeed': 1.590999960899353, 'maxSpeed': 2.2019999027252197, 'numFalls': 0, 'elevationLoss': 4.0}, {'noOfSplits': 6, 'totalAscent': 0.0, 'duration': 77.1709976196289, 'splitType': 'RWD_STAND', 'numClimbSends': 0, 'maxElevationGain': 0.0, 'averageElevationGain': 0.0, 'maxDistance': 16, 'distance': 50.630001068115234, 'averageSpeed': 0.656000018119812, 'maxSpeed': 1.847000002861023, 'numFalls': 0, 'elevationLoss': 0.0}, {'noOfSplits': 4, 'totalAscent': 9.0, 'duration': 480.0, 'splitType': 'INTERVAL_RECOVERY', 'numClimbSends': 0, 'maxElevationGain': 5.0, 'averageElevationGain': 2.0, 'maxDistance': 408, 'distance': 1532.239990234375, 'averageSpeed': 3.191999912261963, 'maxSpeed': 4.703000068664551, 'numFalls': 0, 'elevationLoss': 26.0}]",True,19,118,-25.0,False,,,,,,False,False,False,False,False,False,False,False,False,316.0,636.0,365.0,8.980000305175782,256.0,7.619999885559082,3.1029999256134033,,,,,,,,,,,,,,,
16791163657,Concord Running,2024-08-17 18:12:44,2024-08-17 22:12:44,"{'typeId': 1, 'typeKey': 'running', 'parentTypeId': 17, 'isHidden': False, 'trimmable': True, 'restricted': False}","{'typeId': 9, 'typeKey': 'uncategorized', 'sortOrder': 10}",8733.650390625,3360.010986328125,3360.010986328125,3304.3719787597656,82.0,74.0,2.5989999771118164,3.9749999046325684,43.26126077212393,-71.52078051120043,True,False,118790142,ae52ea07-2874-4bde-8648-ac48be0f708d,Riley King,https://s3.amazonaws.com/garmin-connect-prod/profile_images/249fcc8d-9898-4d4a-abf5-ba07581a6fcd-prth.png,https://s3.amazonaws.com/garmin-connect-prod/profile_images/249fcc8d-9898-4d4a-abf5-ba07581a6fcd-prfr.png,https://s3.amazonaws.com/garmin-connect-prod/profile_images/249fcc8d-9898-4d4a-abf5-ba07581a6fcd-prof.png,610.0,84.0,135.0,170.0,140.203125,247.0,7904.0,"['SCOPE_GOLF_API_READ', 'SCOPE_ATP_READ', 'SCOPE_DIVE_API_WRITE', 'SCOPE_COMMUNITY_COURSE_ADMIN_READ', 'SCOPE_DIVE_API_READ', 'SCOPE_DI_OAUTH_2_CLIENT_READ', 'SCOPE_CONNECT_WRITE', 'SCOPE_COMMUNITY_COURSE_WRITE', 'SCOPE_MESSAGE_GENERATION_READ', 'SCOPE_DI_OAUTH_2_CLIENT_REVOCATION_ADMIN', 'SCOPE_CONNECT_WEB_TEMPLATE_RENDER', 'SCOPE_OMT_SUBSCRIPTION_ADMIN_READ', 'SCOPE_CONNECT_NON_SOCIAL_SHARED_READ', 'SCOPE_CONNECT_READ', 'SCOPE_DI_OAUTH_2_TOKEN_ADMIN', 'ROLE_CONNECTUSER', 'ROLE_FITNESS_USER', 'ROLE_WELLNESS_USER']","{'typeId': 4, 'typeKey': 'groups'}",False,False,149,1723932764000,1,3.4000000953674316,0.0,107.15999755859376,60.0,3461278113,93.4000015258789,125.4000015258789,247.0,{'summarizedDiveGases': []},0.7999954223632812,GARMIN,Concord,6,43.26172253116965,-71.52110321447253,793.0,AEROBIC_BASE,98.10688781738281,403.7449951171875,IMPROVING_AEROBIC_BASE_8,NO_ANAEROBIC_BENEFIT_0,"[{'noOfSplits': 1, 'totalAscent': 82.0, 'duration': 3360.010986328125, 'splitType': 'INTERVAL_ACTIVE', 'numClimbSends': 0, 'maxElevationGain': 82.0, 'averageElevationGain': 82.0, 'maxDistance': 8733, 'distance': 8733.650390625, 'averageSpeed': 2.5989999771118164, 'maxSpeed': 3.9749999046325684, 'numFalls': 0, 'elevationLoss': 74.0}, {'noOfSplits': 8, 'totalAscent': 53.0, 'duration': 1758.001953125, 'splitType': 'RWD_RUN', 'numClimbSends': 0, 'maxElevationGain': 40.0, 'averageElevationGain': 7.0, 'maxDistance': 4733, 'distance': 6062.02001953125, 'averageSpeed': 3.447999954223633, 'maxSpeed': 3.9749999046325684, 'numFalls': 0, 'elevationLoss': 67.0}, {'noOfSplits': 10, 'totalAscent': 29.0, 'duration': 1568.9969482421875, 'splitType': 'RWD_WALK', 'numClimbSends': 0, 'maxElevationGain': 16.0, 'averageElevationGain': 3.0, 'maxDistance': 1247, 'distance': 2660.35009765625, 'averageSpeed': 1.6959999799728394, 'maxSpeed': 2.127000093460083, 'numFalls': 0, 'elevationLoss': 7.0}, {'noOfSplits': 3, 'totalAscent': 0.0, 'duration': 32.90599822998047, 'splitType': 'RWD_STAND', 'numClimbSends': 0, 'maxElevationGain': 0.0, 'averageElevationGain': 0.0, 'maxDistance': 6, 'distance': 11.279999732971191, 'averageSpeed': 0.34299999475479126, 'maxSpeed': 0.0, 'numFalls': 0, 'elevationLoss': 0.0}]",True,21,32,-10.0,False,,,,,,False,False,False,False,False,False,False,False,False,259.0,601.0,331.0,8.240000152587891,295.1000061035156,7.699999809265137,2.6189999580383296,,,,,,,,,,,,,,,
16781172592,Concord Walking,2024-08-16 13:02:05,2024-08-16 17:02:05,"{'typeId': 9, 'typeKey': 'walking', 'parentTypeId': 17, 'isHidden': False, 'trimmable': True, 'restricted': False}","{'typeId': 9, 'typeKey': 'uncategorized', 'sortOrder': 10}",10234.400390625,6273.671875,6273.671875,6271.372985839844,161.0,153.0,1.63100004196167,3.638999938964844,43.25975219719112,-71.5218132454902,True,False,118790142,ae52ea07-2874-4bde-8648-ac48be0f708d,Riley King,https://s3.amazonaws.com/garmin-connect-prod/profile_images/249fcc8d-9898-4d4a-abf5-ba07581a6fcd-prth.png,https://s3.amazonaws.com/garmin-connect-prod/profile_images/249fcc8d-9898-4d4a-abf5-ba07581a6fcd-prfr.png,https://s3.amazonaws.com/garmin-connect-prod/profile_images/249fcc8d-9898-4d4a-abf5-ba07581a6fcd-prof.png,634.0,156.0,85.0,122.0,114.109375,241.0,12300.0,"['SCOPE_GOLF_API_READ', 'SCOPE_ATP_READ', 'SCOPE_DIVE_API_WRITE', 'SCOPE_COMMUNITY_COURSE_ADMIN_READ', 'SCOPE_DIVE_API_READ', 'SCOPE_DI_OAUTH_2_CLIENT_READ', 'SCOPE_CONNECT_WRITE', 'SCOPE_COMMUNITY_COURSE_WRITE', 'SCOPE_MESSAGE_GENERATION_READ', 'SCOPE_DI_OAUTH_2_CLIENT_REVOCATION_ADMIN', 'SCOPE_CONNECT_WEB_TEMPLATE_RENDER', 'SCOPE_OMT_SUBSCRIPTION_ADMIN_READ', 'SCOPE_CONNECT_NON_SOCIAL_SHARED_READ', 'SCOPE_CONNECT_READ', 'SCOPE_DI_OAUTH_2_TOKEN_ADMIN', 'ROLE_CONNECTUSER', 'ROLE_FITNESS_USER', 'ROLE_WELLNESS_USER']","{'typeId': 4, 'typeKey': 'groups'}",False,False,149,1723827725000,11,2.0,0.0,85.89283535339095,59.0,3461278113,99.5999984741211,192.1999969482422,241.0,{'summarizedDiveGases': []},1.0,GARMIN,Concord,7,43.26159495860338,-71.52119206264615,835.0,RECOVERY,21.183181762695312,300.3659973144531,MINOR_AEROBIC_BENEFIT_0,NO_ANAEROBIC_BENEFIT_0,[],False,101,0,-13.0,False,,,,,,False,False,False,False,False,False,False,False,False,,,,,,,,,,,,,,,,,,,,,,
16747214170,Concord Walking,2024-08-12 19:02:11,2024-08-12 23:02:11,"{'typeId': 9, 'typeKey': 'walking', 'parentTypeId': 17, 'isHidden': False, 'trimmable': True, 'restricted': False}","{'typeId': 9, 'typeKey': 'uncategorized', 'sortOrder': 10}",6272.330078125,3766.25,3766.25,3711.0,104.0,105.0,1.6649999618530276,2.00600004196167,43.26140427030623,-71.52078193612397,True,False,118790142,ae52ea07-2874-4bde-8648-ac48be0f708d,Riley King,https://s3.amazonaws.com/garmin-connect-prod/profile_images/249fcc8d-9898-4d4a-abf5-ba07581a6fcd-prth.png,https://s3.amazonaws.com/garmin-connect-prod/profile_images/249fcc8d-9898-4d4a-abf5-ba07581a6fcd-prfr.png,https://s3.amazonaws.com/garmin-connect-prod/profile_images/249fcc8d-9898-4d4a-abf5-ba07581a6fcd-prof.png,399.0,94.0,93.0,115.0,116.34375,247.0,7350.0,"['SCOPE_GOLF_API_READ', 'SCOPE_ATP_READ', 'SCOPE_DIVE_API_WRITE', 'SCOPE_COMMUNITY_COURSE_ADMIN_READ', 'SCOPE_DIVE_API_READ', 'SCOPE_DI_OAUTH_2_CLIENT_READ', 'SCOPE_CONNECT_WRITE', 'SCOPE_COMMUNITY_COURSE_WRITE', 'SCOPE_MESSAGE_GENERATION_READ', 'SCOPE_DI_OAUTH_2_CLIENT_REVOCATION_ADMIN', 'SCOPE_CONNECT_WEB_TEMPLATE_RENDER', 'SCOPE_OMT_SUBSCRIPTION_ADMIN_READ', 'SCOPE_CONNECT_NON_SOCIAL_SHARED_READ', 'SCOPE_CONNECT_READ', 'SCOPE_DI_OAUTH_2_TOKEN_ADMIN', 'ROLE_CONNECTUSER', 'ROLE_FITNESS_USER', 'ROLE_WELLNESS_USER']","{'typeId': 4, 'typeKey': 'groups'}",False,False,149,1723503731000,11,1.2999999523162842,0.0,85.90839092341048,59.0,3461278113,116.5999984741211,173.8000030517578,247.0,{'summarizedDiveGases': []},0.8000030517578125,GARMIN,Concord,4,43.26176502741873,-71.52115073986351,471.0,RECOVERY,14.098312377929688,853.5579833984375,RECOVERY_5,NO_ANAEROBIC_BENEFIT_0,[],False,57,1,-6.0,False,,,,,,False,False,False,False,False,False,False,False,False,,,,,,,,,,,,,,,,,,,,,,
16729055212,Concord Cycling,2024-08-10 16:56:08,2024-08-10 20:56:08,"{'typeId': 2, 'typeKey': 'cycling', 'parentTypeId': 17, 'isHidden': False, 'trimmable': True, 'restricted': False}","{'typeId': 9, 'typeKey': 'uncategorized', 'sortOrder': 10}",29380.009765625,5204.58984375,5204.58984375,5083.9820556640625,431.0,412.0,5.644999980926514,12.24199962615967,43.25630689971149,-71.52247147634625,True,False,118790142,ae52ea07-2874-4bde-8648-ac48be0f708d,Riley King,https://s3.amazonaws.com/garmin-connect-prod/profile_images/249fcc8d-9898-4d4a-abf5-ba07581a6fcd-prth.png,https://s3.amazonaws.com/garmin-connect-prod/profile_images/249fcc8d-9898-4d4a-abf5-ba07581a6fcd-prfr.png,https://s3.amazonaws.com/garmin-connect-prod/profile_images/249fcc8d-9898-4d4a-abf5-ba07581a6fcd-prof.png,747.0,130.0,124.0,162.0,,,,"['SCOPE_GOLF_API_READ', 'SCOPE_ATP_READ', 'SCOPE_DIVE_API_WRITE', 'SCOPE_COMMUNITY_COURSE_ADMIN_READ', 'SCOPE_DIVE_API_READ', 'SCOPE_DI_OAUTH_2_CLIENT_READ', 'SCOPE_CONNECT_WRITE', 'SCOPE_COMMUNITY_COURSE_WRITE', 'SCOPE_MESSAGE_GENERATION_READ', 'SCOPE_DI_OAUTH_2_CLIENT_REVOCATION_ADMIN', 'SCOPE_CONNECT_WEB_TEMPLATE_RENDER', 'SCOPE_OMT_SUBSCRIPTION_ADMIN_READ', 'SCOPE_CONNECT_NON_SOCIAL_SHARED_READ', 'SCOPE_CONNECT_READ', 'SCOPE_DI_OAUTH_2_TOKEN_ADMIN', 'ROLE_CONNECTUSER', 'ROLE_FITNESS_USER', 'ROLE_WELLNESS_USER']","{'typeId': 4, 'typeKey': 'groups'}",False,False,149,1723323368000,2,2.799999952316284,1.2999999523162842,,,3461278113,70.5999984741211,211.0,,{'summarizedDiveGases': []},2.0,GARMIN,Concord,4,43.26157911680639,-71.52129189111292,1124.0,AEROBIC_BASE,69.37474060058594,835.9520263671875,MAINTAINING_AEROBIC_BASE_7,MINOR_ANAEROBIC_BENEFIT_15,[],False,23,43,-11.0,False,,,,,,True,False,False,False,False,False,False,False,False,,,,,,,,,,,,,,,,,,,,,,
16719962570,Concord Walking,2024-08-09 16:33:44,2024-08-09 20:33:44,"{'typeId': 9, 'typeKey': 'walking', 'parentTypeId': 17, 'isHidden': False, 'trimmable': True, 'restricted': False}","{'typeId': 9, 'typeKey': 'uncategorized', 'sortOrder': 10}",2203.760009765625,1684.5140380859375,1684.5140380859375,1547.0,86.0,93.0,1.3079999685287476,3.5360000133514404,43.26807836070657,-71.53255373239517,True,False,118790142,ae52ea07-2874-4bde-8648-ac48be0f708d,Riley King,https://s3.amazonaws.com/garmin-connect-prod/profile_images/249fcc8d-9898-4d4a-abf5-ba07581a6fcd-prth.png,https://s3.amazonaws.com/garmin-connect-prod/profile_images/249fcc8d-9898-4d4a-abf5-ba07581a6fcd-prfr.png,https://s3.amazonaws.com/garmin-connect-prod/profile_images/249fcc8d-9898-4d4a-abf5-ba07581a6fcd-prof.png,230.0,42.0,125.0,160.0,97.8125,200.0,2938.0,"['SCOPE_GOLF_API_READ', 'SCOPE_ATP_READ', 'SCOPE_DIVE_API_WRITE', 'SCOPE_COMMUNITY_COURSE_ADMIN_READ', 'SCOPE_DIVE_API_READ', 'SCOPE_DI_OAUTH_2_CLIENT_READ', 'SCOPE_CONNECT_WRITE', 'SCOPE_COMMUNITY_COURSE_WRITE', 'SCOPE_MESSAGE_GENERATION_READ', 'SCOPE_DI_OAUTH_2_CLIENT_REVOCATION_ADMIN', 'SCOPE_CONNECT_WEB_TEMPLATE_RENDER', 'SCOPE_OMT_SUBSCRIPTION_ADMIN_READ', 'SCOPE_CONNECT_NON_SOCIAL_SHARED_READ', 'SCOPE_CONNECT_READ', 'SCOPE_DI_OAUTH_2_TOKEN_ADMIN', 'ROLE_CONNECTUSER', 'ROLE_FITNESS_USER', 'ROLE_WELLNESS_USER']","{'typeId': 4, 'typeKey': 'groups'}",False,False,149,1723235624000,11,2.0999999046325684,0.0,80.3135810750209,59.0,3461278113,123.5999984741211,191.8000030517578,200.0,{'summarizedDiveGases': []},0.5,GARMIN,Concord,2,43.26174440793693,-71.52110162191093,364.0,RECOVERY,28.5399169921875,531.7750244140625,MINOR_AEROBIC_BENEFIT_0,NO_ANAEROBIC_BENEFIT_0,[],False,16,9,-3.0,False,,,,,,False,False,False,False,False,False,False,False,False,,,,,,,,,,,,,,,,,,,,,,
16719924621,Concord Running,2024-08-09 16:02:05,2024-08-09 20:02:05,"{'typeId': 1, 'typeKey': 'running', 'parentTypeId': 17, 'isHidden': False, 'trimmable': True, 'restricted': False}","{'typeId': 9, 'typeKey': 'uncategorized', 'sortOrder': 10}",6891.22021484375,1828.4139404296875,1828.4139404296875,1825.5110168457031,61.0,51.0,3.769000053405762,5.085000038146973,43.26140376739204,-71.52094949036837,True,False,118790142,ae52ea07-2874-4bde-8648-ac48be0f708d,Riley King,https://s3.amazonaws.com/garmin-connect-prod/profile_images/249fcc8d-9898-4d4a-abf5-ba07581a6fcd-prth.png,https://s3.amazonaws.com/garmin-connect-prod/profile_images/249fcc8d-9898-4d4a-abf5-ba07581a6fcd-prfr.png,https://s3.amazonaws.com/garmin-connect-prod/profile_images/249fcc8d-9898-4d4a-abf5-ba07581a6fcd-prof.png,477.0,46.0,159.0,185.0,166.0625,184.0,5058.0,"['SCOPE_GOLF_API_READ', 'SCOPE_ATP_READ', 'SCOPE_DIVE_API_WRITE', 'SCOPE_COMMUNITY_COURSE_ADMIN_READ', 'SCOPE_DIVE_API_READ', 'SCOPE_DI_OAUTH_2_CLIENT_READ', 'SCOPE_CONNECT_WRITE', 'SCOPE_COMMUNITY_COURSE_WRITE', 'SCOPE_MESSAGE_GENERATION_READ', 'SCOPE_DI_OAUTH_2_CLIENT_REVOCATION_ADMIN', 'SCOPE_CONNECT_WEB_TEMPLATE_RENDER', 'SCOPE_OMT_SUBSCRIPTION_ADMIN_READ', 'SCOPE_CONNECT_NON_SOCIAL_SHARED_READ', 'SCOPE_CONNECT_READ', 'SCOPE_DI_OAUTH_2_TOKEN_ADMIN', 'ROLE_CONNECTUSER', 'ROLE_FITNESS_USER', 'ROLE_WELLNESS_USER']","{'typeId': 4, 'typeKey': 'groups'}",False,False,149,1723233725000,1,3.700000047683716,0.0,134.8,59.0,3461278113,101.4000015258789,147.8000030517578,184.0,{'summarizedDiveGases': []},0.600006103515625,GARMIN,Concord,5,43.268478345125914,-71.53335026465356,507.0,TEMPO,122.35255432128906,95.72200012207031,IMPACTING_TEMPO_22,NO_ANAEROBIC_BENEFIT_0,"[{'noOfSplits': 2, 'totalAscent': 55.0, 'duration': 1775.39501953125, 'splitType': 'RWD_RUN', 'numClimbSends': 0, 'maxElevationGain': 30.0, 'averageElevationGain': 27.0, 'maxDistance': 4852, 'distance': 6776.43994140625, 'averageSpeed': 3.816999912261963, 'maxSpeed': 5.085000038146973, 'numFalls': 0, 'elevationLoss': 51.0}, {'noOfSplits': 1, 'totalAscent': 0.0, 'duration': 6.000999927520752, 'splitType': 'RWD_STAND', 'numClimbSends': 0, 'maxElevationGain': 0.0, 'averageElevationGain': 0.0, 'maxDistance': 19, 'distance': 19.850000381469727, 'averageSpeed': 3.308000087738037, 'maxSpeed': 1.4739999771118164, 'numFalls': 0, 'elevationLoss': 0.0}, {'noOfSplits': 1, 'totalAscent': 6.0, 'duration': 53.0, 'splitType': 'RWD_WALK', 'numClimbSends': 0, 'maxElevationGain': 6.0, 'averageElevationGain': 6.0, 'maxDistance': 94, 'distance': 94.93000030517578, 'averageSpeed': 1.7910000085830688, 'maxSpeed': 1.7359999418258667, 'numFalls': 0, 'elevationLoss': 0.0}, {'noOfSplits': 1, 'totalAscent': 61.0, 'duration': 1828.4139404296875, 'splitType': 'INTERVAL_ACTIVE', 'numClimbSends': 0, 'maxElevationGain': 61.0, 'averageElevationGain': 61.0, 'maxDistance': 6891, 'distance': 6891.22021484375, 'averageSpeed': 3.7690000534057617, 'maxSpeed': 5.085000038146973, 'numFalls': 0, 'elevationLoss': 51.0}]",True,1,28,-7.0,False,,,,,,False,False,False,False,False,False,False,False,False,401.0,633.0,416.0,10.01999969482422,246.60000610351562,7.510000228881836,3.7839999198913574,,,,,,,,,,,,,,,
16684741043,Concord - Base,2024-08-05 16:48:04,2024-08-05 20:48:04,"{'typeId': 1, 'typeKey': 'running', 'parentTypeId': 17, 'isHidden': False, 'trimmable': True, 'restricted': False}","{'typeId': 9, 'typeKey': 'uncategorized', 'sortOrder': 10}",9815.9697265625,3018.4990234375,3018.4990234375,2996.7569885253906,85.0,81.0,3.2520000934600835,4.9079999923706055,43.26128742657602,-71.52078403159976,True,False,118790142,ae52ea07-2874-4bde-8648-ac48be0f708d,Riley King,https://s3.amazonaws.com/garmin-connect-prod/profile_images/249fcc8d-9898-4d4a-abf5-ba07581a6fcd-prth.png,https://s3.amazonaws.com/garmin-connect-prod/profile_images/249fcc8d-9898-4d4a-abf5-ba07581a6fcd-prfr.png,https://s3.amazonaws.com/garmin-connect-prod/profile_images/249fcc8d-9898-4d4a-abf5-ba07581a6fcd-prof.png,693.0,75.0,152.0,185.0,154.984375,225.0,7884.0,"['SCOPE_GOLF_API_READ', 'SCOPE_ATP_READ', 'SCOPE_DIVE_API_WRITE', 'SCOPE_COMMUNITY_COURSE_ADMIN_READ', 'SCOPE_DIVE_API_READ', 'SCOPE_DI_OAUTH_2_CLIENT_READ', 'SCOPE_CONNECT_WRITE', 'SCOPE_COMMUNITY_COURSE_WRITE', 'SCOPE_MESSAGE_GENERATION_READ', 'SCOPE_DI_OAUTH_2_CLIENT_REVOCATION_ADMIN', 'SCOPE_CONNECT_WEB_TEMPLATE_RENDER', 'SCOPE_OMT_SUBSCRIPTION_ADMIN_READ', 'SCOPE_CONNECT_NON_SOCIAL_SHARED_READ', 'SCOPE_CONNECT_READ', 'SCOPE_DI_OAUTH_2_TOKEN_ADMIN', 'ROLE_CONNECTUSER', 'ROLE_FITNESS_USER', 'ROLE_WELLNESS_USER']","{'typeId': 4, 'typeKey': 'groups'}",False,False,149,1722890884000,1,4.0,1.2000000476837158,122.45999755859376,59.0,3461278113,77.80000305175781,121.4000015258789,225.0,{'summarizedDiveGases': []},0.5999984741210938,GARMIN,Concord,7,43.26170828193426,-71.52117521502078,776.0,LACTATE_THRESHOLD,173.96253967285156,195.2449951171875,HIGHLY_IMPROVING_LACTATE_THRESHOLD_13,MINOR_ANAEROBIC_BENEFIT_15,"[{'noOfSplits': 1, 'totalAscent': 85.0, 'duration': 3018.4990234375, 'splitType': 'INTERVAL_ACTIVE', 'numClimbSends': 0, 'maxElevationGain': 85.0, 'averageElevationGain': 85.0, 'maxDistance': 9815, 'distance': 9815.9697265625, 'averageSpeed': 3.252000093460083, 'maxSpeed': 4.9079999923706055, 'numFalls': 0, 'elevationLoss': 81.0}, {'noOfSplits': 1, 'totalAscent': 66.0, 'duration': 2413.0, 'splitType': 'RWD_RUN', 'numClimbSends': 0, 'maxElevationGain': 66.0, 'averageElevationGain': 66.0, 'maxDistance': 8886, 'distance': 8886.330078125, 'averageSpeed': 3.683000087738037, 'maxSpeed': 4.9079999923706055, 'numFalls': 0, 'elevationLoss': 81.0}, {'noOfSplits': 1, 'totalAscent': 19.0, 'duration': 590.0009765625, 'splitType': 'RWD_WALK', 'numClimbSends': 0, 'maxElevationGain': 19.0, 'averageElevationGain': 19.0, 'maxDistance': 924, 'distance': 924.5999755859375, 'averageSpeed': 1.5670000314712524, 'maxSpeed': 2.118000030517578, 'numFalls': 0, 'elevationLoss': 0.0}, {'noOfSplits': 1, 'totalAscent': 0.0, 'duration': 15.369999885559082, 'splitType': 'RWD_STAND', 'numClimbSends': 0, 'maxElevationGain': 0.0, 'averageElevationGain': 0.0, 'maxDistance': 5, 'distance': 5.039999961853027, 'averageSpeed': 0.328000009059906, 'maxSpeed': 0.0, 'numFalls': 0, 'elevationLoss': 0.0}]",True,7,40,-10.0,False,,,,,,False,False,False,False,False,False,False,False,False,336.0,593.0,375.0,9.259999847412109,250.89999389648438,7.570000171661377,3.2760000228881836,,,,,,,,,,,,,,,
16675735491,Concord - Base,2024-08-04 14:34:10,2024-08-04 18:34:10,"{'typeId': 1, 'typeKey': 'running', 'parentTypeId': 17, 'isHidden': False, 'trimmable': True, 'restricted': False}","{'typeId': 9, 'typeKey': 'uncategorized', 'sortOrder': 10}",10235.5498046875,3084.8759765625,3110.698974609375,3081.2359924316406,76.0,75.0,3.318000078201294,3.6760001182556157,43.26057211495936,-71.52123573236167,True,False,118790142,ae52ea07-2874-4bde-8648-ac48be0f708d,Riley King,https://s3.amazonaws.com/garmin-connect-prod/profile_images/249fcc8d-9898-4d4a-abf5-ba07581a6fcd-prth.png,https://s3.amazonaws.com/garmin-connect-prod/profile_images/249fcc8d-9898-4d4a-abf5-ba07581a6fcd-prfr.png,https://s3.amazonaws.com/garmin-connect-prod/profile_images/249fcc8d-9898-4d4a-abf5-ba07581a6fcd-prof.png,695.0,77.0,140.0,163.0,167.6875,241.0,8608.0,"['SCOPE_GOLF_API_READ', 'SCOPE_ATP_READ', 'SCOPE_DIVE_API_WRITE', 'SCOPE_COMMUNITY_COURSE_ADMIN_READ', 'SCOPE_DIVE_API_READ', 'SCOPE_DI_OAUTH_2_CLIENT_READ', 'SCOPE_CONNECT_WRITE', 'SCOPE_COMMUNITY_COURSE_WRITE', 'SCOPE_MESSAGE_GENERATION_READ', 'SCOPE_DI_OAUTH_2_CLIENT_REVOCATION_ADMIN', 'SCOPE_CONNECT_WEB_TEMPLATE_RENDER', 'SCOPE_OMT_SUBSCRIPTION_ADMIN_READ', 'SCOPE_CONNECT_NON_SOCIAL_SHARED_READ', 'SCOPE_CONNECT_READ', 'SCOPE_DI_OAUTH_2_TOKEN_ADMIN', 'ROLE_CONNECTUSER', 'ROLE_FITNESS_USER', 'ROLE_WELLNESS_USER']","{'typeId': 4, 'typeKey': 'groups'}",False,False,149,1722796450000,1,3.200000047683716,0.0,118.8300048828125,60.0,3461278113,96.5999984741211,118.0,241.0,{'summarizedDiveGases': []},0.600006103515625,GARMIN,Concord,8,43.26089674606919,-71.52107429690659,856.0,AEROBIC_BASE,88.52156066894531,24.875999450683594,IMPROVING_AEROBIC_BASE_8,NO_ANAEROBIC_BENEFIT_0,"[{'noOfSplits': 1, 'totalAscent': 76.0, 'duration': 3084.8759765625, 'splitType': 'INTERVAL_ACTIVE', 'numClimbSends': 0, 'maxElevationGain': 76.0, 'averageElevationGain': 76.0, 'maxDistance': 10235, 'distance': 10235.5498046875, 'averageSpeed': 3.318000078201294, 'maxSpeed': 3.6760001182556152, 'numFalls': 0, 'elevationLoss': 75.0}, {'noOfSplits': 1, 'totalAscent': 0.0, 'duration': 1.434000015258789, 'splitType': 'RWD_STAND', 'numClimbSends': 0, 'maxElevationGain': 0.0, 'averageElevationGain': 0.0, 'maxDistance': 4, 'distance': 4.519999980926514, 'averageSpeed': 3.1519999504089355, 'maxSpeed': 0.0, 'numFalls': 0, 'elevationLoss': 0.0}, {'noOfSplits': 2, 'totalAscent': 76.0, 'duration': 3082.429931640625, 'splitType': 'RWD_RUN', 'numClimbSends': 0, 'maxElevationGain': 47.0, 'averageElevationGain': 38.0, 'maxDistance': 6427, 'distance': 10227.650390625, 'averageSpeed': 3.318000078201294, 'maxSpeed': 3.6760001182556152, 'numFalls': 0, 'elevationLoss': 75.0}, {'noOfSplits': 1, 'totalAscent': 0.0, 'duration': 0.9990000128746033, 'splitType': 'RWD_WALK', 'numClimbSends': 0, 'maxElevationGain': 0.0, 'averageElevationGain': 0.0, 'maxDistance': 3, 'distance': 3.380000114440918, 'averageSpeed': 3.382999897003174, 'maxSpeed': 1.5579999685287476, 'numFalls': 0, 'elevationLoss': 0.0}]",True,1,50,-13.0,False,,,,,,False,False,False,False,False,False,False,False,False,352.0,553.0,358.0,9.569999694824219,259.6000061035156,8.0600004196167,3.3410000801086426,,,,,,,,,,,,,,,
16658820266,Hampden Walking,2024-08-02 17:22:01,2024-08-02 21:22:01,"{'typeId': 9, 'typeKey': 'walking', 'parentTypeId': 17, 'isHidden': False, 'trimmable': True, 'restricted': False}","{'typeId': 9, 'typeKey': 'uncategorized', 'sortOrder': 10}",5241.14013671875,3494.8740234375,3511.325927734375,3456.4149780273438,54.0,51.0,1.5000000000000002,1.8569999933242798,44.7625956684351,-68.80918739363551,True,False,118790142,ae52ea07-2874-4bde-8648-ac48be0f708d,Riley King,https://s3.amazonaws.com/garmin-connect-prod/profile_images/249fcc8d-9898-4d4a-abf5-ba07581a6fcd-prth.png,https://s3.amazonaws.com/garmin-connect-prod/profile_images/249fcc8d-9898-4d4a-abf5-ba07581a6fcd-prfr.png,https://s3.amazonaws.com/garmin-connect-prod/profile_images/249fcc8d-9898-4d4a-abf5-ba07581a6fcd-prof.png,323.0,87.0,88.0,107.0,108.234375,130.0,6466.0,"['SCOPE_GOLF_API_READ', 'SCOPE_ATP_READ', 'SCOPE_DIVE_API_WRITE', 'SCOPE_COMMUNITY_COURSE_ADMIN_READ', 'SCOPE_DIVE_API_READ', 'SCOPE_DI_OAUTH_2_CLIENT_READ', 'SCOPE_CONNECT_WRITE', 'SCOPE_COMMUNITY_COURSE_WRITE', 'SCOPE_MESSAGE_GENERATION_READ', 'SCOPE_DI_OAUTH_2_CLIENT_REVOCATION_ADMIN', 'SCOPE_CONNECT_WEB_TEMPLATE_RENDER', 'SCOPE_OMT_SUBSCRIPTION_ADMIN_READ', 'SCOPE_CONNECT_NON_SOCIAL_SHARED_READ', 'SCOPE_CONNECT_READ', 'SCOPE_DI_OAUTH_2_TOKEN_ADMIN', 'ROLE_CONNECTUSER', 'ROLE_FITNESS_USER', 'ROLE_WELLNESS_USER']","{'typeId': 4, 'typeKey': 'groups'}",False,False,149,1722633721000,11,0.800000011920929,0.0,83.13988350296415,59.0,3461278113,11.0,45.599998474121094,130.0,{'summarizedDiveGases': []},0.39999961853027344,GARMIN,Hampden,4,44.76256742142141,-68.80958310328424,599.0,RECOVERY,10.026702880859375,278.2449951171875,RECOVERY_5,NO_ANAEROBIC_BENEFIT_0,[],False,53,0,-3.0,False,,,,,,False,False,False,False,False,False,False,False,False,,,,,,,,,,,,,,,,,,,,,,
16649530814,Bar Harbor Hiking,2024-08-01 11:40:06,2024-08-01 15:40:06,"{'typeId': 3, 'typeKey': 'hiking', 'parentTypeId': 17, 'isHidden': False, 'trimmable': True, 'restricted': False}","{'typeId': 9, 'typeKey': 'uncategorized', 'sortOrder': 10}",6223.2001953125,6407.65380859375,6407.65380859375,4829.0,305.0,328.0,0.9710000157356263,1.7730000019073489,44.33259615674615,-68.18519133143127,True,False,118790142,ae52ea07-2874-4bde-8648-ac48be0f708d,Riley King,https://s3.amazonaws.com/garmin-connect-prod/profile_images/249fcc8d-9898-4d4a-abf5-ba07581a6fcd-prth.png,https://s3.amazonaws.com/garmin-connect-prod/profile_images/249fcc8d-9898-4d4a-abf5-ba07581a6fcd-prfr.png,https://s3.amazonaws.com/garmin-connect-prod/profile_images/249fcc8d-9898-4d4a-abf5-ba07581a6fcd-prof.png,535.0,160.0,96.0,135.0,68.0,217.0,8906.0,"['SCOPE_GOLF_API_READ', 'SCOPE_ATP_READ', 'SCOPE_DIVE_API_WRITE', 'SCOPE_COMMUNITY_COURSE_ADMIN_READ', 'SCOPE_DIVE_API_READ', 'SCOPE_DI_OAUTH_2_CLIENT_READ', 'SCOPE_CONNECT_WRITE', 'SCOPE_COMMUNITY_COURSE_WRITE', 'SCOPE_MESSAGE_GENERATION_READ', 'SCOPE_DI_OAUTH_2_CLIENT_REVOCATION_ADMIN', 'SCOPE_CONNECT_WEB_TEMPLATE_RENDER', 'SCOPE_OMT_SUBSCRIPTION_ADMIN_READ', 'SCOPE_CONNECT_NON_SOCIAL_SHARED_READ', 'SCOPE_CONNECT_READ', 'SCOPE_DI_OAUTH_2_TOKEN_ADMIN', 'ROLE_CONNECTUSER', 'ROLE_FITNESS_USER', 'ROLE_WELLNESS_USER']","{'typeId': 4, 'typeKey': 'groups'}",False,False,149,1722526806000,17,0.800000011920929,0.0,85.69531313473163,,3461278113,1.600000023841858,166.0,217.0,{'summarizedDiveGases': []},0.7999992370605469,GARMIN,Bar Harbor,1,44.32915479876101,-68.18139164708555,1133.0,RECOVERY,9.808670043945312,6407.65380859375,RECOVERY_5,NO_ANAEROBIC_BENEFIT_0,[],False,46,9,-12.0,False,,,,,,False,False,False,False,False,False,False,False,False,,,,,,,,,,,,,,,,,,,,,,
16640702253,Jonesport Walking,2024-07-31 12:58:21,2024-07-31 16:58:21,"{'typeId': 9, 'typeKey': 'walking', 'parentTypeId': 17, 'isHidden': False, 'trimmable': True, 'restricted': False}","{'typeId': 9, 'typeKey': 'uncategorized', 'sortOrder': 10}",6692.10009765625,3721.416015625,3721.416015625,3693.0,47.0,43.0,1.797999978065491,3.25600004196167,44.570782938972116,-67.5719222612679,True,False,118790142,ae52ea07-2874-4bde-8648-ac48be0f708d,Riley King,https://s3.amazonaws.com/garmin-connect-prod/profile_images/249fcc8d-9898-4d4a-abf5-ba07581a6fcd-prth.png,https://s3.amazonaws.com/garmin-connect-prod/profile_images/249fcc8d-9898-4d4a-abf5-ba07581a6fcd-prfr.png,https://s3.amazonaws.com/garmin-connect-prod/profile_images/249fcc8d-9898-4d4a-abf5-ba07581a6fcd-prof.png,423.0,93.0,94.0,110.0,120.125,250.0,7536.0,"['SCOPE_GOLF_API_READ', 'SCOPE_ATP_READ', 'SCOPE_DIVE_API_WRITE', 'SCOPE_COMMUNITY_COURSE_ADMIN_READ', 'SCOPE_DIVE_API_READ', 'SCOPE_DI_OAUTH_2_CLIENT_READ', 'SCOPE_CONNECT_WRITE', 'SCOPE_COMMUNITY_COURSE_WRITE', 'SCOPE_MESSAGE_GENERATION_READ', 'SCOPE_DI_OAUTH_2_CLIENT_REVOCATION_ADMIN', 'SCOPE_CONNECT_WEB_TEMPLATE_RENDER', 'SCOPE_OMT_SUBSCRIPTION_ADMIN_READ', 'SCOPE_CONNECT_NON_SOCIAL_SHARED_READ', 'SCOPE_CONNECT_READ', 'SCOPE_DI_OAUTH_2_TOKEN_ADMIN', 'ROLE_CONNECTUSER', 'ROLE_FITNESS_USER', 'ROLE_WELLNESS_USER']","{'typeId': 4, 'typeKey': 'groups'}",False,False,149,1722445101000,11,1.2999999523162842,0.0,89.90387226105865,59.0,3461278113,7.800000190734863,23.399999618530273,250.0,{'summarizedDiveGases': []},0.40000009536743164,GARMIN,Jonesport,5,44.52906494960189,-67.61210200376809,497.0,RECOVERY,15.690017700195312,158.28799438476562,RECOVERY_5,NO_ANAEROBIC_BENEFIT_0,[],False,59,0,-6.0,False,,,,,,False,False,False,False,False,False,False,False,False,,,,,,,,,,,,,,,,,,,,,,
16630997960,Jonesport Running,2024-07-30 10:15:15,2024-07-30 14:15:15,"{'typeId': 1, 'typeKey': 'running', 'parentTypeId': 17, 'isHidden': False, 'trimmable': True, 'restricted': False}","{'typeId': 9, 'typeKey': 'uncategorized', 'sortOrder': 10}",18730.029296875,8784.5390625,8784.5390625,8002.164031982422,273.0,264.0,2.131999969482422,4.3480000495910645,44.5296654291451,-67.61255680583417,True,False,118790142,ae52ea07-2874-4bde-8648-ac48be0f708d,Riley King,https://s3.amazonaws.com/garmin-connect-prod/profile_images/249fcc8d-9898-4d4a-abf5-ba07581a6fcd-prth.png,https://s3.amazonaws.com/garmin-connect-prod/profile_images/249fcc8d-9898-4d4a-abf5-ba07581a6fcd-prfr.png,https://s3.amazonaws.com/garmin-connect-prod/profile_images/249fcc8d-9898-4d4a-abf5-ba07581a6fcd-prof.png,1375.0,219.0,133.0,168.0,113.0625,250.0,18528.0,"['SCOPE_GOLF_API_READ', 'SCOPE_ATP_READ', 'SCOPE_DIVE_API_WRITE', 'SCOPE_COMMUNITY_COURSE_ADMIN_READ', 'SCOPE_DIVE_API_READ', 'SCOPE_DI_OAUTH_2_CLIENT_READ', 'SCOPE_CONNECT_WRITE', 'SCOPE_COMMUNITY_COURSE_WRITE', 'SCOPE_MESSAGE_GENERATION_READ', 'SCOPE_DI_OAUTH_2_CLIENT_REVOCATION_ADMIN', 'SCOPE_CONNECT_WEB_TEMPLATE_RENDER', 'SCOPE_OMT_SUBSCRIPTION_ADMIN_READ', 'SCOPE_CONNECT_NON_SOCIAL_SHARED_READ', 'SCOPE_CONNECT_READ', 'SCOPE_DI_OAUTH_2_TOKEN_ADMIN', 'ROLE_CONNECTUSER', 'ROLE_FITNESS_USER', 'ROLE_WELLNESS_USER']","{'typeId': 4, 'typeKey': 'groups'}",False,False,149,1722348915000,1,3.9000000953674316,0.0,101.10000000000001,59.0,3461278113,3.0,31.799999237060547,250.0,{'summarizedDiveGases': []},1.1999998092651367,GARMIN,Jonesport,13,44.50416072271764,-67.59701080620289,1723.0,AEROBIC_BASE,147.73886108398438,411.40301513671875,IMPROVING_AEROBIC_ENDURANCE_9,NO_ANAEROBIC_BENEFIT_0,"[{'noOfSplits': 33, 'totalAscent': 1.0, 'duration': 616.9990234375, 'splitType': 'RWD_STAND', 'numClimbSends': 0, 'maxElevationGain': 1.0, 'averageElevationGain': 0.0, 'maxDistance': 13, 'distance': 187.86000061035156, 'averageSpeed': 0.30399999022483826, 'maxSpeed': 0.671999990940094, 'numFalls': 0, 'elevationLoss': 0.0}, {'noOfSplits': 1, 'totalAscent': 273.0, 'duration': 8784.5390625, 'splitType': 'INTERVAL_ACTIVE', 'numClimbSends': 0, 'maxElevationGain': 273.0, 'averageElevationGain': 25.0, 'maxDistance': 18730, 'distance': 18730.01953125, 'averageSpeed': 2.131999969482422, 'maxSpeed': 4.3480000495910645, 'numFalls': 0, 'elevationLoss': 264.0}, {'noOfSplits': 48, 'totalAscent': 188.0, 'duration': 4561.0009765625, 'splitType': 'RWD_RUN', 'numClimbSends': 0, 'maxElevationGain': 64.0, 'averageElevationGain': 4.0, 'maxDistance': 6006, 'distance': 13436.3203125, 'averageSpeed': 2.946000099182129, 'maxSpeed': 4.3480000495910645, 'numFalls': 0, 'elevationLoss': 187.0}, {'noOfSplits': 79, 'totalAscent': 84.0, 'duration': 3606.403076171875, 'splitType': 'RWD_WALK', 'numClimbSends': 0, 'maxElevationGain': 19.0, 'averageElevationGain': 1.0, 'maxDistance': 739, 'distance': 5105.64013671875, 'averageSpeed': 1.4160000085830688, 'maxSpeed': 2.249000072479248, 'numFalls': 0, 'elevationLoss': 77.0}]",True,47,73,-25.0,False,,,,,,False,False,False,False,False,False,False,False,False,197.0,603.0,295.0,7.990000152587891,275.5,8.100000381469727,2.1570000648498535,,,,,,,,,,,,,,,
16607179859,Randolph Hiking,2024-07-27 04:59:29,2024-07-27 08:59:29,"{'typeId': 3, 'typeKey': 'hiking', 'parentTypeId': 17, 'isHidden': False, 'trimmable': True, 'restricted': False}","{'typeId': 9, 'typeKey': 'uncategorized', 'sortOrder': 10}",32487.419921875,44387.86328125,45713.9921875,30538.0,2758.0,2560.0,0.7319999933242797,3.0420000553131104,44.37146664597094,-71.28895475529134,True,False,118790142,ae52ea07-2874-4bde-8648-ac48be0f708d,Riley King,https://s3.amazonaws.com/garmin-connect-prod/profile_images/249fcc8d-9898-4d4a-abf5-ba07581a6fcd-prth.png,https://s3.amazonaws.com/garmin-connect-prod/profile_images/249fcc8d-9898-4d4a-abf5-ba07581a6fcd-prfr.png,https://s3.amazonaws.com/garmin-connect-prod/profile_images/249fcc8d-9898-4d4a-abf5-ba07581a6fcd-prof.png,4438.0,1106.0,110.0,181.0,52.34375,238.0,50338.0,"['SCOPE_GOLF_API_READ', 'SCOPE_ATP_READ', 'SCOPE_DIVE_API_WRITE', 'SCOPE_COMMUNITY_COURSE_ADMIN_READ', 'SCOPE_DIVE_API_READ', 'SCOPE_DI_OAUTH_2_CLIENT_READ', 'SCOPE_CONNECT_WRITE', 'SCOPE_COMMUNITY_COURSE_WRITE', 'SCOPE_MESSAGE_GENERATION_READ', 'SCOPE_DI_OAUTH_2_CLIENT_REVOCATION_ADMIN', 'SCOPE_CONNECT_WEB_TEMPLATE_RENDER', 'SCOPE_OMT_SUBSCRIPTION_ADMIN_READ', 'SCOPE_CONNECT_NON_SOCIAL_SHARED_READ', 'SCOPE_CONNECT_READ', 'SCOPE_DI_OAUTH_2_TOKEN_ADMIN', 'ROLE_CONNECTUSER', 'ROLE_FITNESS_USER', 'ROLE_WELLNESS_USER']","{'typeId': 4, 'typeKey': 'groups'}",False,False,149,1722070769000,17,3.0999999046325684,2.0999999046325684,83.89525523694267,,3461278113,399.6000061035156,1920.199951171875,238.0,{'summarizedDiveGases': []},1.2000732421875,GARMIN,Randolph,1,44.219803316518664,-71.41016956418753,6749.0,AEROBIC_BASE,117.79316711425781,44387.86328125,IMPROVING_AEROBIC_BASE_8,MAINTAINING_ANAEROBIC_BASE_1,[],False,240,160,-63.0,False,,,,,,False,False,False,False,False,False,False,False,False,,,,,,,,,,,,,,,,,,,,,,
16568253908,Concord - Sprint,2024-07-23 17:18:59,2024-07-23 21:18:59,"{'typeId': 1, 'typeKey': 'running', 'parentTypeId': 17, 'isHidden': False, 'trimmable': True, 'restricted': False}","{'typeId': 9, 'typeKey': 'uncategorized', 'sortOrder': 10}",8626.4697265625,3444.069091796875,3609.550048828125,3442.864990234375,155.0,137.0,2.5050001144409175,8.387999534606934,43.26125658117235,-71.5207563713193,True,False,118790142,ae52ea07-2874-4bde-8648-ac48be0f708d,Riley King,https://s3.amazonaws.com/garmin-connect-prod/profile_images/249fcc8d-9898-4d4a-abf5-ba07581a6fcd-prth.png,https://s3.amazonaws.com/garmin-connect-prod/profile_images/249fcc8d-9898-4d4a-abf5-ba07581a6fcd-prfr.png,https://s3.amazonaws.com/garmin-connect-prod/profile_images/249fcc8d-9898-4d4a-abf5-ba07581a6fcd-prof.png,588.0,86.0,131.0,156.0,131.28125,247.0,7942.0,"['SCOPE_GOLF_API_READ', 'SCOPE_ATP_READ', 'SCOPE_DIVE_API_WRITE', 'SCOPE_COMMUNITY_COURSE_ADMIN_READ', 'SCOPE_DIVE_API_READ', 'SCOPE_DI_OAUTH_2_CLIENT_READ', 'SCOPE_CONNECT_WRITE', 'SCOPE_COMMUNITY_COURSE_WRITE', 'SCOPE_MESSAGE_GENERATION_READ', 'SCOPE_DI_OAUTH_2_CLIENT_REVOCATION_ADMIN', 'SCOPE_CONNECT_WEB_TEMPLATE_RENDER', 'SCOPE_OMT_SUBSCRIPTION_ADMIN_READ', 'SCOPE_CONNECT_NON_SOCIAL_SHARED_READ', 'SCOPE_CONNECT_READ', 'SCOPE_DI_OAUTH_2_TOKEN_ADMIN', 'ROLE_CONNECTUSER', 'ROLE_FITNESS_USER', 'ROLE_WELLNESS_USER']","{'typeId': 4, 'typeKey': 'groups'}",False,False,149,1721769539000,1,2.799999952316284,2.799999952316284,101.75,59.0,3461278113,103.5999984741211,201.39999389648438,247.0,{'summarizedDiveGases': []},1.0,GARMIN,Concord,19,43.2614385522902,-71.52098670601845,873.0,SPEED,131.33157348632812,10.0,MAINTAINING_AEROBIC_BASE_7,MAINTAINING_FAST_FORCE_PRODUCTION_6,"[{'noOfSplits': 1, 'totalAscent': 17.0, 'duration': 900.0, 'splitType': 'INTERVAL_WARMUP', 'numClimbSends': 0, 'maxElevationGain': 17.0, 'averageElevationGain': 17.0, 'maxDistance': 3066, 'distance': 3066.489990234375, 'averageSpeed': 3.4070000648498535, 'maxSpeed': 3.871999979019165, 'numFalls': 0, 'elevationLoss': 23.0}, {'noOfSplits': 1, 'totalAscent': 94.0, 'duration': 1203.947021484375, 'splitType': 'INTERVAL_COOLDOWN', 'numClimbSends': 0, 'maxElevationGain': 94.0, 'averageElevationGain': 94.0, 'maxDistance': 2658, 'distance': 2658.830078125, 'averageSpeed': 2.2079999446868896, 'maxSpeed': 7.706999778747559, 'numFalls': 0, 'elevationLoss': 101.0}, {'noOfSplits': 1, 'totalAscent': 0.0, 'duration': 6.0, 'splitType': 'RWD_STAND', 'numClimbSends': 0, 'maxElevationGain': 0.0, 'averageElevationGain': 0.0, 'maxDistance': 11, 'distance': 11.350000381469727, 'averageSpeed': 1.8919999599456787, 'maxSpeed': 2.1649999618530273, 'numFalls': 0, 'elevationLoss': 0.0}, {'noOfSplits': 19, 'totalAscent': 48.0, 'duration': 1843.780029296875, 'splitType': 'RWD_RUN', 'numClimbSends': 0, 'maxElevationGain': 17.0, 'averageElevationGain': 3.0, 'maxDistance': 3216, 'distance': 6096.14990234375, 'averageSpeed': 3.305999994277954, 'maxSpeed': 8.387999534606934, 'numFalls': 0, 'elevationLoss': 130.0}, {'noOfSplits': 8, 'totalAscent': 3.0, 'duration': 80.0, 'splitType': 'INTERVAL_ACTIVE', 'numClimbSends': 0, 'maxElevationGain': 2.0, 'averageElevationGain': 0.0, 'maxDistance': 81, 'distance': 540.239990234375, 'averageSpeed': 6.752999782562256, 'maxSpeed': 8.118000030517578, 'numFalls': 0, 'elevationLoss': 1.0}, {'noOfSplits': 18, 'totalAscent': 108.0, 'duration': 1600.18701171875, 'splitType': 'RWD_WALK', 'numClimbSends': 0, 'maxElevationGain': 47.0, 'averageElevationGain': 6.0, 'maxDistance': 309, 'distance': 2518.969970703125, 'averageSpeed': 1.5740000009536743, 'maxSpeed': 2.313999891281128, 'numFalls': 0, 'elevationLoss': 7.0}, {'noOfSplits': 7, 'totalAscent': 41.0, 'duration': 1260.0, 'splitType': 'INTERVAL_REST', 'numClimbSends': 0, 'maxElevationGain': 14.0, 'averageElevationGain': 6.0, 'maxDistance': 389, 'distance': 2367.010009765625, 'averageSpeed': 1.878999948501587, 'maxSpeed': 8.387999534606934, 'numFalls': 0, 'elevationLoss': 12.0}]",True,22,38,-9.0,False,,,,,,False,False,False,False,False,False,False,False,False,235.0,855.0,293.0,7.769999694824219,266.1000061035156,7.789999961853027,2.5959999561309814,,,,,,,,,,,,,,,
16550317372,Concord Walking,2024-07-22 17:14:51,2024-07-22 21:14:51,"{'typeId': 9, 'typeKey': 'walking', 'parentTypeId': 17, 'isHidden': False, 'trimmable': True, 'restricted': False}","{'typeId': 9, 'typeKey': 'uncategorized', 'sortOrder': 10}",9178.0703125,5316.6611328125,5316.6611328125,4902.501037597656,253.0,244.0,1.72599995136261,4.301000118255615,43.261338640004396,-71.52072820812464,True,False,118790142,ae52ea07-2874-4bde-8648-ac48be0f708d,Riley King,https://s3.amazonaws.com/garmin-connect-prod/profile_images/249fcc8d-9898-4d4a-abf5-ba07581a6fcd-prth.png,https://s3.amazonaws.com/garmin-connect-prod/profile_images/249fcc8d-9898-4d4a-abf5-ba07581a6fcd-prfr.png,https://s3.amazonaws.com/garmin-connect-prod/profile_images/249fcc8d-9898-4d4a-abf5-ba07581a6fcd-prof.png,631.0,132.0,102.0,148.0,107.03125,247.0,10134.0,"['SCOPE_GOLF_API_READ', 'SCOPE_ATP_READ', 'SCOPE_DIVE_API_WRITE', 'SCOPE_COMMUNITY_COURSE_ADMIN_READ', 'SCOPE_DIVE_API_READ', 'SCOPE_DI_OAUTH_2_CLIENT_READ', 'SCOPE_CONNECT_WRITE', 'SCOPE_COMMUNITY_COURSE_WRITE', 'SCOPE_MESSAGE_GENERATION_READ', 'SCOPE_DI_OAUTH_2_CLIENT_REVOCATION_ADMIN', 'SCOPE_CONNECT_WEB_TEMPLATE_RENDER', 'SCOPE_OMT_SUBSCRIPTION_ADMIN_READ', 'SCOPE_CONNECT_NON_SOCIAL_SHARED_READ', 'SCOPE_CONNECT_READ', 'SCOPE_DI_OAUTH_2_TOKEN_ADMIN', 'ROLE_CONNECTUSER', 'ROLE_FITNESS_USER', 'ROLE_WELLNESS_USER']","{'typeId': 4, 'typeKey': 'groups'}",False,False,149,1721682891000,11,2.0,0.0,97.58707790944831,59.0,3461278113,115.19999694824219,307.0,247.0,{'summarizedDiveGases': []},0.600006103515625,GARMIN,Concord,6,43.26172932051122,-71.52122458443046,933.0,RECOVERY,24.159072875976562,433.0790100097656,MINOR_AEROBIC_BENEFIT_0,NO_ANAEROBIC_BENEFIT_0,[],False,70,13,-11.0,False,,,,,,False,False,False,False,False,False,False,False,False,,,,,,,,,,,,,,,,,,,,,,
16531985763,Lincoln Hiking,2024-07-21 07:59:52,2024-07-21 11:59:52,"{'typeId': 3, 'typeKey': 'hiking', 'parentTypeId': 17, 'isHidden': False, 'trimmable': True, 'restricted': False}","{'typeId': 9, 'typeKey': 'uncategorized', 'sortOrder': 10}",27376.55078125,23108.994140625,25167.646484375,17967.0,1020.0,1055.0,1.184999942779541,5.235000133514404,44.06410686671734,-71.58782333135605,True,False,118790142,ae52ea07-2874-4bde-8648-ac48be0f708d,Riley King,https://s3.amazonaws.com/garmin-connect-prod/profile_images/249fcc8d-9898-4d4a-abf5-ba07581a6fcd-prth.png,https://s3.amazonaws.com/garmin-connect-prod/profile_images/249fcc8d-9898-4d4a-abf5-ba07581a6fcd-prfr.png,https://s3.amazonaws.com/garmin-connect-prod/profile_images/249fcc8d-9898-4d4a-abf5-ba07581a6fcd-prof.png,2229.0,576.0,105.0,153.0,78.0,250.0,35596.0,"['SCOPE_GOLF_API_READ', 'SCOPE_ATP_READ', 'SCOPE_DIVE_API_WRITE', 'SCOPE_COMMUNITY_COURSE_ADMIN_READ', 'SCOPE_DIVE_API_READ', 'SCOPE_DI_OAUTH_2_CLIENT_READ', 'SCOPE_CONNECT_WRITE', 'SCOPE_COMMUNITY_COURSE_WRITE', 'SCOPE_MESSAGE_GENERATION_READ', 'SCOPE_DI_OAUTH_2_CLIENT_REVOCATION_ADMIN', 'SCOPE_CONNECT_WEB_TEMPLATE_RENDER', 'SCOPE_OMT_SUBSCRIPTION_ADMIN_READ', 'SCOPE_CONNECT_NON_SOCIAL_SHARED_READ', 'SCOPE_CONNECT_READ', 'SCOPE_DI_OAUTH_2_TOKEN_ADMIN', 'ROLE_CONNECTUSER', 'ROLE_FITNESS_USER', 'ROLE_WELLNESS_USER']","{'typeId': 4, 'typeKey': 'groups'}",False,False,149,1721563192000,17,2.200000047683716,1.100000023841858,91.1285237609074,,3461278113,343.3999938964844,1237.800048828125,250.0,{'summarizedDiveGases': []},1.20001220703125,GARMIN,Lincoln,1,44.063651226460934,-71.58766390755773,3132.0,AEROBIC_BASE,51.60218811035156,23108.994140625,MAINTAINING_AEROBIC_BASE_7,MINOR_ANAEROBIC_BENEFIT_15,[],False,207,47,-42.0,False,,,,,,False,False,False,False,False,False,False,False,False,,,,,,,,,,,,,,,,,,,,,,
16499099964,Concord - Anaerobic,2024-07-19 17:22:28,2024-07-19 21:22:28,"{'typeId': 1, 'typeKey': 'running', 'parentTypeId': 17, 'isHidden': False, 'trimmable': True, 'restricted': False}","{'typeId': 9, 'typeKey': 'uncategorized', 'sortOrder': 10}",12142.7197265625,3406.277099609375,3456.655029296875,3403.8309936523438,89.0,71.0,3.565000057220459,5.570000171661376,43.261329755187035,-71.52084765024483,True,False,118790142,ae52ea07-2874-4bde-8648-ac48be0f708d,Riley King,https://s3.amazonaws.com/garmin-connect-prod/profile_images/249fcc8d-9898-4d4a-abf5-ba07581a6fcd-prth.png,https://s3.amazonaws.com/garmin-connect-prod/profile_images/249fcc8d-9898-4d4a-abf5-ba07581a6fcd-prfr.png,https://s3.amazonaws.com/garmin-connect-prod/profile_images/249fcc8d-9898-4d4a-abf5-ba07581a6fcd-prof.png,890.0,86.0,161.0,185.0,167.921875,203.0,9486.0,"['SCOPE_GOLF_API_READ', 'SCOPE_ATP_READ', 'SCOPE_DIVE_API_WRITE', 'SCOPE_COMMUNITY_COURSE_ADMIN_READ', 'SCOPE_DIVE_API_READ', 'SCOPE_DI_OAUTH_2_CLIENT_READ', 'SCOPE_CONNECT_WRITE', 'SCOPE_COMMUNITY_COURSE_WRITE', 'SCOPE_MESSAGE_GENERATION_READ', 'SCOPE_DI_OAUTH_2_CLIENT_REVOCATION_ADMIN', 'SCOPE_CONNECT_WEB_TEMPLATE_RENDER', 'SCOPE_OMT_SUBSCRIPTION_ADMIN_READ', 'SCOPE_CONNECT_NON_SOCIAL_SHARED_READ', 'SCOPE_CONNECT_READ', 'SCOPE_DI_OAUTH_2_TOKEN_ADMIN', 'ROLE_CONNECTUSER', 'ROLE_FITNESS_USER', 'ROLE_WELLNESS_USER']","{'typeId': 4, 'typeKey': 'groups'}",False,False,149,1721424148000,1,4.300000190734863,2.299999952316284,126.00999755859375,59.0,3461278113,76.5999984741211,124.4000015258789,203.0,{'summarizedDiveGases': []},0.600006103515625,GARMIN,Concord,18,43.261533519253135,-71.52111721225083,946.0,LACTATE_THRESHOLD,227.03736877441406,10.817999839782715,HIGHLY_IMPROVING_LACTATE_THRESHOLD_13,MAINTAINING_ANAEROBIC_BASE_1,"[{'noOfSplits': 1, 'totalAscent': 56.0, 'duration': 1246.178955078125, 'splitType': 'INTERVAL_COOLDOWN', 'numClimbSends': 0, 'maxElevationGain': 56.0, 'averageElevationGain': 56.0, 'maxDistance': 4264, 'distance': 4264.22998046875, 'averageSpeed': 3.421999931335449, 'maxSpeed': 4.945000171661377, 'numFalls': 0, 'elevationLoss': 18.0}, {'noOfSplits': 1, 'totalAscent': 0.0, 'duration': 6.0, 'splitType': 'RWD_WALK', 'numClimbSends': 0, 'maxElevationGain': 0.0, 'averageElevationGain': 0.0, 'maxDistance': 14, 'distance': 14.210000038146973, 'averageSpeed': 2.368000030517578, 'maxSpeed': 2.062000036239624, 'numFalls': 0, 'elevationLoss': 0.0}, {'noOfSplits': 6, 'totalAscent': 10.0, 'duration': 360.0, 'splitType': 'INTERVAL_ACTIVE', 'numClimbSends': 0, 'maxElevationGain': 7.0, 'averageElevationGain': 2.0, 'maxDistance': 341, 'distance': 1866.97998046875, 'averageSpeed': 5.185999870300293, 'maxSpeed': 5.570000171661377, 'numFalls': 0, 'elevationLoss': 10.0}, {'noOfSplits': 5, 'totalAscent': 13.0, 'duration': 900.0, 'splitType': 'INTERVAL_RECOVERY', 'numClimbSends': 0, 'maxElevationGain': 5.0, 'averageElevationGain': 3.0, 'maxDistance': 578, 'distance': 2758.110107421875, 'averageSpeed': 3.065000057220459, 'maxSpeed': 5.4120001792907715, 'numFalls': 0, 'elevationLoss': 7.0}, {'noOfSplits': 1, 'totalAscent': 89.0, 'duration': 3406.172119140625, 'splitType': 'RWD_RUN', 'numClimbSends': 0, 'maxElevationGain': 89.0, 'averageElevationGain': 89.0, 'maxDistance': 12128, 'distance': 12128.51953125, 'averageSpeed': 3.561000108718872, 'maxSpeed': 5.570000171661377, 'numFalls': 0, 'elevationLoss': 71.0}, {'noOfSplits': 1, 'totalAscent': 10.0, 'duration': 900.0, 'splitType': 'INTERVAL_WARMUP', 'numClimbSends': 0, 'maxElevationGain': 10.0, 'averageElevationGain': 10.0, 'maxDistance': 3256, 'distance': 3256.2099609375, 'averageSpeed': 3.618000030517578, 'maxSpeed': 4.002999782562256, 'numFalls': 0, 'elevationLoss': 36.0}]",True,1,56,-14.0,False,,,,,,False,False,False,False,False,False,False,False,False,385.0,698.0,400.0,9.730000305175782,254.5,7.809999942779541,3.5669999122619633,,,,,,,,,,,,,,,
16466225080,Concord Walking,2024-07-17 17:54:24,2024-07-17 21:54:24,"{'typeId': 9, 'typeKey': 'walking', 'parentTypeId': 17, 'isHidden': False, 'trimmable': True, 'restricted': False}","{'typeId': 9, 'typeKey': 'uncategorized', 'sortOrder': 10}",7912.52978515625,4415.72314453125,4415.72314453125,4347.68896484375,78.0,70.0,1.7920000553131104,4.375999927520752,43.26039534062147,-71.52134511619806,True,False,118790142,ae52ea07-2874-4bde-8648-ac48be0f708d,Riley King,https://s3.amazonaws.com/garmin-connect-prod/profile_images/249fcc8d-9898-4d4a-abf5-ba07581a6fcd-prth.png,https://s3.amazonaws.com/garmin-connect-prod/profile_images/249fcc8d-9898-4d4a-abf5-ba07581a6fcd-prfr.png,https://s3.amazonaws.com/garmin-connect-prod/profile_images/249fcc8d-9898-4d4a-abf5-ba07581a6fcd-prof.png,517.0,111.0,96.0,123.0,118.890625,245.0,8824.0,"['SCOPE_GOLF_API_READ', 'SCOPE_ATP_READ', 'SCOPE_DIVE_API_WRITE', 'SCOPE_COMMUNITY_COURSE_ADMIN_READ', 'SCOPE_DIVE_API_READ', 'SCOPE_DI_OAUTH_2_CLIENT_READ', 'SCOPE_CONNECT_WRITE', 'SCOPE_COMMUNITY_COURSE_WRITE', 'SCOPE_MESSAGE_GENERATION_READ', 'SCOPE_DI_OAUTH_2_CLIENT_REVOCATION_ADMIN', 'SCOPE_CONNECT_WEB_TEMPLATE_RENDER', 'SCOPE_OMT_SUBSCRIPTION_ADMIN_READ', 'SCOPE_CONNECT_NON_SOCIAL_SHARED_READ', 'SCOPE_CONNECT_READ', 'SCOPE_DI_OAUTH_2_TOKEN_ADMIN', 'ROLE_CONNECTUSER', 'ROLE_FITNESS_USER', 'ROLE_WELLNESS_USER']","{'typeId': 4, 'typeKey': 'groups'}",False,False,149,1721253264000,11,1.5,0.0,90.73339700577986,59.0,3461278113,101.19999694824219,122.80000305175781,245.0,{'summarizedDiveGases': []},0.8000030517578125,GARMIN,Concord,5,43.26179360970855,-71.52113808318973,731.0,RECOVERY,18.984359741210938,832.4630126953125,RECOVERY_5,NO_ANAEROBIC_BENEFIT_0,[],False,69,2,-7.0,False,,,,,,False,False,False,False,False,False,False,False,False,,,,,,,,,,,,,,,,,,,,,,
16447871938,Concord Cycling,2024-07-16 17:04:56,2024-07-16 21:04:56,"{'typeId': 2, 'typeKey': 'cycling', 'parentTypeId': 17, 'isHidden': False, 'trimmable': True, 'restricted': False}","{'typeId': 9, 'typeKey': 'uncategorized', 'sortOrder': 10}",24877.779296875,4110.787109375,4317.6630859375,4023.22802734375,297.0,295.0,6.052000045776367,11.225000381469727,43.26138080097735,-71.52091604657471,True,False,118790142,ae52ea07-2874-4bde-8648-ac48be0f708d,Riley King,https://s3.amazonaws.com/garmin-connect-prod/profile_images/249fcc8d-9898-4d4a-abf5-ba07581a6fcd-prth.png,https://s3.amazonaws.com/garmin-connect-prod/profile_images/249fcc8d-9898-4d4a-abf5-ba07581a6fcd-prfr.png,https://s3.amazonaws.com/garmin-connect-prod/profile_images/249fcc8d-9898-4d4a-abf5-ba07581a6fcd-prof.png,571.0,104.0,121.0,153.0,,,,"['SCOPE_GOLF_API_READ', 'SCOPE_ATP_READ', 'SCOPE_DIVE_API_WRITE', 'SCOPE_COMMUNITY_COURSE_ADMIN_READ', 'SCOPE_DIVE_API_READ', 'SCOPE_DI_OAUTH_2_CLIENT_READ', 'SCOPE_CONNECT_WRITE', 'SCOPE_COMMUNITY_COURSE_WRITE', 'SCOPE_MESSAGE_GENERATION_READ', 'SCOPE_DI_OAUTH_2_CLIENT_REVOCATION_ADMIN', 'SCOPE_CONNECT_WEB_TEMPLATE_RENDER', 'SCOPE_OMT_SUBSCRIPTION_ADMIN_READ', 'SCOPE_CONNECT_NON_SOCIAL_SHARED_READ', 'SCOPE_CONNECT_READ', 'SCOPE_DI_OAUTH_2_TOKEN_ADMIN', 'ROLE_CONNECTUSER', 'ROLE_FITNESS_USER', 'ROLE_WELLNESS_USER']","{'typeId': 4, 'typeKey': 'groups'}",False,False,149,1721163896000,2,2.200000047683716,0.800000011920929,,,3461278113,99.4000015258789,176.60000610351562,,{'summarizedDiveGases': []},1.4000015258789062,GARMIN,Concord,4,43.26163644902408,-71.52127219364047,944.0,AEROBIC_BASE,47.013031005859375,147.71400451660156,MAINTAINING_AEROBIC_BASE_7,NO_ANAEROBIC_BENEFIT_0,[],False,33,29,-9.0,False,,,,,,False,False,False,False,False,False,False,False,False,,,,,,,,,,,,,,,,,,,,,,
16430725412,Concord Running,2024-07-15 17:43:59,2024-07-15 21:43:59,"{'typeId': 1, 'typeKey': 'running', 'parentTypeId': 17, 'isHidden': False, 'trimmable': True, 'restricted': False}","{'typeId': 9, 'typeKey': 'uncategorized', 'sortOrder': 10}",9657.099609375,3992.77587890625,3993.833984375,3952.4240112304688,160.0,154.0,2.4189999103546143,4.684000015258789,43.26153050176799,-71.52121301740408,True,False,118790142,ae52ea07-2874-4bde-8648-ac48be0f708d,Riley King,https://s3.amazonaws.com/garmin-connect-prod/profile_images/249fcc8d-9898-4d4a-abf5-ba07581a6fcd-prth.png,https://s3.amazonaws.com/garmin-connect-prod/profile_images/249fcc8d-9898-4d4a-abf5-ba07581a6fcd-prfr.png,https://s3.amazonaws.com/garmin-connect-prod/profile_images/249fcc8d-9898-4d4a-abf5-ba07581a6fcd-prof.png,696.0,101.0,137.0,178.0,130.265625,236.0,8982.0,"['SCOPE_GOLF_API_READ', 'SCOPE_ATP_READ', 'SCOPE_DIVE_API_WRITE', 'SCOPE_COMMUNITY_COURSE_ADMIN_READ', 'SCOPE_DIVE_API_READ', 'SCOPE_DI_OAUTH_2_CLIENT_READ', 'SCOPE_CONNECT_WRITE', 'SCOPE_COMMUNITY_COURSE_WRITE', 'SCOPE_MESSAGE_GENERATION_READ', 'SCOPE_DI_OAUTH_2_CLIENT_REVOCATION_ADMIN', 'SCOPE_CONNECT_WEB_TEMPLATE_RENDER', 'SCOPE_OMT_SUBSCRIPTION_ADMIN_READ', 'SCOPE_CONNECT_NON_SOCIAL_SHARED_READ', 'SCOPE_CONNECT_READ', 'SCOPE_DI_OAUTH_2_TOKEN_ADMIN', 'ROLE_CONNECTUSER', 'ROLE_FITNESS_USER', 'ROLE_WELLNESS_USER']","{'typeId': 4, 'typeKey': 'groups'}",False,False,149,1721079839000,1,3.4000000953674316,0.0,104.8800048828125,59.0,3461278113,101.80000305175781,194.8000030517578,236.0,{'summarizedDiveGases': []},1.1999969482421875,GARMIN,Concord,6,43.26152195222676,-71.52112785726786,1058.0,TEMPO,110.72341918945312,390.7539978027344,IMPROVING_AEROBIC_FITNESS_2,NO_ANAEROBIC_BENEFIT_0,"[{'noOfSplits': 1, 'totalAscent': 160.0, 'duration': 3992.77587890625, 'splitType': 'INTERVAL_ACTIVE', 'numClimbSends': 0, 'maxElevationGain': 160.0, 'averageElevationGain': 160.0, 'maxDistance': 9657, 'distance': 9657.1103515625, 'averageSpeed': 2.4189999103546143, 'maxSpeed': 4.684000015258789, 'numFalls': 0, 'elevationLoss': 154.0}, {'noOfSplits': 3, 'totalAscent': 0.0, 'duration': 29.0, 'splitType': 'RWD_STAND', 'numClimbSends': 0, 'maxElevationGain': 0.0, 'averageElevationGain': 0.0, 'maxDistance': 10, 'distance': 15.109999656677246, 'averageSpeed': 0.5210000276565552, 'maxSpeed': 1.809999942779541, 'numFalls': 0, 'elevationLoss': 0.0}, {'noOfSplits': 19, 'totalAscent': 112.0, 'duration': 2101.7529296875, 'splitType': 'RWD_WALK', 'numClimbSends': 0, 'maxElevationGain': 38.0, 'averageElevationGain': 6.0, 'maxDistance': 1476, 'distance': 3272.60009765625, 'averageSpeed': 1.5570000410079956, 'maxSpeed': 2.2109999656677246, 'numFalls': 0, 'elevationLoss': 28.0}, {'noOfSplits': 17, 'totalAscent': 48.0, 'duration': 1866.0030517578125, 'splitType': 'RWD_RUN', 'numClimbSends': 0, 'maxElevationGain': 24.0, 'averageElevationGain': 3.0, 'maxDistance': 4857, 'distance': 6369.39013671875, 'averageSpeed': 3.4130001068115234, 'maxSpeed': 4.684000015258789, 'numFalls': 0, 'elevationLoss': 126.0}]",True,31,34,-10.0,False,,,,,,False,False,False,False,False,False,False,False,False,242.0,617.0,333.0,7.780000305175782,257.3999938964844,7.53000020980835,2.5339999198913574,,,,,,,,,,,,,,,
16413507445,Concord Walking,2024-07-14 15:31:35,2024-07-14 19:31:35,"{'typeId': 9, 'typeKey': 'walking', 'parentTypeId': 17, 'isHidden': False, 'trimmable': True, 'restricted': False}","{'typeId': 9, 'typeKey': 'uncategorized', 'sortOrder': 10}",6117.27001953125,3408.136962890625,3408.136962890625,3407.3159790039062,101.0,94.0,1.7949999570846558,2.2209999561309814,43.26136261224747,-71.52080406434834,True,False,118790142,ae52ea07-2874-4bde-8648-ac48be0f708d,Riley King,https://s3.amazonaws.com/garmin-connect-prod/profile_images/249fcc8d-9898-4d4a-abf5-ba07581a6fcd-prth.png,https://s3.amazonaws.com/garmin-connect-prod/profile_images/249fcc8d-9898-4d4a-abf5-ba07581a6fcd-prfr.png,https://s3.amazonaws.com/garmin-connect-prod/profile_images/249fcc8d-9898-4d4a-abf5-ba07581a6fcd-prof.png,402.0,86.0,99.0,116.0,120.859375,136.0,6900.0,"['SCOPE_GOLF_API_READ', 'SCOPE_ATP_READ', 'SCOPE_DIVE_API_WRITE', 'SCOPE_COMMUNITY_COURSE_ADMIN_READ', 'SCOPE_DIVE_API_READ', 'SCOPE_DI_OAUTH_2_CLIENT_READ', 'SCOPE_CONNECT_WRITE', 'SCOPE_COMMUNITY_COURSE_WRITE', 'SCOPE_MESSAGE_GENERATION_READ', 'SCOPE_DI_OAUTH_2_CLIENT_REVOCATION_ADMIN', 'SCOPE_CONNECT_WEB_TEMPLATE_RENDER', 'SCOPE_OMT_SUBSCRIPTION_ADMIN_READ', 'SCOPE_CONNECT_NON_SOCIAL_SHARED_READ', 'SCOPE_CONNECT_READ', 'SCOPE_DI_OAUTH_2_TOKEN_ADMIN', 'ROLE_CONNECTUSER', 'ROLE_FITNESS_USER', 'ROLE_WELLNESS_USER']","{'typeId': 4, 'typeKey': 'groups'}",False,False,149,1720985495000,11,1.2999999523162842,0.0,89.07988108638546,59.0,3461278113,114.80000305175781,170.8000030517578,136.0,{'summarizedDiveGases': []},0.3000030517578125,GARMIN,Concord,4,43.26172965578735,-71.52115132659674,713.0,RECOVERY,15.604507446289062,687.1090087890625,RECOVERY_5,NO_ANAEROBIC_BENEFIT_0,[],False,54,0,-6.0,False,,,,,,False,False,False,False,False,False,False,False,False,,,,,,,,,,,,,,,,,,,,,,
16379437247,Concord Trail Running,2024-07-12 16:27:49,2024-07-12 20:27:49,"{'typeId': 6, 'typeKey': 'trail_running', 'parentTypeId': 1, 'isHidden': False, 'trimmable': True, 'restricted': False}","{'typeId': 9, 'typeKey': 'uncategorized', 'sortOrder': 10}",13622.9404296875,5466.8681640625,6338.259765625,5196.156005859375,329.0,318.0,2.492000102996826,4.563000202178955,43.2085067499429,-71.59383432939649,True,False,118790142,ae52ea07-2874-4bde-8648-ac48be0f708d,Riley King,https://s3.amazonaws.com/garmin-connect-prod/profile_images/249fcc8d-9898-4d4a-abf5-ba07581a6fcd-prth.png,https://s3.amazonaws.com/garmin-connect-prod/profile_images/249fcc8d-9898-4d4a-abf5-ba07581a6fcd-prfr.png,https://s3.amazonaws.com/garmin-connect-prod/profile_images/249fcc8d-9898-4d4a-abf5-ba07581a6fcd-prof.png,1099.0,138.0,145.0,169.0,139.71875,240.0,13008.0,"['SCOPE_GOLF_API_READ', 'SCOPE_ATP_READ', 'SCOPE_DIVE_API_WRITE', 'SCOPE_COMMUNITY_COURSE_ADMIN_READ', 'SCOPE_DIVE_API_READ', 'SCOPE_DI_OAUTH_2_CLIENT_READ', 'SCOPE_CONNECT_WRITE', 'SCOPE_COMMUNITY_COURSE_WRITE', 'SCOPE_MESSAGE_GENERATION_READ', 'SCOPE_DI_OAUTH_2_CLIENT_REVOCATION_ADMIN', 'SCOPE_CONNECT_WEB_TEMPLATE_RENDER', 'SCOPE_OMT_SUBSCRIPTION_ADMIN_READ', 'SCOPE_CONNECT_NON_SOCIAL_SHARED_READ', 'SCOPE_CONNECT_READ', 'SCOPE_DI_OAUTH_2_TOKEN_ADMIN', 'ROLE_CONNECTUSER', 'ROLE_FITNESS_USER', 'ROLE_WELLNESS_USER']","{'typeId': 4, 'typeKey': 'groups'}",False,False,149,1720816069000,1,3.799999952316284,0.30000001192092896,104.85999755859376,59.0,3461278113,104.5999984741211,230.39999389648438,240.0,{'summarizedDiveGases': []},1.0,GARMIN,Concord,9,43.20819217711687,-71.5936623327434,1504.0,TEMPO,149.37100219726562,284.46600341796875,IMPACTING_TEMPO_22,NO_ANAEROBIC_BENEFIT_0,"[{'noOfSplits': 1, 'totalAscent': 329.0, 'duration': 5466.8681640625, 'splitType': 'INTERVAL_ACTIVE', 'numClimbSends': 0, 'maxElevationGain': 329.0, 'averageElevationGain': 329.0, 'maxDistance': 13622, 'distance': 13622.919921875, 'averageSpeed': 2.492000102996826, 'maxSpeed': 4.563000202178955, 'numFalls': 0, 'elevationLoss': 318.0}, {'noOfSplits': 27, 'totalAscent': 237.0, 'duration': 3939.60791015625, 'splitType': 'RWD_RUN', 'numClimbSends': 0, 'maxElevationGain': 51.0, 'averageElevationGain': 9.0, 'maxDistance': 2331, 'distance': 11627.08984375, 'averageSpeed': 2.9509999752044678, 'maxSpeed': 4.563000202178955, 'numFalls': 0, 'elevationLoss': 291.0}, {'noOfSplits': 35, 'totalAscent': 92.0, 'duration': 1310.1590576171875, 'splitType': 'RWD_WALK', 'numClimbSends': 0, 'maxElevationGain': 27.0, 'averageElevationGain': 3.0, 'maxDistance': 251, 'distance': 1937.8599853515625, 'averageSpeed': 1.4789999723434448, 'maxSpeed': 2.13700008392334, 'numFalls': 0, 'elevationLoss': 28.0}, {'noOfSplits': 10, 'totalAscent': 0.0, 'duration': 221.9980010986328, 'splitType': 'RWD_STAND', 'numClimbSends': 0, 'maxElevationGain': 0.0, 'averageElevationGain': 0.0, 'maxDistance': 15, 'distance': 57.9900016784668, 'averageSpeed': 0.26100000739097595, 'maxSpeed': 0.0, 'numFalls': 0, 'elevationLoss': 0.0}]",True,12,89,-20.0,False,,,,,,False,False,False,False,False,False,False,False,False,274.0,575.0,326.0,8.5,271.3999938964844,8.119999885559082,2.6459999084472656,,,,,,,,,,,,,,,
16347581441,Concord - Base,2024-07-10 17:41:45,2024-07-10 21:41:45,"{'typeId': 1, 'typeKey': 'running', 'parentTypeId': 17, 'isHidden': False, 'trimmable': True, 'restricted': False}","{'typeId': 9, 'typeKey': 'uncategorized', 'sortOrder': 10}",7595.4501953125,2208.77294921875,2513.764892578125,2106.4719848632812,48.0,46.0,3.438999891281128,7.129000186920167,43.261429499834776,-71.52106080204248,True,False,118790142,ae52ea07-2874-4bde-8648-ac48be0f708d,Riley King,https://s3.amazonaws.com/garmin-connect-prod/profile_images/249fcc8d-9898-4d4a-abf5-ba07581a6fcd-prth.png,https://s3.amazonaws.com/garmin-connect-prod/profile_images/249fcc8d-9898-4d4a-abf5-ba07581a6fcd-prfr.png,https://s3.amazonaws.com/garmin-connect-prod/profile_images/249fcc8d-9898-4d4a-abf5-ba07581a6fcd-prof.png,547.0,56.0,151.0,177.0,157.9375,240.0,5842.0,"['SCOPE_GOLF_API_READ', 'SCOPE_ATP_READ', 'SCOPE_DIVE_API_WRITE', 'SCOPE_COMMUNITY_COURSE_ADMIN_READ', 'SCOPE_DIVE_API_READ', 'SCOPE_DI_OAUTH_2_CLIENT_READ', 'SCOPE_CONNECT_WRITE', 'SCOPE_COMMUNITY_COURSE_WRITE', 'SCOPE_MESSAGE_GENERATION_READ', 'SCOPE_DI_OAUTH_2_CLIENT_REVOCATION_ADMIN', 'SCOPE_CONNECT_WEB_TEMPLATE_RENDER', 'SCOPE_OMT_SUBSCRIPTION_ADMIN_READ', 'SCOPE_CONNECT_NON_SOCIAL_SHARED_READ', 'SCOPE_CONNECT_READ', 'SCOPE_DI_OAUTH_2_TOKEN_ADMIN', 'ROLE_CONNECTUSER', 'ROLE_FITNESS_USER', 'ROLE_WELLNESS_USER']","{'typeId': 4, 'typeKey': 'groups'}",False,False,149,1720647705000,1,3.5,0.8999999761581421,129.00999755859377,59.0,3461278113,101.4000015258789,123.0,240.0,{'summarizedDiveGases': []},0.600006103515625,GARMIN,Concord,6,43.26161205768585,-71.52117806486785,610.0,TEMPO,123.77397155761719,48.77299880981445,IMPACTING_TEMPO_22,NO_ANAEROBIC_BENEFIT_0,"[{'noOfSplits': 1, 'totalAscent': 48.0, 'duration': 2208.77294921875, 'splitType': 'INTERVAL_ACTIVE', 'numClimbSends': 0, 'maxElevationGain': 48.0, 'averageElevationGain': 48.0, 'maxDistance': 7595, 'distance': 7595.43994140625, 'averageSpeed': 3.438999891281128, 'maxSpeed': 7.129000186920166, 'numFalls': 0, 'elevationLoss': 46.0}, {'noOfSplits': 3, 'totalAscent': 46.0, 'duration': 2076.0, 'splitType': 'RWD_RUN', 'numClimbSends': 0, 'maxElevationGain': 27.0, 'averageElevationGain': 15.0, 'maxDistance': 5898, 'distance': 7509.830078125, 'averageSpeed': 3.617000102996826, 'maxSpeed': 7.129000186920166, 'numFalls': 0, 'elevationLoss': 46.0}, {'noOfSplits': 5, 'totalAscent': 2.0, 'duration': 45.77899932861328, 'splitType': 'RWD_WALK', 'numClimbSends': 0, 'maxElevationGain': 2.0, 'averageElevationGain': 0.0, 'maxDistance': 41, 'distance': 49.81999969482422, 'averageSpeed': 1.0880000591278076, 'maxSpeed': 1.7450000047683716, 'numFalls': 0, 'elevationLoss': 0.0}, {'noOfSplits': 4, 'totalAscent': 0.0, 'duration': 91.89700317382812, 'splitType': 'RWD_STAND', 'numClimbSends': 0, 'maxElevationGain': 0.0, 'averageElevationGain': 0.0, 'maxDistance': 15, 'distance': 35.79999923706055, 'averageSpeed': 0.38999998569488525, 'maxSpeed': 2.444999933242798, 'numFalls': 0, 'elevationLoss': 0.0}]",True,2,33,-10.0,False,,,,,,False,False,False,False,False,False,False,False,False,381.0,789.0,414.0,9.75,249.8000030517578,7.599999904632568,3.4460000991821294,,,,,,,,,,,,,,,
16331275005,Concord - Base,2024-07-09 18:57:48,2024-07-09 22:57:48,"{'typeId': 1, 'typeKey': 'running', 'parentTypeId': 17, 'isHidden': False, 'trimmable': True, 'restricted': False}","{'typeId': 9, 'typeKey': 'uncategorized', 'sortOrder': 10}",7904.669921875,2088.041015625,2088.041015625,2074.0159912109375,71.0,66.0,3.7860000133514404,4.982999801635742,43.26111802831292,-71.52090732939541,True,False,118790142,ae52ea07-2874-4bde-8648-ac48be0f708d,Riley King,https://s3.amazonaws.com/garmin-connect-prod/profile_images/249fcc8d-9898-4d4a-abf5-ba07581a6fcd-prth.png,https://s3.amazonaws.com/garmin-connect-prod/profile_images/249fcc8d-9898-4d4a-abf5-ba07581a6fcd-prfr.png,https://s3.amazonaws.com/garmin-connect-prod/profile_images/249fcc8d-9898-4d4a-abf5-ba07581a6fcd-prof.png,554.0,53.0,161.0,179.0,167.640625,243.0,5870.0,"['SCOPE_GOLF_API_READ', 'SCOPE_ATP_READ', 'SCOPE_DIVE_API_WRITE', 'SCOPE_COMMUNITY_COURSE_ADMIN_READ', 'SCOPE_DIVE_API_READ', 'SCOPE_DI_OAUTH_2_CLIENT_READ', 'SCOPE_CONNECT_WRITE', 'SCOPE_COMMUNITY_COURSE_WRITE', 'SCOPE_MESSAGE_GENERATION_READ', 'SCOPE_DI_OAUTH_2_CLIENT_REVOCATION_ADMIN', 'SCOPE_CONNECT_WEB_TEMPLATE_RENDER', 'SCOPE_OMT_SUBSCRIPTION_ADMIN_READ', 'SCOPE_CONNECT_NON_SOCIAL_SHARED_READ', 'SCOPE_CONNECT_READ', 'SCOPE_DI_OAUTH_2_TOKEN_ADMIN', 'ROLE_CONNECTUSER', 'ROLE_FITNESS_USER', 'ROLE_WELLNESS_USER']","{'typeId': 4, 'typeKey': 'groups'}",False,False,149,1720565868000,1,3.700000047683716,0.0,134.49000244140626,59.0,3461278113,102.4000015258789,126.0,243.0,{'summarizedDiveGases': []},0.600006103515625,GARMIN,Concord,5,43.261706437915564,-71.52116037905216,572.0,VO2MAX,134.5172882080078,383.9159851074219,IMPROVING_VO2_MAX_15,NO_ANAEROBIC_BENEFIT_0,"[{'noOfSplits': 1, 'totalAscent': 71.0, 'duration': 2088.041015625, 'splitType': 'INTERVAL_ACTIVE', 'numClimbSends': 0, 'maxElevationGain': 71.0, 'averageElevationGain': 71.0, 'maxDistance': 7904, 'distance': 7904.66015625, 'averageSpeed': 3.7860000133514404, 'maxSpeed': 4.982999801635742, 'numFalls': 0, 'elevationLoss': 66.0}, {'noOfSplits': 2, 'totalAscent': 71.0, 'duration': 2057.0, 'splitType': 'RWD_RUN', 'numClimbSends': 0, 'maxElevationGain': 70.0, 'averageElevationGain': 36.0, 'maxDistance': 7853, 'distance': 7868.64990234375, 'averageSpeed': 3.825000047683716, 'maxSpeed': 4.982999801635742, 'numFalls': 0, 'elevationLoss': 66.0}, {'noOfSplits': 3, 'totalAscent': 0.0, 'duration': 26.0, 'splitType': 'RWD_WALK', 'numClimbSends': 0, 'maxElevationGain': 0.0, 'averageElevationGain': 0.0, 'maxDistance': 31, 'distance': 33.97999954223633, 'averageSpeed': 1.3070000410079956, 'maxSpeed': 2.00600004196167, 'numFalls': 0, 'elevationLoss': 0.0}, {'noOfSplits': 2, 'totalAscent': 0.0, 'duration': 4.918000221252441, 'splitType': 'RWD_STAND', 'numClimbSends': 0, 'maxElevationGain': 0.0, 'averageElevationGain': 0.0, 'maxDistance': 1, 'distance': 2.0299999713897705, 'averageSpeed': 0.4129999876022339, 'maxSpeed': 0.0, 'numFalls': 0, 'elevationLoss': 0.0}]",True,0,32,-9.0,False,,,,,,False,False,False,False,False,False,False,False,False,414.0,644.0,434.0,9.819999694824219,241.89999389648438,7.340000152587891,3.8289999961853027,,,,,,,,,,,,,,,
16313031431,Concord - Sprint,2024-07-08 17:47:38,2024-07-08 21:47:38,"{'typeId': 1, 'typeKey': 'running', 'parentTypeId': 17, 'isHidden': False, 'trimmable': True, 'restricted': False}","{'typeId': 9, 'typeKey': 'uncategorized', 'sortOrder': 10}",12076.7802734375,4044.281005859375,4044.281005859375,4040.9019775390625,173.0,167.0,2.986000061035156,8.444000244140625,43.26157392002642,-71.52119122445583,True,False,118790142,ae52ea07-2874-4bde-8648-ac48be0f708d,Riley King,https://s3.amazonaws.com/garmin-connect-prod/profile_images/249fcc8d-9898-4d4a-abf5-ba07581a6fcd-prth.png,https://s3.amazonaws.com/garmin-connect-prod/profile_images/249fcc8d-9898-4d4a-abf5-ba07581a6fcd-prfr.png,https://s3.amazonaws.com/garmin-connect-prod/profile_images/249fcc8d-9898-4d4a-abf5-ba07581a6fcd-prof.png,885.0,102.0,145.0,169.0,155.84375,240.0,10554.0,"['SCOPE_GOLF_API_READ', 'SCOPE_ATP_READ', 'SCOPE_DIVE_API_WRITE', 'SCOPE_COMMUNITY_COURSE_ADMIN_READ', 'SCOPE_DIVE_API_READ', 'SCOPE_DI_OAUTH_2_CLIENT_READ', 'SCOPE_CONNECT_WRITE', 'SCOPE_COMMUNITY_COURSE_WRITE', 'SCOPE_MESSAGE_GENERATION_READ', 'SCOPE_DI_OAUTH_2_CLIENT_REVOCATION_ADMIN', 'SCOPE_CONNECT_WEB_TEMPLATE_RENDER', 'SCOPE_OMT_SUBSCRIPTION_ADMIN_READ', 'SCOPE_CONNECT_NON_SOCIAL_SHARED_READ', 'SCOPE_CONNECT_READ', 'SCOPE_DI_OAUTH_2_TOKEN_ADMIN', 'ROLE_CONNECTUSER', 'ROLE_FITNESS_USER', 'ROLE_WELLNESS_USER']","{'typeId': 4, 'typeKey': 'groups'}",False,False,149,1720475258000,1,3.4000000953674316,2.4000000953674316,111.85999755859376,59.0,3461278113,101.19999694824219,198.0,240.0,{'summarizedDiveGases': []},0.7999954223632812,GARMIN,Concord,23,43.2613212056458,-71.52069099247456,1122.0,SPEED,149.94052124023438,10.0,IMPROVING_AEROBIC_BASE_8,MAINTAINING_FAST_FORCE_PRODUCTION_6,"[{'noOfSplits': 8, 'totalAscent': 48.0, 'duration': 1440.0, 'splitType': 'INTERVAL_REST', 'numClimbSends': 0, 'maxElevationGain': 15.0, 'averageElevationGain': 6.0, 'maxDistance': 585, 'distance': 4233.490234375, 'averageSpeed': 2.940000057220459, 'maxSpeed': 8.02400016784668, 'numFalls': 0, 'elevationLoss': 25.0}, {'noOfSplits': 9, 'totalAscent': 4.0, 'duration': 90.0, 'splitType': 'INTERVAL_ACTIVE', 'numClimbSends': 0, 'maxElevationGain': 3.0, 'averageElevationGain': 0.0, 'maxDistance': 79, 'distance': 604.530029296875, 'averageSpeed': 6.7170000076293945, 'maxSpeed': 8.444000244140625, 'numFalls': 0, 'elevationLoss': 4.0}, {'noOfSplits': 16, 'totalAscent': 61.0, 'duration': 530.9979858398438, 'splitType': 'RWD_WALK', 'numClimbSends': 0, 'maxElevationGain': 31.0, 'averageElevationGain': 4.0, 'maxDistance': 204, 'distance': 857.6599731445312, 'averageSpeed': 1.6150000095367432, 'maxSpeed': 2.2019999027252197, 'numFalls': 0, 'elevationLoss': 4.0}, {'noOfSplits': 16, 'totalAscent': 112.0, 'duration': 3516.18505859375, 'splitType': 'RWD_RUN', 'numClimbSends': 0, 'maxElevationGain': 43.0, 'averageElevationGain': 7.0, 'maxDistance': 5616, 'distance': 11219.1201171875, 'averageSpeed': 3.190999984741211, 'maxSpeed': 8.444000244140625, 'numFalls': 0, 'elevationLoss': 163.0}, {'noOfSplits': 1, 'totalAscent': 16.0, 'duration': 900.0, 'splitType': 'INTERVAL_WARMUP', 'numClimbSends': 0, 'maxElevationGain': 16.0, 'averageElevationGain': 16.0, 'maxDistance': 2992, 'distance': 2992.5, 'averageSpeed': 3.325000047683716, 'maxSpeed': 3.5269999504089355, 'numFalls': 0, 'elevationLoss': 25.0}, {'noOfSplits': 1, 'totalAscent': 105.0, 'duration': 1614.18505859375, 'splitType': 'INTERVAL_COOLDOWN', 'numClimbSends': 0, 'maxElevationGain': 105.0, 'averageElevationGain': 105.0, 'maxDistance': 4251, 'distance': 4251.2998046875, 'averageSpeed': 2.634000062942505, 'maxSpeed': 8.444000244140625, 'numFalls': 0, 'elevationLoss': 113.0}]",True,5,62,-18.0,False,,,,,,False,False,False,False,False,False,False,False,False,317.0,831.0,346.0,8.85,266.20001220703125,8.079999923706055,3.075000047683716,,,,,,,,,,,,,,,
16294669229,Concord Walking,2024-07-07 14:07:21,2024-07-07 18:07:21,"{'typeId': 9, 'typeKey': 'walking', 'parentTypeId': 17, 'isHidden': False, 'trimmable': True, 'restricted': False}","{'typeId': 9, 'typeKey': 'uncategorized', 'sortOrder': 10}",8873.16015625,4146.0888671875,4146.0888671875,4123.729034423828,234.0,226.0,2.140000104904175,4.171000003814697,43.26163527555764,-71.52114336378872,True,False,118790142,ae52ea07-2874-4bde-8648-ac48be0f708d,Riley King,https://s3.amazonaws.com/garmin-connect-prod/profile_images/249fcc8d-9898-4d4a-abf5-ba07581a6fcd-prth.png,https://s3.amazonaws.com/garmin-connect-prod/profile_images/249fcc8d-9898-4d4a-abf5-ba07581a6fcd-prfr.png,https://s3.amazonaws.com/garmin-connect-prod/profile_images/249fcc8d-9898-4d4a-abf5-ba07581a6fcd-prof.png,632.0,104.0,118.0,161.0,127.140625,250.0,9080.0,"['SCOPE_GOLF_API_READ', 'SCOPE_ATP_READ', 'SCOPE_DIVE_API_WRITE', 'SCOPE_COMMUNITY_COURSE_ADMIN_READ', 'SCOPE_DIVE_API_READ', 'SCOPE_DI_OAUTH_2_CLIENT_READ', 'SCOPE_CONNECT_WRITE', 'SCOPE_COMMUNITY_COURSE_WRITE', 'SCOPE_MESSAGE_GENERATION_READ', 'SCOPE_DI_OAUTH_2_CLIENT_REVOCATION_ADMIN', 'SCOPE_CONNECT_WEB_TEMPLATE_RENDER', 'SCOPE_OMT_SUBSCRIPTION_ADMIN_READ', 'SCOPE_CONNECT_NON_SOCIAL_SHARED_READ', 'SCOPE_CONNECT_READ', 'SCOPE_DI_OAUTH_2_TOKEN_ADMIN', 'ROLE_CONNECTUSER', 'ROLE_FITNESS_USER', 'ROLE_WELLNESS_USER']","{'typeId': 4, 'typeKey': 'groups'}",False,False,149,1720375641000,11,2.4000000953674316,0.0,100.67178379353446,59.0,3461278113,115.5999984741211,287.20001220703125,250.0,{'summarizedDiveGases': []},0.6999969482421875,GARMIN,Concord,6,43.26139027252793,-71.52090297080576,1051.0,AEROBIC_BASE,41.98799133300781,343.8110046386719,MAINTAINING_AEROBIC_BASE_7,NO_ANAEROBIC_BENEFIT_0,[],False,38,28,-11.0,False,,,,,,False,False,False,False,False,False,False,False,False,,,,,,,,,,,,,,,,,,,,,,
16262908759,Concord - Anaerobic,2024-07-05 17:33:33,2024-07-05 21:33:33,"{'typeId': 1, 'typeKey': 'running', 'parentTypeId': 17, 'isHidden': False, 'trimmable': True, 'restricted': False}","{'typeId': 9, 'typeKey': 'uncategorized', 'sortOrder': 10}",12096.669921875,3496.589111328125,4071.76806640625,3494.3839721679688,86.0,85.0,3.460000038146973,5.560999870300292,43.261486161500216,-71.52113548479974,True,False,118790142,ae52ea07-2874-4bde-8648-ac48be0f708d,Riley King,https://s3.amazonaws.com/garmin-connect-prod/profile_images/249fcc8d-9898-4d4a-abf5-ba07581a6fcd-prth.png,https://s3.amazonaws.com/garmin-connect-prod/profile_images/249fcc8d-9898-4d4a-abf5-ba07581a6fcd-prfr.png,https://s3.amazonaws.com/garmin-connect-prod/profile_images/249fcc8d-9898-4d4a-abf5-ba07581a6fcd-prof.png,876.0,88.0,153.0,184.0,167.125,200.0,9720.0,"['SCOPE_GOLF_API_READ', 'SCOPE_ATP_READ', 'SCOPE_DIVE_API_WRITE', 'SCOPE_COMMUNITY_COURSE_ADMIN_READ', 'SCOPE_DIVE_API_READ', 'SCOPE_DI_OAUTH_2_CLIENT_READ', 'SCOPE_CONNECT_WRITE', 'SCOPE_COMMUNITY_COURSE_WRITE', 'SCOPE_MESSAGE_GENERATION_READ', 'SCOPE_DI_OAUTH_2_CLIENT_REVOCATION_ADMIN', 'SCOPE_CONNECT_WEB_TEMPLATE_RENDER', 'SCOPE_OMT_SUBSCRIPTION_ADMIN_READ', 'SCOPE_CONNECT_NON_SOCIAL_SHARED_READ', 'SCOPE_CONNECT_READ', 'SCOPE_DI_OAUTH_2_TOKEN_ADMIN', 'ROLE_CONNECTUSER', 'ROLE_FITNESS_USER', 'ROLE_WELLNESS_USER']","{'typeId': 4, 'typeKey': 'groups'}",False,False,149,1720215213000,1,4.0,2.799999952316284,123.41999511718751,59.0,3461278113,97.80000305175781,130.1999969482422,200.0,{'summarizedDiveGases': []},0.600006103515625,GARMIN,Concord,19,43.26131005771458,-71.52074388228357,971.0,TEMPO,220.3801727294922,40.55500030517578,HIGHLY_IMPACTING_TEMPO_23,MAINTAINING_ANAEROBIC_POWER_7,"[{'noOfSplits': 6, 'totalAscent': 33.0, 'duration': 1080.0, 'splitType': 'INTERVAL_RECOVERY', 'numClimbSends': 0, 'maxElevationGain': 12.0, 'averageElevationGain': 6.0, 'maxDistance': 587, 'distance': 3368.280029296875, 'averageSpeed': 3.11899995803833, 'maxSpeed': 5.440000057220459, 'numFalls': 0, 'elevationLoss': 20.0}, {'noOfSplits': 7, 'totalAscent': 10.0, 'duration': 420.0, 'splitType': 'INTERVAL_ACTIVE', 'numClimbSends': 0, 'maxElevationGain': 5.0, 'averageElevationGain': 1.0, 'maxDistance': 314, 'distance': 2110.919921875, 'averageSpeed': 5.026000022888184, 'maxSpeed': 5.560999870300293, 'numFalls': 0, 'elevationLoss': 6.0}, {'noOfSplits': 1, 'totalAscent': 12.0, 'duration': 900.0, 'splitType': 'INTERVAL_WARMUP', 'numClimbSends': 0, 'maxElevationGain': 12.0, 'averageElevationGain': 12.0, 'maxDistance': 3052, 'distance': 3052.659912109375, 'averageSpeed': 3.3919999599456787, 'maxSpeed': 4.021999835968018, 'numFalls': 0, 'elevationLoss': 30.0}, {'noOfSplits': 5, 'totalAscent': 5.0, 'duration': 61.5890007019043, 'splitType': 'RWD_WALK', 'numClimbSends': 0, 'maxElevationGain': 5.0, 'averageElevationGain': 1.0, 'maxDistance': 85, 'distance': 109.0199966430664, 'averageSpeed': 1.7699999809265137, 'maxSpeed': 2.0429999828338623, 'numFalls': 0, 'elevationLoss': 0.0}, {'noOfSplits': 8, 'totalAscent': 82.0, 'duration': 3435.903076171875, 'splitType': 'RWD_RUN', 'numClimbSends': 0, 'maxElevationGain': 23.0, 'averageElevationGain': 10.0, 'maxDistance': 3026, 'distance': 11987.650390625, 'averageSpeed': 3.489000082015991, 'maxSpeed': 5.560999870300293, 'numFalls': 0, 'elevationLoss': 85.0}, {'noOfSplits': 1, 'totalAscent': 32.0, 'duration': 1096.4639892578125, 'splitType': 'INTERVAL_COOLDOWN', 'numClimbSends': 0, 'maxElevationGain': 32.0, 'averageElevationGain': 32.0, 'maxDistance': 3567, 'distance': 3567.909912109375, 'averageSpeed': 3.253999948501587, 'maxSpeed': 5.24399995803833, 'numFalls': 0, 'elevationLoss': 29.0}]",True,2,65,-18.0,False,,,,,,False,False,False,False,False,False,False,False,False,374.0,631.0,391.0,9.51999969482422,254.60000610351562,7.800000190734863,3.4809999465942387,,,,,,,,,,,,,,,
16242321598,Concord Walking,2024-07-04 11:20:41,2024-07-04 15:20:41,"{'typeId': 9, 'typeKey': 'walking', 'parentTypeId': 17, 'isHidden': False, 'trimmable': True, 'restricted': False}","{'typeId': 9, 'typeKey': 'uncategorized', 'sortOrder': 10}",6254.47021484375,3601.31103515625,3601.9951171875,3549.4459838867188,95.0,92.0,1.7369999885559084,1.940999984741211,43.261305866762996,-71.5207989513874,True,False,118790142,ae52ea07-2874-4bde-8648-ac48be0f708d,Riley King,https://s3.amazonaws.com/garmin-connect-prod/profile_images/249fcc8d-9898-4d4a-abf5-ba07581a6fcd-prth.png,https://s3.amazonaws.com/garmin-connect-prod/profile_images/249fcc8d-9898-4d4a-abf5-ba07581a6fcd-prfr.png,https://s3.amazonaws.com/garmin-connect-prod/profile_images/249fcc8d-9898-4d4a-abf5-ba07581a6fcd-prof.png,402.0,91.0,88.0,112.0,117.03125,129.0,7186.0,"['SCOPE_GOLF_API_READ', 'SCOPE_ATP_READ', 'SCOPE_DIVE_API_WRITE', 'SCOPE_COMMUNITY_COURSE_ADMIN_READ', 'SCOPE_DIVE_API_READ', 'SCOPE_DI_OAUTH_2_CLIENT_READ', 'SCOPE_CONNECT_WRITE', 'SCOPE_COMMUNITY_COURSE_WRITE', 'SCOPE_MESSAGE_GENERATION_READ', 'SCOPE_DI_OAUTH_2_CLIENT_REVOCATION_ADMIN', 'SCOPE_CONNECT_WEB_TEMPLATE_RENDER', 'SCOPE_OMT_SUBSCRIPTION_ADMIN_READ', 'SCOPE_CONNECT_NON_SOCIAL_SHARED_READ', 'SCOPE_CONNECT_READ', 'SCOPE_DI_OAUTH_2_TOKEN_ADMIN', 'ROLE_CONNECTUSER', 'ROLE_FITNESS_USER', 'ROLE_WELLNESS_USER']","{'typeId': 4, 'typeKey': 'groups'}",False,False,149,1720106441000,11,1.2000000476837158,0.0,89.07824853101644,59.0,3461278113,116.19999694824219,175.8000030517578,129.0,{'summarizedDiveGases': []},0.4000091552734375,GARMIN,Concord,4,43.2616285700351,-71.52118309400976,590.0,RECOVERY,13.666030883789062,795.4459838867188,RECOVERY_5,NO_ANAEROBIC_BENEFIT_0,[],False,56,0,-11.0,False,,,,,,False,False,False,False,False,False,False,False,False,,,,,,,,,,,,,,,,,,,,,,
16230688509,Concord Hiking,2024-07-03 17:20:23,2024-07-03 21:20:23,"{'typeId': 3, 'typeKey': 'hiking', 'parentTypeId': 17, 'isHidden': False, 'trimmable': True, 'restricted': False}","{'typeId': 9, 'typeKey': 'uncategorized', 'sortOrder': 10}",8852.8203125,3931.4169921875,3931.4169921875,3931.0,232.0,226.0,2.252000093460083,3.742000102996826,43.26144693419337,-71.52094856835902,True,False,118790142,ae52ea07-2874-4bde-8648-ac48be0f708d,Riley King,https://s3.amazonaws.com/garmin-connect-prod/profile_images/249fcc8d-9898-4d4a-abf5-ba07581a6fcd-prth.png,https://s3.amazonaws.com/garmin-connect-prod/profile_images/249fcc8d-9898-4d4a-abf5-ba07581a6fcd-prfr.png,https://s3.amazonaws.com/garmin-connect-prod/profile_images/249fcc8d-9898-4d4a-abf5-ba07581a6fcd-prof.png,585.0,99.0,120.0,153.0,132.796875,247.0,8978.0,"['SCOPE_GOLF_API_READ', 'SCOPE_ATP_READ', 'SCOPE_DIVE_API_WRITE', 'SCOPE_COMMUNITY_COURSE_ADMIN_READ', 'SCOPE_DIVE_API_READ', 'SCOPE_DI_OAUTH_2_CLIENT_READ', 'SCOPE_CONNECT_WRITE', 'SCOPE_COMMUNITY_COURSE_WRITE', 'SCOPE_MESSAGE_GENERATION_READ', 'SCOPE_DI_OAUTH_2_CLIENT_REVOCATION_ADMIN', 'SCOPE_CONNECT_WEB_TEMPLATE_RENDER', 'SCOPE_OMT_SUBSCRIPTION_ADMIN_READ', 'SCOPE_CONNECT_NON_SOCIAL_SHARED_READ', 'SCOPE_CONNECT_READ', 'SCOPE_DI_OAUTH_2_TOKEN_ADMIN', 'ROLE_CONNECTUSER', 'ROLE_FITNESS_USER', 'ROLE_WELLNESS_USER']","{'typeId': 4, 'typeKey': 'groups'}",False,False,149,1720041623000,17,2.200000047683716,0.699999988079071,101.74098409540413,,3461278113,117.4000015258789,290.20001220703125,247.0,{'summarizedDiveGases': []},0.8000030517578125,GARMIN,Concord,1,43.26149848289788,-71.5211290307343,817.0,AEROBIC_BASE,42.53517150878906,3931.4169921875,MAINTAINING_AEROBIC_BASE_7,NO_ANAEROBIC_BENEFIT_0,[],False,38,26,-10.0,False,,,,,,False,False,False,False,False,False,False,False,False,,,,,,,,,,,,,,,,,,,,,,
16229845452,Concord Walking,2024-07-03 16:14:11,2024-07-03 20:14:11,"{'typeId': 9, 'typeKey': 'walking', 'parentTypeId': 17, 'isHidden': False, 'trimmable': True, 'restricted': False}","{'typeId': 9, 'typeKey': 'uncategorized', 'sortOrder': 10}",3338.8701171875,1907.759033203125,1907.759033203125,1906.822998046875,30.0,28.0,1.75,2.0429999828338623,43.261392284184694,-71.52099148370326,True,False,118790142,ae52ea07-2874-4bde-8648-ac48be0f708d,Riley King,https://s3.amazonaws.com/garmin-connect-prod/profile_images/249fcc8d-9898-4d4a-abf5-ba07581a6fcd-prth.png,https://s3.amazonaws.com/garmin-connect-prod/profile_images/249fcc8d-9898-4d4a-abf5-ba07581a6fcd-prfr.png,https://s3.amazonaws.com/garmin-connect-prod/profile_images/249fcc8d-9898-4d4a-abf5-ba07581a6fcd-prof.png,215.0,48.0,95.0,117.0,118.484375,134.0,3814.0,"['SCOPE_GOLF_API_READ', 'SCOPE_ATP_READ', 'SCOPE_DIVE_API_WRITE', 'SCOPE_COMMUNITY_COURSE_ADMIN_READ', 'SCOPE_DIVE_API_READ', 'SCOPE_DI_OAUTH_2_CLIENT_READ', 'SCOPE_CONNECT_WRITE', 'SCOPE_COMMUNITY_COURSE_WRITE', 'SCOPE_MESSAGE_GENERATION_READ', 'SCOPE_DI_OAUTH_2_CLIENT_REVOCATION_ADMIN', 'SCOPE_CONNECT_WEB_TEMPLATE_RENDER', 'SCOPE_OMT_SUBSCRIPTION_ADMIN_READ', 'SCOPE_CONNECT_NON_SOCIAL_SHARED_READ', 'SCOPE_CONNECT_READ', 'SCOPE_DI_OAUTH_2_TOKEN_ADMIN', 'ROLE_CONNECTUSER', 'ROLE_FITNESS_USER', 'ROLE_WELLNESS_USER']","{'typeId': 4, 'typeKey': 'groups'}",False,False,149,1720037651000,11,0.6000000238418579,0.0,88.61283288044581,59.0,3461278113,102.4000015258789,121.5999984741211,134.0,{'summarizedDiveGases': []},0.3333333333333333,GARMIN,Concord,3,43.26159328222275,-71.52122424915433,363.0,RECOVERY,7.73492431640625,76.822998046875,RECOVERY_5,NO_ANAEROBIC_BENEFIT_0,[],False,28,0,-4.0,False,,,,,,False,False,False,False,False,False,False,False,False,,,,,,,,,,,,,,,,,,,,,,
16213434859,Concord - Base,2024-07-02 17:00:20,2024-07-02 21:00:20,"{'typeId': 1, 'typeKey': 'running', 'parentTypeId': 17, 'isHidden': False, 'trimmable': True, 'restricted': False}","{'typeId': 9, 'typeKey': 'uncategorized', 'sortOrder': 10}",9750.1201171875,2815.320068359375,2815.320068359375,2812.587989807129,78.0,73.0,3.4630000591278076,4.255000114440918,43.26134383678436,-71.52085963636637,True,False,118790142,ae52ea07-2874-4bde-8648-ac48be0f708d,Riley King,https://s3.amazonaws.com/garmin-connect-prod/profile_images/249fcc8d-9898-4d4a-abf5-ba07581a6fcd-prth.png,https://s3.amazonaws.com/garmin-connect-prod/profile_images/249fcc8d-9898-4d4a-abf5-ba07581a6fcd-prfr.png,https://s3.amazonaws.com/garmin-connect-prod/profile_images/249fcc8d-9898-4d4a-abf5-ba07581a6fcd-prof.png,706.0,71.0,151.0,171.0,167.890625,174.0,7902.0,"['SCOPE_GOLF_API_READ', 'SCOPE_ATP_READ', 'SCOPE_DIVE_API_WRITE', 'SCOPE_COMMUNITY_COURSE_ADMIN_READ', 'SCOPE_DIVE_API_READ', 'SCOPE_DI_OAUTH_2_CLIENT_READ', 'SCOPE_CONNECT_WRITE', 'SCOPE_COMMUNITY_COURSE_WRITE', 'SCOPE_MESSAGE_GENERATION_READ', 'SCOPE_DI_OAUTH_2_CLIENT_REVOCATION_ADMIN', 'SCOPE_CONNECT_WEB_TEMPLATE_RENDER', 'SCOPE_OMT_SUBSCRIPTION_ADMIN_READ', 'SCOPE_CONNECT_NON_SOCIAL_SHARED_READ', 'SCOPE_CONNECT_READ', 'SCOPE_DI_OAUTH_2_TOKEN_ADMIN', 'ROLE_CONNECTUSER', 'ROLE_FITNESS_USER', 'ROLE_WELLNESS_USER']","{'typeId': 4, 'typeKey': 'groups'}",False,False,149,1719954020000,1,3.5,0.0,123.96999511718751,59.0,3461278113,82.4000015258789,122.5999984741211,174.0,{'summarizedDiveGases': []},0.5999984741210938,GARMIN,Concord,7,43.26131927780807,-71.52074036188424,781.0,TEMPO,119.70962524414062,70.7020034790039,IMPROVING_AEROBIC_FITNESS_2,NO_ANAEROBIC_BENEFIT_0,"[{'noOfSplits': 1, 'totalAscent': 78.0, 'duration': 2815.217041015625, 'splitType': 'RWD_RUN', 'numClimbSends': 0, 'maxElevationGain': 78.0, 'averageElevationGain': 78.0, 'maxDistance': 9750, 'distance': 9750.1298828125, 'averageSpeed': 3.4630000591278076, 'maxSpeed': 4.255000114440918, 'numFalls': 0, 'elevationLoss': 73.0}, {'noOfSplits': 1, 'totalAscent': 78.0, 'duration': 2815.320068359375, 'splitType': 'INTERVAL_ACTIVE', 'numClimbSends': 0, 'maxElevationGain': 78.0, 'averageElevationGain': 78.0, 'maxDistance': 9750, 'distance': 9750.1298828125, 'averageSpeed': 3.4630000591278076, 'maxSpeed': 4.255000114440918, 'numFalls': 0, 'elevationLoss': 73.0}]",True,1,45,-14.0,False,,,,,,False,False,False,False,False,False,False,False,False,377.0,560.0,385.0,9.690000152587892,255.6999969482422,7.820000171661377,3.497999906539917,,,,,,,,,,,,,,,
16196010845,Concord Walking,2024-07-01 16:45:36,2024-07-01 20:45:36,"{'typeId': 9, 'typeKey': 'walking', 'parentTypeId': 17, 'isHidden': False, 'trimmable': True, 'restricted': False}","{'typeId': 9, 'typeKey': 'uncategorized', 'sortOrder': 10}",6802.64990234375,3758.863037109375,3758.863037109375,3758.614990234375,66.0,64.0,1.809999942779541,2.0429999828338623,43.261423129588366,-71.52101394720376,True,False,118790142,ae52ea07-2874-4bde-8648-ac48be0f708d,Riley King,https://s3.amazonaws.com/garmin-connect-prod/profile_images/249fcc8d-9898-4d4a-abf5-ba07581a6fcd-prth.png,https://s3.amazonaws.com/garmin-connect-prod/profile_images/249fcc8d-9898-4d4a-abf5-ba07581a6fcd-prfr.png,https://s3.amazonaws.com/garmin-connect-prod/profile_images/249fcc8d-9898-4d4a-abf5-ba07581a6fcd-prof.png,439.0,95.0,94.0,119.0,116.765625,250.0,7652.0,"['SCOPE_GOLF_API_READ', 'SCOPE_ATP_READ', 'SCOPE_DIVE_API_WRITE', 'SCOPE_COMMUNITY_COURSE_ADMIN_READ', 'SCOPE_DIVE_API_READ', 'SCOPE_DI_OAUTH_2_CLIENT_READ', 'SCOPE_CONNECT_WRITE', 'SCOPE_COMMUNITY_COURSE_WRITE', 'SCOPE_MESSAGE_GENERATION_READ', 'SCOPE_DI_OAUTH_2_CLIENT_REVOCATION_ADMIN', 'SCOPE_CONNECT_WEB_TEMPLATE_RENDER', 'SCOPE_OMT_SUBSCRIPTION_ADMIN_READ', 'SCOPE_CONNECT_NON_SOCIAL_SHARED_READ', 'SCOPE_CONNECT_READ', 'SCOPE_DI_OAUTH_2_TOKEN_ADMIN', 'ROLE_CONNECTUSER', 'ROLE_FITNESS_USER', 'ROLE_WELLNESS_USER']","{'typeId': 4, 'typeKey': 'groups'}",False,False,149,1719866736000,11,1.2999999523162842,0.0,92.98306708485401,59.0,3461278113,101.0,121.19999694824219,250.0,{'summarizedDiveGases': []},0.40000152587890625,GARMIN,Concord,5,43.261482222005725,-71.5210545156151,612.0,RECOVERY,15.7333984375,192.83599853515625,RECOVERY_5,NO_ANAEROBIC_BENEFIT_0,[],False,61,1,-9.0,False,,,,,,False,False,False,False,False,False,False,False,False,,,,,,,,,,,,,,,,,,,,,,
16177954842,Concord Running,2024-06-30 12:11:35,2024-06-30 16:11:35,"{'typeId': 1, 'typeKey': 'running', 'parentTypeId': 17, 'isHidden': False, 'trimmable': True, 'restricted': False}","{'typeId': 9, 'typeKey': 'uncategorized', 'sortOrder': 10}",10173.1796875,3893.76806640625,3893.76806640625,3884.77099609375,70.0,79.0,2.61299991607666,4.609000205993652,43.26144500635564,-71.52102031745017,True,False,118790142,ae52ea07-2874-4bde-8648-ac48be0f708d,Riley King,https://s3.amazonaws.com/garmin-connect-prod/profile_images/249fcc8d-9898-4d4a-abf5-ba07581a6fcd-prth.png,https://s3.amazonaws.com/garmin-connect-prod/profile_images/249fcc8d-9898-4d4a-abf5-ba07581a6fcd-prfr.png,https://s3.amazonaws.com/garmin-connect-prod/profile_images/249fcc8d-9898-4d4a-abf5-ba07581a6fcd-prof.png,738.0,98.0,139.0,175.0,136.859375,238.0,9220.0,"['SCOPE_GOLF_API_READ', 'SCOPE_ATP_READ', 'SCOPE_DIVE_API_WRITE', 'SCOPE_COMMUNITY_COURSE_ADMIN_READ', 'SCOPE_DIVE_API_READ', 'SCOPE_DI_OAUTH_2_CLIENT_READ', 'SCOPE_CONNECT_WRITE', 'SCOPE_COMMUNITY_COURSE_WRITE', 'SCOPE_MESSAGE_GENERATION_READ', 'SCOPE_DI_OAUTH_2_CLIENT_REVOCATION_ADMIN', 'SCOPE_CONNECT_WEB_TEMPLATE_RENDER', 'SCOPE_OMT_SUBSCRIPTION_ADMIN_READ', 'SCOPE_CONNECT_NON_SOCIAL_SHARED_READ', 'SCOPE_CONNECT_READ', 'SCOPE_DI_OAUTH_2_TOKEN_ADMIN', 'ROLE_CONNECTUSER', 'ROLE_FITNESS_USER', 'ROLE_WELLNESS_USER']","{'typeId': 4, 'typeKey': 'groups'}",False,False,149,1719763895000,1,3.4000000953674316,0.0,107.40999755859376,59.0,3461278113,76.0,119.4000015258789,238.0,{'summarizedDiveGases': []},0.8000030517578125,GARMIN,Concord,7,43.24381794780493,-71.52480424381793,1076.0,AEROBIC_BASE,108.24458312988281,235.30299377441406,IMPROVING_AEROBIC_BASE_8,NO_ANAEROBIC_BENEFIT_0,"[{'noOfSplits': 13, 'totalAscent': 29.0, 'duration': 2194.0009765625, 'splitType': 'RWD_RUN', 'numClimbSends': 0, 'maxElevationGain': 12.0, 'averageElevationGain': 2.0, 'maxDistance': 4860, 'distance': 7401.35009765625, 'averageSpeed': 3.372999906539917, 'maxSpeed': 4.609000205993652, 'numFalls': 0, 'elevationLoss': 72.0}, {'noOfSplits': 13, 'totalAscent': 41.0, 'duration': 1699.655029296875, 'splitType': 'RWD_WALK', 'numClimbSends': 0, 'maxElevationGain': 32.0, 'averageElevationGain': 3.0, 'maxDistance': 1000, 'distance': 2771.820068359375, 'averageSpeed': 1.63100004196167, 'maxSpeed': 2.183000087738037, 'numFalls': 0, 'elevationLoss': 6.0}, {'noOfSplits': 1, 'totalAscent': 70.0, 'duration': 3893.76806640625, 'splitType': 'INTERVAL_ACTIVE', 'numClimbSends': 0, 'maxElevationGain': 70.0, 'averageElevationGain': 70.0, 'maxDistance': 10173, 'distance': 10173.169921875, 'averageSpeed': 2.61299991607666, 'maxSpeed': 4.609000205993652, 'numFalls': 0, 'elevationLoss': 79.0}]",True,25,38,-13.0,False,,,,,,False,False,False,False,False,False,False,False,False,265.0,590.0,338.0,8.15999984741211,262.1000061035156,7.610000133514404,2.6329998970031734,,,,,,,,,,,,,,,
16160809427,Jefferson Hiking,2024-06-29 08:13:20,2024-06-29 12:13:20,"{'typeId': 3, 'typeKey': 'hiking', 'parentTypeId': 17, 'isHidden': False, 'trimmable': True, 'restricted': False}","{'typeId': 9, 'typeKey': 'uncategorized', 'sortOrder': 10}",20125.119140625,16878.9765625,16878.9765625,13366.0,960.0,1040.0,1.1920000314712524,3.815999984741211,44.418483171612024,-71.46740178577602,True,False,118790142,ae52ea07-2874-4bde-8648-ac48be0f708d,Riley King,https://s3.amazonaws.com/garmin-connect-prod/profile_images/249fcc8d-9898-4d4a-abf5-ba07581a6fcd-prth.png,https://s3.amazonaws.com/garmin-connect-prod/profile_images/249fcc8d-9898-4d4a-abf5-ba07581a6fcd-prfr.png,https://s3.amazonaws.com/garmin-connect-prod/profile_images/249fcc8d-9898-4d4a-abf5-ba07581a6fcd-prof.png,1771.0,425.0,108.0,165.0,83.546875,248.0,25822.0,"['SCOPE_GOLF_API_READ', 'SCOPE_ATP_READ', 'SCOPE_DIVE_API_WRITE', 'SCOPE_COMMUNITY_COURSE_ADMIN_READ', 'SCOPE_DIVE_API_READ', 'SCOPE_DI_OAUTH_2_CLIENT_READ', 'SCOPE_CONNECT_WRITE', 'SCOPE_COMMUNITY_COURSE_WRITE', 'SCOPE_MESSAGE_GENERATION_READ', 'SCOPE_DI_OAUTH_2_CLIENT_REVOCATION_ADMIN', 'SCOPE_CONNECT_WEB_TEMPLATE_RENDER', 'SCOPE_OMT_SUBSCRIPTION_ADMIN_READ', 'SCOPE_CONNECT_NON_SOCIAL_SHARED_READ', 'SCOPE_CONNECT_READ', 'SCOPE_DI_OAUTH_2_TOKEN_ADMIN', 'ROLE_CONNECTUSER', 'ROLE_FITNESS_USER', 'ROLE_WELLNESS_USER']","{'typeId': 4, 'typeKey': 'groups'}",False,False,149,1719663200000,17,2.9000000953674316,1.7000000476837158,85.62752479402499,,3461278113,330.79998779296875,1228.199951171875,248.0,{'summarizedDiveGases': []},0.8000488281250001,GARMIN,Jefferson,1,44.35322804376483,-71.46660231985152,2249.0,AEROBIC_BASE,85.32415771484375,16878.9765625,MAINTAINING_AEROBIC_BASE_7,MINOR_ANAEROBIC_BENEFIT_15,[],False,132,43,-36.0,False,,,,,,False,False,False,False,False,False,False,False,False,,,,,,,,,,,,,,,,,,,,,,
16148201915,Jefferson Walking,2024-06-28 18:32:39,2024-06-28 22:32:39,"{'typeId': 9, 'typeKey': 'walking', 'parentTypeId': 17, 'isHidden': False, 'trimmable': True, 'restricted': False}","{'typeId': 9, 'typeKey': 'uncategorized', 'sortOrder': 10}",9732.0302734375,5179.79296875,5179.79296875,5155.9429931640625,73.0,74.0,1.878999948501587,3.507999897003174,44.353690054267645,-71.4671123586595,True,False,118790142,ae52ea07-2874-4bde-8648-ac48be0f708d,Riley King,https://s3.amazonaws.com/garmin-connect-prod/profile_images/249fcc8d-9898-4d4a-abf5-ba07581a6fcd-prth.png,https://s3.amazonaws.com/garmin-connect-prod/profile_images/249fcc8d-9898-4d4a-abf5-ba07581a6fcd-prfr.png,https://s3.amazonaws.com/garmin-connect-prod/profile_images/249fcc8d-9898-4d4a-abf5-ba07581a6fcd-prof.png,639.0,130.0,99.0,117.0,121.8125,245.0,10696.0,"['SCOPE_GOLF_API_READ', 'SCOPE_ATP_READ', 'SCOPE_DIVE_API_WRITE', 'SCOPE_COMMUNITY_COURSE_ADMIN_READ', 'SCOPE_DIVE_API_READ', 'SCOPE_DI_OAUTH_2_CLIENT_READ', 'SCOPE_CONNECT_WRITE', 'SCOPE_COMMUNITY_COURSE_WRITE', 'SCOPE_MESSAGE_GENERATION_READ', 'SCOPE_DI_OAUTH_2_CLIENT_REVOCATION_ADMIN', 'SCOPE_CONNECT_WEB_TEMPLATE_RENDER', 'SCOPE_OMT_SUBSCRIPTION_ADMIN_READ', 'SCOPE_CONNECT_NON_SOCIAL_SHARED_READ', 'SCOPE_CONNECT_READ', 'SCOPE_DI_OAUTH_2_TOKEN_ADMIN', 'ROLE_CONNECTUSER', 'ROLE_FITNESS_USER', 'ROLE_WELLNESS_USER']","{'typeId': 4, 'typeKey': 'groups'}",False,False,149,1719613959000,11,2.0,0.0,92.5418658385044,59.0,3461278113,330.20001220703125,395.79998779296875,245.0,{'summarizedDiveGases': []},0.399993896484375,GARMIN,Jefferson,7,44.35381293296814,-71.46709769032896,675.0,RECOVERY,23.273101806640625,39.70199966430664,MINOR_AEROBIC_BENEFIT_0,NO_ANAEROBIC_BENEFIT_0,[],False,82,1,-9.0,False,,,,,,False,False,False,False,False,False,False,False,False,,,,,,,,,,,,,,,,,,,,,,
16132703343,Concord - VO2 Max,2024-06-27 18:20:27,2024-06-27 22:20:27,"{'typeId': 1, 'typeKey': 'running', 'parentTypeId': 17, 'isHidden': False, 'trimmable': True, 'restricted': False}","{'typeId': 9, 'typeKey': 'uncategorized', 'sortOrder': 10}",10791.4697265625,3200.93603515625,3804.951904296875,3180.5679664611816,197.0,180.0,3.371000051498413,5.560999870300292,43.260957431048155,-71.52098536491394,True,False,118790142,ae52ea07-2874-4bde-8648-ac48be0f708d,Riley King,https://s3.amazonaws.com/garmin-connect-prod/profile_images/249fcc8d-9898-4d4a-abf5-ba07581a6fcd-prth.png,https://s3.amazonaws.com/garmin-connect-prod/profile_images/249fcc8d-9898-4d4a-abf5-ba07581a6fcd-prfr.png,https://s3.amazonaws.com/garmin-connect-prod/profile_images/249fcc8d-9898-4d4a-abf5-ba07581a6fcd-prof.png,801.0,81.0,153.0,178.0,160.234375,246.0,8596.0,"['SCOPE_GOLF_API_READ', 'SCOPE_ATP_READ', 'SCOPE_DIVE_API_WRITE', 'SCOPE_COMMUNITY_COURSE_ADMIN_READ', 'SCOPE_DIVE_API_READ', 'SCOPE_DI_OAUTH_2_CLIENT_READ', 'SCOPE_CONNECT_WRITE', 'SCOPE_COMMUNITY_COURSE_WRITE', 'SCOPE_MESSAGE_GENERATION_READ', 'SCOPE_DI_OAUTH_2_CLIENT_REVOCATION_ADMIN', 'SCOPE_CONNECT_WEB_TEMPLATE_RENDER', 'SCOPE_OMT_SUBSCRIPTION_ADMIN_READ', 'SCOPE_CONNECT_NON_SOCIAL_SHARED_READ', 'SCOPE_CONNECT_READ', 'SCOPE_DI_OAUTH_2_TOKEN_ADMIN', 'ROLE_CONNECTUSER', 'ROLE_FITNESS_USER', 'ROLE_WELLNESS_USER']","{'typeId': 4, 'typeKey': 'groups'}",False,False,149,1719526827000,1,3.9000000953674316,0.6000000238418579,123.49000244140626,60.0,3461278113,101.5999984741211,197.39999389648438,246.0,{'summarizedDiveGases': []},1.0,GARMIN,Concord,21,43.26136277988553,-71.52083264663815,888.0,TEMPO,150.4605712890625,29.944000244140625,IMPACTING_TEMPO_22,NO_ANAEROBIC_BENEFIT_0,"[{'noOfSplits': 8, 'totalAscent': 40.0, 'duration': 960.0, 'splitType': 'INTERVAL_ACTIVE', 'numClimbSends': 0, 'maxElevationGain': 14.0, 'averageElevationGain': 5.0, 'maxDistance': 536, 'distance': 4087.4599609375, 'averageSpeed': 4.257999897003174, 'maxSpeed': 4.7870001792907715, 'numFalls': 0, 'elevationLoss': 32.0}, {'noOfSplits': 10, 'totalAscent': 29.0, 'duration': 219.1280059814453, 'splitType': 'RWD_WALK', 'numClimbSends': 0, 'maxElevationGain': 21.0, 'averageElevationGain': 3.0, 'maxDistance': 101, 'distance': 337.6499938964844, 'averageSpeed': 1.5410000085830688, 'maxSpeed': 2.1089999675750732, 'numFalls': 0, 'elevationLoss': 1.0}, {'noOfSplits': 1, 'totalAscent': 0.0, 'duration': 13.0, 'splitType': 'RWD_STAND', 'numClimbSends': 0, 'maxElevationGain': 0.0, 'averageElevationGain': 0.0, 'maxDistance': 9, 'distance': 9.300000190734863, 'averageSpeed': 0.7149999737739563, 'maxSpeed': 0.25200000405311584, 'numFalls': 0, 'elevationLoss': 0.0}, {'noOfSplits': 7, 'totalAscent': 16.0, 'duration': 420.0, 'splitType': 'INTERVAL_RECOVERY', 'numClimbSends': 0, 'maxElevationGain': 7.0, 'averageElevationGain': 2.0, 'maxDistance': 181, 'distance': 1112.5799560546875, 'averageSpeed': 2.6489999294281006, 'maxSpeed': 4.48799991607666, 'numFalls': 0, 'elevationLoss': 5.0}, {'noOfSplits': 1, 'totalAscent': 44.0, 'duration': 600.0, 'splitType': 'INTERVAL_WARMUP', 'numClimbSends': 0, 'maxElevationGain': 44.0, 'averageElevationGain': 44.0, 'maxDistance': 2039, 'distance': 2039.72998046875, 'averageSpeed': 3.4000000953674316, 'maxSpeed': 3.563999891281128, 'numFalls': 0, 'elevationLoss': 25.0}, {'noOfSplits': 10, 'totalAscent': 168.0, 'duration': 2968.69189453125, 'splitType': 'RWD_RUN', 'numClimbSends': 0, 'maxElevationGain': 78.0, 'averageElevationGain': 17.0, 'maxDistance': 5390, 'distance': 10444.51953125, 'averageSpeed': 3.5179998874664307, 'maxSpeed': 5.560999870300293, 'numFalls': 0, 'elevationLoss': 179.0}, {'noOfSplits': 1, 'totalAscent': 97.0, 'duration': 1220.800048828125, 'splitType': 'INTERVAL_COOLDOWN', 'numClimbSends': 0, 'maxElevationGain': 97.0, 'averageElevationGain': 97.0, 'maxDistance': 3555, 'distance': 3555.52001953125, 'averageSpeed': 2.9119999408721924, 'maxSpeed': 5.560999870300293, 'numFalls': 0, 'elevationLoss': 117.0}]",True,0,62,-14.0,False,,,,,,False,False,False,False,False,False,False,False,False,369.0,625.0,402.0,9.4,254.60000610351562,7.75,3.4619998931884766,,,,,,,,,,,,,,,
16115378944,Concord Hiking,2024-06-26 16:50:11,2024-06-26 20:50:11,"{'typeId': 3, 'typeKey': 'hiking', 'parentTypeId': 17, 'isHidden': False, 'trimmable': True, 'restricted': False}","{'typeId': 9, 'typeKey': 'uncategorized', 'sortOrder': 10}",5415.81982421875,3531.75,3531.75,3499.0,90.0,89.0,1.5329999923706055,2.015000104904175,43.26152111403644,-71.52048345655203,True,False,118790142,ae52ea07-2874-4bde-8648-ac48be0f708d,Riley King,https://s3.amazonaws.com/garmin-connect-prod/profile_images/249fcc8d-9898-4d4a-abf5-ba07581a6fcd-prth.png,https://s3.amazonaws.com/garmin-connect-prod/profile_images/249fcc8d-9898-4d4a-abf5-ba07581a6fcd-prfr.png,https://s3.amazonaws.com/garmin-connect-prod/profile_images/249fcc8d-9898-4d4a-abf5-ba07581a6fcd-prof.png,264.0,89.0,88.0,107.0,110.703125,211.0,6666.0,"['SCOPE_GOLF_API_READ', 'SCOPE_ATP_READ', 'SCOPE_DIVE_API_WRITE', 'SCOPE_COMMUNITY_COURSE_ADMIN_READ', 'SCOPE_DIVE_API_READ', 'SCOPE_DI_OAUTH_2_CLIENT_READ', 'SCOPE_CONNECT_WRITE', 'SCOPE_COMMUNITY_COURSE_WRITE', 'SCOPE_MESSAGE_GENERATION_READ', 'SCOPE_DI_OAUTH_2_CLIENT_REVOCATION_ADMIN', 'SCOPE_CONNECT_WEB_TEMPLATE_RENDER', 'SCOPE_OMT_SUBSCRIPTION_ADMIN_READ', 'SCOPE_CONNECT_NON_SOCIAL_SHARED_READ', 'SCOPE_CONNECT_READ', 'SCOPE_DI_OAUTH_2_TOKEN_ADMIN', 'ROLE_CONNECTUSER', 'ROLE_FITNESS_USER', 'ROLE_WELLNESS_USER']","{'typeId': 4, 'typeKey': 'groups'}",False,False,149,1719435011000,17,0.20000000298023224,0.0,83.1123617547623,,3461278113,113.80000305175781,162.0,211.0,{'summarizedDiveGases': []},0.600006103515625,GARMIN,Concord,1,43.261570734903216,-71.52126473374665,538.0,UNKNOWN,2.96929931640625,3531.75,NO_AEROBIC_BENEFIT_18,NO_ANAEROBIC_BENEFIT_0,[],False,28,0,-6.0,False,,,,,,False,False,False,False,False,False,False,False,False,,,,,,,,,,,,,,,,,,,,,,
16097700453,Concord Hiking,2024-06-25 16:32:27,2024-06-25 20:32:27,"{'typeId': 3, 'typeKey': 'hiking', 'parentTypeId': 17, 'isHidden': False, 'trimmable': True, 'restricted': False}","{'typeId': 9, 'typeKey': 'uncategorized', 'sortOrder': 10}",3705.300048828125,2729.256103515625,2729.256103515625,2539.0,142.0,141.0,1.3580000400543213,2.1089999675750732,43.26140334829688,-71.52090297080576,True,False,118790142,ae52ea07-2874-4bde-8648-ac48be0f708d,Riley King,https://s3.amazonaws.com/garmin-connect-prod/profile_images/249fcc8d-9898-4d4a-abf5-ba07581a6fcd-prth.png,https://s3.amazonaws.com/garmin-connect-prod/profile_images/249fcc8d-9898-4d4a-abf5-ba07581a6fcd-prfr.png,https://s3.amazonaws.com/garmin-connect-prod/profile_images/249fcc8d-9898-4d4a-abf5-ba07581a6fcd-prof.png,271.0,69.0,100.0,125.0,92.546875,236.0,4786.0,"['SCOPE_GOLF_API_READ', 'SCOPE_ATP_READ', 'SCOPE_DIVE_API_WRITE', 'SCOPE_COMMUNITY_COURSE_ADMIN_READ', 'SCOPE_DIVE_API_READ', 'SCOPE_DI_OAUTH_2_CLIENT_READ', 'SCOPE_CONNECT_WRITE', 'SCOPE_COMMUNITY_COURSE_WRITE', 'SCOPE_MESSAGE_GENERATION_READ', 'SCOPE_DI_OAUTH_2_CLIENT_REVOCATION_ADMIN', 'SCOPE_CONNECT_WEB_TEMPLATE_RENDER', 'SCOPE_OMT_SUBSCRIPTION_ADMIN_READ', 'SCOPE_CONNECT_NON_SOCIAL_SHARED_READ', 'SCOPE_CONNECT_READ', 'SCOPE_DI_OAUTH_2_TOKEN_ADMIN', 'ROLE_CONNECTUSER', 'ROLE_FITNESS_USER', 'ROLE_WELLNESS_USER']","{'typeId': 4, 'typeKey': 'groups'}",False,False,149,1719347547000,17,0.699999988079071,0.0,88.01740975982342,,3461278113,118.4000015258789,214.1999969482422,236.0,{'summarizedDiveGases': []},0.8000030517578125,GARMIN,Concord,1,43.26145674102008,-71.52100397273898,470.0,RECOVERY,8.46832275390625,2729.256103515625,RECOVERY_5,NO_ANAEROBIC_BENEFIT_0,"[{'totalAscent': 142.0, 'duration': 2729.256103515625, 'splitType': 'INTERVAL_ACTIVE', 'numClimbSends': 0, 'maxElevationGain': 142.0, 'averageElevationGain': 142.0, 'maxDistance': 3705, 'distance': 3705.300048828125, 'averageSpeed': 1.3576227031443597, 'maxSpeed': 2.1089999675750732, 'numFalls': 0, 'elevationLoss': 141.0}]",False,26,4,-6.0,False,,,,,,False,False,False,False,False,False,False,False,False,,,,,,,,,,,,,,,,,,,,,,
16079628062,Waterville Valley Hiking,2024-06-24 13:45:47,2024-06-24 17:45:47,"{'typeId': 3, 'typeKey': 'hiking', 'parentTypeId': 17, 'isHidden': False, 'trimmable': True, 'restricted': False}","{'typeId': 9, 'typeKey': 'uncategorized', 'sortOrder': 10}",10179.73046875,10563.814453125,10563.814453125,8105.0,811.0,819.0,0.9639999866485596,2.8269999027252193,43.96664863452315,-71.5268486738205,True,False,118790142,ae52ea07-2874-4bde-8648-ac48be0f708d,Riley King,https://s3.amazonaws.com/garmin-connect-prod/profile_images/249fcc8d-9898-4d4a-abf5-ba07581a6fcd-prth.png,https://s3.amazonaws.com/garmin-connect-prod/profile_images/249fcc8d-9898-4d4a-abf5-ba07581a6fcd-prfr.png,https://s3.amazonaws.com/garmin-connect-prod/profile_images/249fcc8d-9898-4d4a-abf5-ba07581a6fcd-prof.png,1005.0,266.0,101.0,149.0,76.078125,247.0,15732.0,"['SCOPE_GOLF_API_READ', 'SCOPE_ATP_READ', 'SCOPE_DIVE_API_WRITE', 'SCOPE_COMMUNITY_COURSE_ADMIN_READ', 'SCOPE_DIVE_API_READ', 'SCOPE_DI_OAUTH_2_CLIENT_READ', 'SCOPE_CONNECT_WRITE', 'SCOPE_COMMUNITY_COURSE_WRITE', 'SCOPE_MESSAGE_GENERATION_READ', 'SCOPE_DI_OAUTH_2_CLIENT_REVOCATION_ADMIN', 'SCOPE_CONNECT_WEB_TEMPLATE_RENDER', 'SCOPE_OMT_SUBSCRIPTION_ADMIN_READ', 'SCOPE_CONNECT_NON_SOCIAL_SHARED_READ', 'SCOPE_CONNECT_READ', 'SCOPE_DI_OAUTH_2_TOKEN_ADMIN', 'ROLE_CONNECTUSER', 'ROLE_FITNESS_USER', 'ROLE_WELLNESS_USER']","{'typeId': 4, 'typeKey': 'groups'}",False,False,149,1719251147000,17,1.899999976158142,0.30000001192092896,75.99884018186755,,3461278113,549.5999755859375,1227.199951171875,247.0,{'summarizedDiveGases': []},0.5999755859375,GARMIN,Waterville Valley,1,43.966410756111145,-71.52690449729562,1416.0,AEROBIC_BASE,25.742950439453125,10563.814453125,MINOR_AEROBIC_BENEFIT_6,NO_ANAEROBIC_BENEFIT_0,"[{'totalAscent': 811.0, 'duration': 10563.814453125, 'splitType': 'INTERVAL_ACTIVE', 'numClimbSends': 0, 'maxElevationGain': 811.0, 'averageElevationGain': 811.0, 'maxDistance': 10179, 'distance': 10179.73046875, 'averageSpeed': 0.9636415438685237, 'maxSpeed': 2.8269999027252197, 'numFalls': 0, 'elevationLoss': 819.0}]",False,71,22,-19.0,False,,,,,,False,False,False,False,False,False,False,False,False,,,,,,,,,,,,,,,,,,,,,,
16065018410,Long Run,2024-06-23 19:50:48,2024-06-23 23:50:48,"{'typeId': 18, 'typeKey': 'treadmill_running', 'parentTypeId': 1, 'isHidden': False, 'trimmable': True, 'restricted': False}","{'typeId': 9, 'typeKey': 'uncategorized', 'sortOrder': 10}",14326.41015625,4153.69091796875,4153.69091796875,4131.305999755859,,,3.4489998817443848,4.35699987411499,,,False,False,118790142,ae52ea07-2874-4bde-8648-ac48be0f708d,Riley King,https://s3.amazonaws.com/garmin-connect-prod/profile_images/249fcc8d-9898-4d4a-abf5-ba07581a6fcd-prth.png,https://s3.amazonaws.com/garmin-connect-prod/profile_images/249fcc8d-9898-4d4a-abf5-ba07581a6fcd-prfr.png,https://s3.amazonaws.com/garmin-connect-prod/profile_images/249fcc8d-9898-4d4a-abf5-ba07581a6fcd-prof.png,795.0,105.0,135.0,145.0,163.390625,172.0,11318.0,"['SCOPE_GOLF_API_READ', 'SCOPE_ATP_READ', 'SCOPE_DIVE_API_WRITE', 'SCOPE_COMMUNITY_COURSE_ADMIN_READ', 'SCOPE_DIVE_API_READ', 'SCOPE_DI_OAUTH_2_CLIENT_READ', 'SCOPE_CONNECT_WRITE', 'SCOPE_COMMUNITY_COURSE_WRITE', 'SCOPE_MESSAGE_GENERATION_READ', 'SCOPE_DI_OAUTH_2_CLIENT_REVOCATION_ADMIN', 'SCOPE_CONNECT_WEB_TEMPLATE_RENDER', 'SCOPE_OMT_SUBSCRIPTION_ADMIN_READ', 'SCOPE_CONNECT_NON_SOCIAL_SHARED_READ', 'SCOPE_CONNECT_READ', 'SCOPE_DI_OAUTH_2_TOKEN_ADMIN', 'ROLE_CONNECTUSER', 'ROLE_FITNESS_USER', 'ROLE_WELLNESS_USER']","{'typeId': 4, 'typeKey': 'groups'}",False,False,149,1719186648000,1,2.700000047683716,0.0,127.20999755859376,,3461278113,,,172.0,{'summarizedDiveGases': []},,GARMIN,,10,,,1152.0,AEROBIC_BASE,54.376373291015625,13.690999984741211,MAINTAINING_AEROBIC_BASE_7,NO_ANAEROBIC_BENEFIT_0,"[{'noOfSplits': 1, 'duration': 4153.69091796875, 'splitType': 'INTERVAL_ACTIVE', 'numClimbSends': 0, 'maxDistance': 14326, 'distance': 14326.419921875, 'averageSpeed': 3.4489998817443848, 'maxSpeed': 4.35699987411499, 'numFalls': 0}, {'noOfSplits': 1, 'duration': 5.0, 'splitType': 'RWD_WALK', 'numClimbSends': 0, 'maxDistance': 0, 'distance': 0.0, 'averageSpeed': 0.0, 'maxSpeed': 0.0, 'numFalls': 0}, {'noOfSplits': 2, 'duration': 4149.9990234375, 'splitType': 'RWD_RUN', 'numClimbSends': 0, 'maxDistance': 10361, 'distance': 14326.419921875, 'averageSpeed': 3.4519999027252197, 'maxSpeed': 4.35699987411499, 'numFalls': 0}, {'noOfSplits': 2, 'duration': 3.566999912261963, 'splitType': 'RWD_STAND', 'numClimbSends': 0, 'maxDistance': 0, 'distance': 0.0, 'averageSpeed': 0.0, 'maxSpeed': 0.0, 'numFalls': 0}]",True,2,67,-12.0,False,,,,,,False,False,False,False,False,False,False,False,False,366.0,484.0,369.0,10.100000000000001,262.1000061035156,7.96999979019165,,,,,,,,,,,,,,,,
16045604390,Concord Running,2024-06-22 15:25:56,2024-06-22 19:25:56,"{'typeId': 1, 'typeKey': 'running', 'parentTypeId': 17, 'isHidden': False, 'trimmable': True, 'restricted': False}","{'typeId': 9, 'typeKey': 'uncategorized', 'sortOrder': 10}",7863.93994140625,3123.85498046875,3123.85498046875,3039.344970703125,57.0,54.0,2.5169999599456787,3.871999979019165,43.26133377850056,-71.52078495360911,True,False,118790142,ae52ea07-2874-4bde-8648-ac48be0f708d,Riley King,https://s3.amazonaws.com/garmin-connect-prod/profile_images/249fcc8d-9898-4d4a-abf5-ba07581a6fcd-prth.png,https://s3.amazonaws.com/garmin-connect-prod/profile_images/249fcc8d-9898-4d4a-abf5-ba07581a6fcd-prfr.png,https://s3.amazonaws.com/garmin-connect-prod/profile_images/249fcc8d-9898-4d4a-abf5-ba07581a6fcd-prof.png,536.0,79.0,113.0,132.0,149.875,234.0,7886.0,"['SCOPE_GOLF_API_READ', 'SCOPE_ATP_READ', 'SCOPE_DIVE_API_WRITE', 'SCOPE_COMMUNITY_COURSE_ADMIN_READ', 'SCOPE_DIVE_API_READ', 'SCOPE_DI_OAUTH_2_CLIENT_READ', 'SCOPE_CONNECT_WRITE', 'SCOPE_COMMUNITY_COURSE_WRITE', 'SCOPE_MESSAGE_GENERATION_READ', 'SCOPE_DI_OAUTH_2_CLIENT_REVOCATION_ADMIN', 'SCOPE_CONNECT_WEB_TEMPLATE_RENDER', 'SCOPE_OMT_SUBSCRIPTION_ADMIN_READ', 'SCOPE_CONNECT_NON_SOCIAL_SHARED_READ', 'SCOPE_CONNECT_READ', 'SCOPE_DI_OAUTH_2_TOKEN_ADMIN', 'ROLE_CONNECTUSER', 'ROLE_FITNESS_USER', 'ROLE_WELLNESS_USER']","{'typeId': 4, 'typeKey': 'groups'}",False,False,149,1719084356000,1,2.299999952316284,0.0,99.22999877929688,,3461278113,99.5999984741211,127.0,234.0,{'summarizedDiveGases': []},0.5999984741210938,GARMIN,Concord,5,43.261744156479836,-71.52117161080241,768.0,AEROBIC_BASE,37.26493835449219,551.6199951171875,MAINTAINING_AEROBIC_BASE_7,NO_ANAEROBIC_BENEFIT_0,"[{'noOfSplits': 1, 'totalAscent': 57.0, 'duration': 3123.85498046875, 'splitType': 'INTERVAL_ACTIVE', 'numClimbSends': 0, 'maxElevationGain': 57.0, 'averageElevationGain': 57.0, 'maxDistance': 7863, 'distance': 7863.93994140625, 'averageSpeed': 2.5169999599456787, 'maxSpeed': 3.871999979019165, 'numFalls': 0, 'elevationLoss': 54.0}, {'noOfSplits': 4, 'totalAscent': 32.0, 'duration': 2375.998046875, 'splitType': 'RWD_RUN', 'numClimbSends': 0, 'maxElevationGain': 27.0, 'averageElevationGain': 8.0, 'maxDistance': 5596, 'distance': 6747.7998046875, 'averageSpeed': 2.8399999141693115, 'maxSpeed': 3.871999979019165, 'numFalls': 0, 'elevationLoss': 41.0}, {'noOfSplits': 3, 'totalAscent': 0.0, 'duration': 80.75299835205078, 'splitType': 'RWD_STAND', 'numClimbSends': 0, 'maxElevationGain': 0.0, 'averageElevationGain': 0.0, 'maxDistance': 18, 'distance': 35.119998931884766, 'averageSpeed': 0.4350000023841858, 'maxSpeed': 1.7910000085830688, 'numFalls': 0, 'elevationLoss': 6.0}, {'noOfSplits': 5, 'totalAscent': 25.0, 'duration': 673.0020141601562, 'splitType': 'RWD_WALK', 'numClimbSends': 0, 'maxElevationGain': 18.0, 'averageElevationGain': 5.0, 'maxDistance': 478, 'distance': 1081.02001953125, 'averageSpeed': 1.6059999465942383, 'maxSpeed': 2.071000099182129, 'numFalls': 0, 'elevationLoss': 7.0}]",True,10,39,-10.0,False,,,,,,False,False,False,False,False,False,False,False,False,265.0,439.0,292.0,8.36999969482422,279.70001220703125,8.40999984741211,2.5299999713897705,,,,,,,,,,,,,,,
16029619888,Concord Running,2024-06-21 16:42:08,2024-06-21 20:42:08,"{'typeId': 1, 'typeKey': 'running', 'parentTypeId': 17, 'isHidden': False, 'trimmable': True, 'restricted': False}","{'typeId': 9, 'typeKey': 'uncategorized', 'sortOrder': 10}",10001.9599609375,3888.093017578125,3944.89208984375,3886.3440551757812,139.0,141.0,2.572000026702881,4.189000129699707,43.26150979846716,-71.52111981064081,True,False,118790142,ae52ea07-2874-4bde-8648-ac48be0f708d,Riley King,https://s3.amazonaws.com/garmin-connect-prod/profile_images/249fcc8d-9898-4d4a-abf5-ba07581a6fcd-prth.png,https://s3.amazonaws.com/garmin-connect-prod/profile_images/249fcc8d-9898-4d4a-abf5-ba07581a6fcd-prfr.png,https://s3.amazonaws.com/garmin-connect-prod/profile_images/249fcc8d-9898-4d4a-abf5-ba07581a6fcd-prof.png,696.0,98.0,121.0,147.0,154.515625,241.0,10086.0,"['SCOPE_GOLF_API_READ', 'SCOPE_ATP_READ', 'SCOPE_DIVE_API_WRITE', 'SCOPE_COMMUNITY_COURSE_ADMIN_READ', 'SCOPE_DIVE_API_READ', 'SCOPE_DI_OAUTH_2_CLIENT_READ', 'SCOPE_CONNECT_WRITE', 'SCOPE_COMMUNITY_COURSE_WRITE', 'SCOPE_MESSAGE_GENERATION_READ', 'SCOPE_DI_OAUTH_2_CLIENT_REVOCATION_ADMIN', 'SCOPE_CONNECT_WEB_TEMPLATE_RENDER', 'SCOPE_OMT_SUBSCRIPTION_ADMIN_READ', 'SCOPE_CONNECT_NON_SOCIAL_SHARED_READ', 'SCOPE_CONNECT_READ', 'SCOPE_DI_OAUTH_2_TOKEN_ADMIN', 'ROLE_CONNECTUSER', 'ROLE_FITNESS_USER', 'ROLE_WELLNESS_USER']","{'typeId': 4, 'typeKey': 'groups'}",False,False,149,1719002528000,1,2.5,0.0,98.04000244140626,60.0,3461278113,102.5999984741211,181.1999969482422,241.0,{'summarizedDiveGases': []},0.8000030517578125,GARMIN,Concord,7,43.261381136253476,-71.52087581343949,1027.0,AEROBIC_BASE,48.73353576660156,209.90199279785156,MAINTAINING_AEROBIC_BASE_7,NO_ANAEROBIC_BENEFIT_0,"[{'noOfSplits': 1, 'totalAscent': 139.0, 'duration': 3888.093017578125, 'splitType': 'INTERVAL_ACTIVE', 'numClimbSends': 0, 'maxElevationGain': 139.0, 'averageElevationGain': 139.0, 'maxDistance': 10001, 'distance': 10001.9599609375, 'averageSpeed': 2.572000026702881, 'maxSpeed': 4.189000129699707, 'numFalls': 0, 'elevationLoss': 141.0}, {'noOfSplits': 7, 'totalAscent': 106.0, 'duration': 3217.199951171875, 'splitType': 'RWD_RUN', 'numClimbSends': 0, 'maxElevationGain': 33.0, 'averageElevationGain': 15.0, 'maxDistance': 2442, 'distance': 8880.9697265625, 'averageSpeed': 2.759999990463257, 'maxSpeed': 4.189000129699707, 'numFalls': 0, 'elevationLoss': 138.0}, {'noOfSplits': 1, 'totalAscent': 0.0, 'duration': 6.000999927520752, 'splitType': 'RWD_STAND', 'numClimbSends': 0, 'maxElevationGain': 0.0, 'averageElevationGain': 0.0, 'maxDistance': 15, 'distance': 15.260000228881836, 'averageSpeed': 2.5429999828338623, 'maxSpeed': 2.1459999084472656, 'numFalls': 0, 'elevationLoss': 3.0}, {'noOfSplits': 6, 'totalAscent': 33.0, 'duration': 670.7540283203125, 'splitType': 'RWD_WALK', 'numClimbSends': 0, 'maxElevationGain': 18.0, 'averageElevationGain': 6.0, 'maxDistance': 881, 'distance': 1105.72998046875, 'averageSpeed': 1.6480000019073486, 'maxSpeed': 2.052999973297119, 'numFalls': 0, 'elevationLoss': 1.0}]",True,6,55,-11.0,False,,,,,,False,False,False,False,False,False,False,False,False,277.0,473.0,299.0,8.44000015258789,279.5,8.600000381469727,2.605000019073486,,,,,,,,,,,,,,,
16015102305,Treadmill Running,2024-06-20 17:58:56,2024-06-20 21:58:56,"{'typeId': 18, 'typeKey': 'treadmill_running', 'parentTypeId': 1, 'isHidden': False, 'trimmable': True, 'restricted': False}","{'typeId': 9, 'typeKey': 'uncategorized', 'sortOrder': 10}",5254.22021484375,1285.071044921875,1285.071044921875,1262.8049926757812,,,4.089000225067139,5.123000144958496,,,False,False,118790142,ae52ea07-2874-4bde-8648-ac48be0f708d,Riley King,https://s3.amazonaws.com/garmin-connect-prod/profile_images/249fcc8d-9898-4d4a-abf5-ba07581a6fcd-prth.png,https://s3.amazonaws.com/garmin-connect-prod/profile_images/249fcc8d-9898-4d4a-abf5-ba07581a6fcd-prfr.png,https://s3.amazonaws.com/garmin-connect-prod/profile_images/249fcc8d-9898-4d4a-abf5-ba07581a6fcd-prof.png,338.0,32.0,156.0,180.0,162.875,178.0,3478.0,"['SCOPE_GOLF_API_READ', 'SCOPE_ATP_READ', 'SCOPE_DIVE_API_WRITE', 'SCOPE_COMMUNITY_COURSE_ADMIN_READ', 'SCOPE_DIVE_API_READ', 'SCOPE_DI_OAUTH_2_CLIENT_READ', 'SCOPE_CONNECT_WRITE', 'SCOPE_COMMUNITY_COURSE_WRITE', 'SCOPE_MESSAGE_GENERATION_READ', 'SCOPE_DI_OAUTH_2_CLIENT_REVOCATION_ADMIN', 'SCOPE_CONNECT_WEB_TEMPLATE_RENDER', 'SCOPE_OMT_SUBSCRIPTION_ADMIN_READ', 'SCOPE_CONNECT_NON_SOCIAL_SHARED_READ', 'SCOPE_CONNECT_READ', 'SCOPE_DI_OAUTH_2_TOKEN_ADMIN', 'ROLE_CONNECTUSER', 'ROLE_FITNESS_USER', 'ROLE_WELLNESS_USER']","{'typeId': 4, 'typeKey': 'groups'}",False,False,149,1718920736000,1,3.200000047683716,0.0,151.0300048828125,,3461278113,,,178.0,{'summarizedDiveGases': []},,GARMIN,,4,,,349.0,TEMPO,89.58790588378906,122.71499633789062,IMPACTING_TEMPO_22,NO_ANAEROBIC_BENEFIT_0,"[{'noOfSplits': 1, 'duration': 1285.071044921875, 'splitType': 'INTERVAL_ACTIVE', 'numClimbSends': 0, 'maxDistance': 5254, 'distance': 5254.22021484375, 'averageSpeed': 4.089000225067139, 'maxSpeed': 5.123000144958496, 'numFalls': 0}, {'noOfSplits': 2, 'duration': 4.0, 'splitType': 'RWD_STAND', 'numClimbSends': 0, 'maxDistance': 0, 'distance': 0.0, 'averageSpeed': 0.0, 'maxSpeed': 0.0, 'numFalls': 0}, {'noOfSplits': 2, 'duration': 1251.9990234375, 'splitType': 'RWD_RUN', 'numClimbSends': 0, 'maxDistance': 5220, 'distance': 5228.10009765625, 'averageSpeed': 4.176000118255615, 'maxSpeed': 5.123000144958496, 'numFalls': 0}, {'noOfSplits': 3, 'duration': 29.048999786376953, 'splitType': 'RWD_WALK', 'numClimbSends': 0, 'maxDistance': 24, 'distance': 26.1200008392334, 'averageSpeed': 0.8989999890327454, 'maxSpeed': 1.902999997138977, 'numFalls': 0}]",True,1,18,-5.0,False,,,,,,False,False,False,False,False,False,False,False,False,426.0,527.0,440.0,10.640000152587891,239.10000610351562,7.079999923706055,,,,,,,,,,,,,,,,
15982850105,Treadmill Running,2024-06-18 21:18:25,2024-06-19 01:18:25,"{'typeId': 18, 'typeKey': 'treadmill_running', 'parentTypeId': 1, 'isHidden': False, 'trimmable': True, 'restricted': False}","{'typeId': 9, 'typeKey': 'uncategorized', 'sortOrder': 10}",1689.5799560546875,410.50799560546875,410.50799560546875,407.0,,,4.116000175476074,4.627999782562256,,,False,False,118790142,ae52ea07-2874-4bde-8648-ac48be0f708d,Riley King,https://s3.amazonaws.com/garmin-connect-prod/profile_images/249fcc8d-9898-4d4a-abf5-ba07581a6fcd-prth.png,https://s3.amazonaws.com/garmin-connect-prod/profile_images/249fcc8d-9898-4d4a-abf5-ba07581a6fcd-prfr.png,https://s3.amazonaws.com/garmin-connect-prod/profile_images/249fcc8d-9898-4d4a-abf5-ba07581a6fcd-prof.png,99.0,10.0,144.0,163.0,162.890625,175.0,1096.0,"['SCOPE_GOLF_API_READ', 'SCOPE_ATP_READ', 'SCOPE_DIVE_API_WRITE', 'SCOPE_COMMUNITY_COURSE_ADMIN_READ', 'SCOPE_DIVE_API_READ', 'SCOPE_DI_OAUTH_2_CLIENT_READ', 'SCOPE_CONNECT_WRITE', 'SCOPE_COMMUNITY_COURSE_WRITE', 'SCOPE_MESSAGE_GENERATION_READ', 'SCOPE_DI_OAUTH_2_CLIENT_REVOCATION_ADMIN', 'SCOPE_CONNECT_WEB_TEMPLATE_RENDER', 'SCOPE_OMT_SUBSCRIPTION_ADMIN_READ', 'SCOPE_CONNECT_NON_SOCIAL_SHARED_READ', 'SCOPE_CONNECT_READ', 'SCOPE_DI_OAUTH_2_TOKEN_ADMIN', 'ROLE_CONNECTUSER', 'ROLE_FITNESS_USER', 'ROLE_WELLNESS_USER']","{'typeId': 4, 'typeKey': 'groups'}",False,False,149,1718759905000,1,2.0,0.0,152.70000000000002,,3461278113,,,175.0,{'summarizedDiveGases': []},,GARMIN,,2,,,113.0,RECOVERY,24.402816772460938,17.555999755859375,MINOR_AEROBIC_BENEFIT_0,NO_ANAEROBIC_BENEFIT_0,"[{'noOfSplits': 1, 'duration': 410.50799560546875, 'splitType': 'INTERVAL_ACTIVE', 'numClimbSends': 0, 'maxDistance': 1689, 'distance': 1689.5799560546875, 'averageSpeed': 4.116000175476074, 'maxSpeed': 4.627999782562256, 'numFalls': 0}, {'noOfSplits': 1, 'duration': 12.00100040435791, 'splitType': 'RWD_WALK', 'numClimbSends': 0, 'maxDistance': 10, 'distance': 10.90999984741211, 'averageSpeed': 0.9089999794960022, 'maxSpeed': 1.940999984741211, 'numFalls': 0}, {'noOfSplits': 1, 'duration': 398.3970031738281, 'splitType': 'RWD_RUN', 'numClimbSends': 0, 'maxDistance': 1678, 'distance': 1678.6700439453125, 'averageSpeed': 4.214000225067139, 'maxSpeed': 4.627999782562256, 'numFalls': 0}]",True,0,4,-2.0,False,,,,,,False,False,False,False,False,False,False,False,False,433.0,483.0,443.0,10.830000305175782,242.5,7.130000114440918,,,,,,,,,,,,,,,,
15981380453,Concord Rowing,2024-06-18 17:51:21,2024-06-18 21:51:21,"{'typeId': 237, 'typeKey': 'rowing_v2', 'parentTypeId': 228, 'isHidden': False, 'trimmable': True, 'restricted': False}","{'typeId': 9, 'typeKey': 'uncategorized', 'sortOrder': 10}",2941.2900390625,2638.97509765625,2638.97509765625,2265.9020080566406,,,1.1150000095367432,3.0380001068115234,43.2565254997462,-71.52047138661146,True,False,118790142,ae52ea07-2874-4bde-8648-ac48be0f708d,Riley King,https://s3.amazonaws.com/garmin-connect-prod/profile_images/249fcc8d-9898-4d4a-abf5-ba07581a6fcd-prth.png,https://s3.amazonaws.com/garmin-connect-prod/profile_images/249fcc8d-9898-4d4a-abf5-ba07581a6fcd-prfr.png,https://s3.amazonaws.com/garmin-connect-prod/profile_images/249fcc8d-9898-4d4a-abf5-ba07581a6fcd-prof.png,277.0,66.0,99.0,176.0,,,,"['SCOPE_GOLF_API_READ', 'SCOPE_ATP_READ', 'SCOPE_DIVE_API_WRITE', 'SCOPE_COMMUNITY_COURSE_ADMIN_READ', 'SCOPE_DIVE_API_READ', 'SCOPE_DI_OAUTH_2_CLIENT_READ', 'SCOPE_CONNECT_WRITE', 'SCOPE_COMMUNITY_COURSE_WRITE', 'SCOPE_MESSAGE_GENERATION_READ', 'SCOPE_DI_OAUTH_2_CLIENT_REVOCATION_ADMIN', 'SCOPE_CONNECT_WEB_TEMPLATE_RENDER', 'SCOPE_OMT_SUBSCRIPTION_ADMIN_READ', 'SCOPE_CONNECT_NON_SOCIAL_SHARED_READ', 'SCOPE_CONNECT_READ', 'SCOPE_DI_OAUTH_2_TOKEN_ADMIN', 'ROLE_CONNECTUSER', 'ROLE_FITNESS_USER', 'ROLE_WELLNESS_USER']","{'typeId': 4, 'typeKey': 'groups'}",False,False,149,1718747481000,15,1.2000000476837158,2.0,,,3461278113,,,,{'summarizedDiveGases': []},,GARMIN,Concord,6,43.255196968093514,-71.52132181450725,561.0,ANAEROBIC_CAPACITY,36.61322021484375,351.8190002441406,RECOVERY_5,MAINTAINING_ANAEROBIC_BASE_1,"[{'duration': 2638.9750061035156, 'splitType': 'INTERVAL_ACTIVE', 'numClimbSends': 0, 'maxDistance': 2941, 'distance': 2941.290008544922, 'averageSpeed': 1.1145577361446022, 'maxSpeed': 3.0380001068115234, 'numFalls': 0}]",False,12,15,-7.0,False,,,,,,False,False,False,False,False,False,False,False,False,,,,,,,,,,,,,,,,,,,,741.0,339.0000104904175,31.0
15926854312,Randolph Hiking,2024-06-15 06:44:35,2024-06-15 10:44:35,"{'typeId': 3, 'typeKey': 'hiking', 'parentTypeId': 17, 'isHidden': False, 'trimmable': True, 'restricted': False}","{'typeId': 9, 'typeKey': 'uncategorized', 'sortOrder': 10}",17262.75,21417.97265625,21422.103515625,13238.0,1686.0,1695.0,0.8059999942779541,3.302999973297119,44.37086524441838,-71.28931920044124,True,False,118790142,ae52ea07-2874-4bde-8648-ac48be0f708d,Riley King,https://s3.amazonaws.com/garmin-connect-prod/profile_images/249fcc8d-9898-4d4a-abf5-ba07581a6fcd-prth.png,https://s3.amazonaws.com/garmin-connect-prod/profile_images/249fcc8d-9898-4d4a-abf5-ba07581a6fcd-prfr.png,https://s3.amazonaws.com/garmin-connect-prod/profile_images/249fcc8d-9898-4d4a-abf5-ba07581a6fcd-prof.png,2839.0,539.0,121.0,159.0,48.234375,245.0,24440.0,"['SCOPE_GOLF_API_READ', 'SCOPE_ATP_READ', 'SCOPE_DIVE_API_WRITE', 'SCOPE_COMMUNITY_COURSE_ADMIN_READ', 'SCOPE_DIVE_API_READ', 'SCOPE_DI_OAUTH_2_CLIENT_READ', 'SCOPE_CONNECT_WRITE', 'SCOPE_COMMUNITY_COURSE_WRITE', 'SCOPE_MESSAGE_GENERATION_READ', 'SCOPE_DI_OAUTH_2_CLIENT_REVOCATION_ADMIN', 'SCOPE_CONNECT_WEB_TEMPLATE_RENDER', 'SCOPE_OMT_SUBSCRIPTION_ADMIN_READ', 'SCOPE_CONNECT_NON_SOCIAL_SHARED_READ', 'SCOPE_CONNECT_READ', 'SCOPE_DI_OAUTH_2_TOKEN_ADMIN', 'ROLE_CONNECTUSER', 'ROLE_FITNESS_USER', 'ROLE_WELLNESS_USER']","{'typeId': 4, 'typeKey': 'groups'}",False,False,149,1718448275000,17,3.4000000953674316,1.600000023841858,100.2596573936921,,3461278113,395.79998779296875,1789.4000244140625,245.0,{'summarizedDiveGases': []},4.4000244140625,GARMIN,Randolph,1,44.37154199928045,-71.28925675526261,3066.0,AEROBIC_BASE,132.19467163085938,21417.97265625,IMPROVING_AEROBIC_BASE_8,MINOR_ANAEROBIC_BENEFIT_15,"[{'totalAscent': 1686.0, 'duration': 21417.97265625, 'splitType': 'INTERVAL_ACTIVE', 'numClimbSends': 0, 'maxElevationGain': 1686.0, 'averageElevationGain': 1686.0, 'maxDistance': 17262, 'distance': 17262.75, 'averageSpeed': 0.8059936520164779, 'maxSpeed': 3.302999973297119, 'numFalls': 0, 'elevationLoss': 1695.0}]",False,110,140,-46.0,False,,,,,,False,False,False,False,False,False,False,False,False,,,,,,,,,,,,,,,,,,,,,,
15898875722,Concord Walking,2024-06-13 17:03:46,2024-06-13 21:03:46,"{'typeId': 9, 'typeKey': 'walking', 'parentTypeId': 17, 'isHidden': False, 'trimmable': True, 'restricted': False}","{'typeId': 9, 'typeKey': 'uncategorized', 'sortOrder': 10}",13376.509765625,6828.97900390625,6828.97900390625,6819.320022583008,263.0,256.0,1.9589999914169312,4.189000129699707,43.26135146431625,-71.52073558419943,True,False,118790142,ae52ea07-2874-4bde-8648-ac48be0f708d,Riley King,https://s3.amazonaws.com/garmin-connect-prod/profile_images/249fcc8d-9898-4d4a-abf5-ba07581a6fcd-prth.png,https://s3.amazonaws.com/garmin-connect-prod/profile_images/249fcc8d-9898-4d4a-abf5-ba07581a6fcd-prfr.png,https://s3.amazonaws.com/garmin-connect-prod/profile_images/249fcc8d-9898-4d4a-abf5-ba07581a6fcd-prof.png,916.0,172.0,109.0,147.0,123.6875,244.0,14470.0,"['SCOPE_GOLF_API_READ', 'SCOPE_ATP_READ', 'SCOPE_DIVE_API_WRITE', 'SCOPE_COMMUNITY_COURSE_ADMIN_READ', 'SCOPE_DIVE_API_READ', 'SCOPE_DI_OAUTH_2_CLIENT_READ', 'SCOPE_CONNECT_WRITE', 'SCOPE_COMMUNITY_COURSE_WRITE', 'SCOPE_MESSAGE_GENERATION_READ', 'SCOPE_DI_OAUTH_2_CLIENT_REVOCATION_ADMIN', 'SCOPE_CONNECT_WEB_TEMPLATE_RENDER', 'SCOPE_OMT_SUBSCRIPTION_ADMIN_READ', 'SCOPE_CONNECT_NON_SOCIAL_SHARED_READ', 'SCOPE_CONNECT_READ', 'SCOPE_DI_OAUTH_2_TOKEN_ADMIN', 'ROLE_CONNECTUSER', 'ROLE_FITNESS_USER', 'ROLE_WELLNESS_USER']","{'typeId': 4, 'typeKey': 'groups'}",False,False,149,1718312626000,11,2.299999952316284,0.0,95.44205631197178,60.0,3461278113,117.19999694824219,199.39999389648438,244.0,{'summarizedDiveGases': []},0.8000030517578125,GARMIN,Concord,9,43.261342914775014,-71.52085770852864,1280.0,AEROBIC_BASE,37.191925048828125,212.7949981689453,MAINTAINING_AEROBIC_BASE_7,NO_ANAEROBIC_BENEFIT_0,"[{'totalAscent': 263.0, 'duration': 6828.979019165039, 'splitType': 'INTERVAL_ACTIVE', 'numClimbSends': 0, 'maxElevationGain': 263.0, 'averageElevationGain': 263.0, 'maxDistance': 13376, 'distance': 13376.509735107422, 'averageSpeed': 1.9587861812969711, 'maxSpeed': 4.189000129699707, 'numFalls': 0, 'elevationLoss': 255.0}]",False,97,16,-14.0,False,,,,,,False,False,False,False,False,False,False,False,False,,,,,,,,,,,,,,,,,,,,,,
15897860784,Concord Walking,2024-06-13 16:39:36,2024-06-13 20:39:36,"{'typeId': 9, 'typeKey': 'walking', 'parentTypeId': 17, 'isHidden': False, 'trimmable': True, 'restricted': False}","{'typeId': 9, 'typeKey': 'uncategorized', 'sortOrder': 10}",1776.239990234375,1119.6949462890625,1119.6949462890625,1045.0,26.0,7.0,1.5859999656677248,3.2839999198913574,43.25743770226836,-71.5226034913212,True,False,118790142,ae52ea07-2874-4bde-8648-ac48be0f708d,Riley King,https://s3.amazonaws.com/garmin-connect-prod/profile_images/249fcc8d-9898-4d4a-abf5-ba07581a6fcd-prth.png,https://s3.amazonaws.com/garmin-connect-prod/profile_images/249fcc8d-9898-4d4a-abf5-ba07581a6fcd-prfr.png,https://s3.amazonaws.com/garmin-connect-prod/profile_images/249fcc8d-9898-4d4a-abf5-ba07581a6fcd-prof.png,121.0,28.0,93.0,107.0,109.046875,130.0,2092.0,"['SCOPE_GOLF_API_READ', 'SCOPE_ATP_READ', 'SCOPE_DIVE_API_WRITE', 'SCOPE_COMMUNITY_COURSE_ADMIN_READ', 'SCOPE_DIVE_API_READ', 'SCOPE_DI_OAUTH_2_CLIENT_READ', 'SCOPE_CONNECT_WRITE', 'SCOPE_COMMUNITY_COURSE_WRITE', 'SCOPE_MESSAGE_GENERATION_READ', 'SCOPE_DI_OAUTH_2_CLIENT_REVOCATION_ADMIN', 'SCOPE_CONNECT_WEB_TEMPLATE_RENDER', 'SCOPE_OMT_SUBSCRIPTION_ADMIN_READ', 'SCOPE_CONNECT_NON_SOCIAL_SHARED_READ', 'SCOPE_CONNECT_READ', 'SCOPE_DI_OAUTH_2_TOKEN_ADMIN', 'ROLE_CONNECTUSER', 'ROLE_FITNESS_USER', 'ROLE_WELLNESS_USER']","{'typeId': 4, 'typeKey': 'groups'}",False,False,149,1718311176000,11,0.30000001192092896,0.0,87.39331465366593,60.0,3461278113,102.80000305175781,127.0,130.0,{'summarizedDiveGases': []},0.2999992370605469,GARMIN,Concord,2,43.26178506016731,-71.52113598771393,200.0,UNKNOWN,4.438995361328125,137.68299865722656,NO_AEROBIC_BENEFIT_18,NO_ANAEROBIC_BENEFIT_0,"[{'totalAscent': 26.0, 'duration': 1119.6950225830078, 'splitType': 'INTERVAL_ACTIVE', 'numClimbSends': 0, 'maxElevationGain': 26.0, 'averageElevationGain': 26.0, 'maxDistance': 1776, 'distance': 1776.2399597167969, 'averageSpeed': 1.586360503433529, 'maxSpeed': 3.2839999198913574, 'numFalls': 0, 'elevationLoss': 7.0}]",False,16,0,-2.0,False,,,,,,False,False,False,False,False,False,False,False,False,,,,,,,,,,,,,,,,,,,,,,
15881878005,Concord Walking,2024-06-12 17:33:24,2024-06-12 21:33:24,"{'typeId': 9, 'typeKey': 'walking', 'parentTypeId': 17, 'isHidden': False, 'trimmable': True, 'restricted': False}","{'typeId': 9, 'typeKey': 'uncategorized', 'sortOrder': 10}",4193.68994140625,1833.89404296875,1833.89404296875,1827.2169799804688,120.0,143.0,2.2869999408721924,4.89900016784668,43.28142729587853,-71.52494195848703,True,False,118790142,ae52ea07-2874-4bde-8648-ac48be0f708d,Riley King,https://s3.amazonaws.com/garmin-connect-prod/profile_images/249fcc8d-9898-4d4a-abf5-ba07581a6fcd-prth.png,https://s3.amazonaws.com/garmin-connect-prod/profile_images/249fcc8d-9898-4d4a-abf5-ba07581a6fcd-prfr.png,https://s3.amazonaws.com/garmin-connect-prod/profile_images/249fcc8d-9898-4d4a-abf5-ba07581a6fcd-prof.png,386.0,46.0,141.0,163.0,129.6875,225.0,4104.0,"['SCOPE_GOLF_API_READ', 'SCOPE_ATP_READ', 'SCOPE_DIVE_API_WRITE', 'SCOPE_COMMUNITY_COURSE_ADMIN_READ', 'SCOPE_DIVE_API_READ', 'SCOPE_DI_OAUTH_2_CLIENT_READ', 'SCOPE_CONNECT_WRITE', 'SCOPE_COMMUNITY_COURSE_WRITE', 'SCOPE_MESSAGE_GENERATION_READ', 'SCOPE_DI_OAUTH_2_CLIENT_REVOCATION_ADMIN', 'SCOPE_CONNECT_WEB_TEMPLATE_RENDER', 'SCOPE_OMT_SUBSCRIPTION_ADMIN_READ', 'SCOPE_CONNECT_NON_SOCIAL_SHARED_READ', 'SCOPE_CONNECT_READ', 'SCOPE_DI_OAUTH_2_TOKEN_ADMIN', 'ROLE_CONNECTUSER', 'ROLE_FITNESS_USER', 'ROLE_WELLNESS_USER']","{'typeId': 4, 'typeKey': 'groups'}",False,False,149,1718228004000,11,2.5,0.0,104.13185105462719,60.0,3461278113,123.19999694824219,233.0,225.0,{'summarizedDiveGases': []},1.0,GARMIN,Concord,3,43.2615527138114,-71.5211425255984,444.0,AEROBIC_BASE,49.2379150390625,319.260009765625,MAINTAINING_AEROBIC_FITNESS_1,NO_ANAEROBIC_BENEFIT_0,"[{'totalAscent': 120.0, 'duration': 1833.8939819335938, 'splitType': 'INTERVAL_ACTIVE', 'numClimbSends': 0, 'maxElevationGain': 120.0, 'averageElevationGain': 120.0, 'maxDistance': 4193, 'distance': 4193.68994140625, 'averageSpeed': 2.28676792809177, 'maxSpeed': 4.89900016784668, 'numFalls': 0, 'elevationLoss': 143.0}]",False,1,28,-6.0,False,,,,,,False,False,False,False,False,False,False,False,False,,,,,,,,,,,,,,,,,,,,,,
15881591400,Concord Running,2024-06-12 16:58:05,2024-06-12 20:58:05,"{'typeId': 1, 'typeKey': 'running', 'parentTypeId': 17, 'isHidden': False, 'trimmable': True, 'restricted': False}","{'typeId': 9, 'typeKey': 'uncategorized', 'sortOrder': 10}",8064.97021484375,2064.56298828125,2064.56298828125,2062.8790283203125,81.0,52.0,3.9059998989105225,4.451000213623047,43.26110637746751,-71.52093968354166,True,False,118790142,ae52ea07-2874-4bde-8648-ac48be0f708d,Riley King,https://s3.amazonaws.com/garmin-connect-prod/profile_images/249fcc8d-9898-4d4a-abf5-ba07581a6fcd-prth.png,https://s3.amazonaws.com/garmin-connect-prod/profile_images/249fcc8d-9898-4d4a-abf5-ba07581a6fcd-prfr.png,https://s3.amazonaws.com/garmin-connect-prod/profile_images/249fcc8d-9898-4d4a-abf5-ba07581a6fcd-prof.png,576.0,52.0,163.0,182.0,169.65625,204.0,5826.0,"['SCOPE_GOLF_API_READ', 'SCOPE_ATP_READ', 'SCOPE_DIVE_API_WRITE', 'SCOPE_COMMUNITY_COURSE_ADMIN_READ', 'SCOPE_DIVE_API_READ', 'SCOPE_DI_OAUTH_2_CLIENT_READ', 'SCOPE_CONNECT_WRITE', 'SCOPE_COMMUNITY_COURSE_WRITE', 'SCOPE_MESSAGE_GENERATION_READ', 'SCOPE_DI_OAUTH_2_CLIENT_REVOCATION_ADMIN', 'SCOPE_CONNECT_WEB_TEMPLATE_RENDER', 'SCOPE_OMT_SUBSCRIPTION_ADMIN_READ', 'SCOPE_CONNECT_NON_SOCIAL_SHARED_READ', 'SCOPE_CONNECT_READ', 'SCOPE_DI_OAUTH_2_TOKEN_ADMIN', 'ROLE_CONNECTUSER', 'ROLE_FITNESS_USER', 'ROLE_WELLNESS_USER']","{'typeId': 4, 'typeKey': 'groups'}",False,False,149,1718225885000,1,4.0,0.0,137.55999755859375,60.0,3461278113,100.5999984741211,146.1999969482422,204.0,{'summarizedDiveGases': []},0.600006103515625,GARMIN,Concord,6,43.28194873407483,-71.52507263235748,573.0,LACTATE_THRESHOLD,156.6874542236328,4.486000061035156,HIGHLY_IMPROVING_LACTATE_THRESHOLD_13,NO_ANAEROBIC_BENEFIT_0,"[{'noOfSplits': 1, 'totalAscent': 81.0, 'duration': 2064.56298828125, 'splitType': 'INTERVAL_ACTIVE', 'numClimbSends': 0, 'maxElevationGain': 81.0, 'averageElevationGain': 81.0, 'maxDistance': 8064, 'distance': 8064.97021484375, 'averageSpeed': 3.9059998989105225, 'maxSpeed': 4.451000213623047, 'numFalls': 0, 'elevationLoss': 52.0}, {'noOfSplits': 1, 'totalAscent': 0.0, 'duration': 3.0, 'splitType': 'RWD_STAND', 'numClimbSends': 0, 'maxElevationGain': 0.0, 'averageElevationGain': 0.0, 'maxDistance': 7, 'distance': 7.659999847412109, 'averageSpeed': 2.552999973297119, 'maxSpeed': 1.7450000047683716, 'numFalls': 0, 'elevationLoss': 0.0}, {'noOfSplits': 1, 'totalAscent': 81.0, 'duration': 2064.47998046875, 'splitType': 'RWD_RUN', 'numClimbSends': 0, 'maxElevationGain': 81.0, 'averageElevationGain': 81.0, 'maxDistance': 8057, 'distance': 8057.31005859375, 'averageSpeed': 3.9030001163482666, 'maxSpeed': 4.451000213623047, 'numFalls': 0, 'elevationLoss': 52.0}]",True,1,32,-9.0,False,,,,,,False,False,False,False,False,False,False,False,False,430.0,574.0,437.0,10.05999984741211,242.3000030517578,7.320000171661377,3.9489998817443848,,,,,,,,,,,,,,,
15864286996,Concord - Base,2024-06-11 16:33:57,2024-06-11 20:33:57,"{'typeId': 1, 'typeKey': 'running', 'parentTypeId': 17, 'isHidden': False, 'trimmable': True, 'restricted': False}","{'typeId': 9, 'typeKey': 'uncategorized', 'sortOrder': 10}",11981.419921875,3763.02294921875,3763.02294921875,3743.3110122680664,175.0,171.0,3.184000015258789,4.105999946594238,43.26128398999572,-71.5207717102021,True,False,118790142,ae52ea07-2874-4bde-8648-ac48be0f708d,Riley King,https://s3.amazonaws.com/garmin-connect-prod/profile_images/249fcc8d-9898-4d4a-abf5-ba07581a6fcd-prth.png,https://s3.amazonaws.com/garmin-connect-prod/profile_images/249fcc8d-9898-4d4a-abf5-ba07581a6fcd-prfr.png,https://s3.amazonaws.com/garmin-connect-prod/profile_images/249fcc8d-9898-4d4a-abf5-ba07581a6fcd-prof.png,859.0,95.0,144.0,167.0,158.921875,233.0,9982.0,"['SCOPE_GOLF_API_READ', 'SCOPE_ATP_READ', 'SCOPE_DIVE_API_WRITE', 'SCOPE_COMMUNITY_COURSE_ADMIN_READ', 'SCOPE_DIVE_API_READ', 'SCOPE_DI_OAUTH_2_CLIENT_READ', 'SCOPE_CONNECT_WRITE', 'SCOPE_COMMUNITY_COURSE_WRITE', 'SCOPE_MESSAGE_GENERATION_READ', 'SCOPE_DI_OAUTH_2_CLIENT_REVOCATION_ADMIN', 'SCOPE_CONNECT_WEB_TEMPLATE_RENDER', 'SCOPE_OMT_SUBSCRIPTION_ADMIN_READ', 'SCOPE_CONNECT_NON_SOCIAL_SHARED_READ', 'SCOPE_CONNECT_READ', 'SCOPE_DI_OAUTH_2_TOKEN_ADMIN', 'ROLE_CONNECTUSER', 'ROLE_FITNESS_USER', 'ROLE_WELLNESS_USER']","{'typeId': 4, 'typeKey': 'groups'}",False,False,149,1718138037000,1,3.5999999046325684,0.0,118.75999755859375,60.0,3461278113,97.5999984741211,193.0,233.0,{'summarizedDiveGases': []},1.0,GARMIN,Concord,9,43.26174667105079,-71.5211340598762,1034.0,AEROBIC_BASE,125.52674865722656,73.98600006103516,IMPROVING_AEROBIC_ENDURANCE_9,NO_ANAEROBIC_BENEFIT_0,"[{'noOfSplits': 1, 'totalAscent': 175.0, 'duration': 3763.02294921875, 'splitType': 'INTERVAL_ACTIVE', 'numClimbSends': 0, 'maxElevationGain': 175.0, 'averageElevationGain': 175.0, 'maxDistance': 11981, 'distance': 11981.419921875, 'averageSpeed': 3.184000015258789, 'maxSpeed': 4.105999946594238, 'numFalls': 0, 'elevationLoss': 171.0}, {'noOfSplits': 12, 'totalAscent': 134.0, 'duration': 3341.0, 'splitType': 'RWD_RUN', 'numClimbSends': 0, 'maxElevationGain': 96.0, 'averageElevationGain': 11.0, 'maxDistance': 9736, 'distance': 11322.5703125, 'averageSpeed': 3.3889999389648438, 'maxSpeed': 4.105999946594238, 'numFalls': 0, 'elevationLoss': 171.0}, {'noOfSplits': 1, 'totalAscent': 0.0, 'duration': 12.885000228881836, 'splitType': 'RWD_STAND', 'numClimbSends': 0, 'maxElevationGain': 0.0, 'averageElevationGain': 0.0, 'maxDistance': 5, 'distance': 5.019999980926514, 'averageSpeed': 0.38999998569488525, 'maxSpeed': 0.0, 'numFalls': 0, 'elevationLoss': 0.0}, {'noOfSplits': 13, 'totalAscent': 41.0, 'duration': 415.0010070800781, 'splitType': 'RWD_WALK', 'numClimbSends': 0, 'maxElevationGain': 23.0, 'averageElevationGain': 3.0, 'maxDistance': 228, 'distance': 653.8300170898438, 'averageSpeed': 1.5750000476837158, 'maxSpeed': 2.0429999828338623, 'numFalls': 0, 'elevationLoss': 0.0}]",True,4,58,-14.0,False,,,,,,False,False,False,False,False,False,False,False,False,346.0,614.0,375.0,9.200000000000001,256.8999938964844,7.78000020980835,3.2720000743865967,,,,,,,,,,,,,,,
15847176455,Concord Walking,2024-06-10 16:58:41,2024-06-10 20:58:41,"{'typeId': 9, 'typeKey': 'walking', 'parentTypeId': 17, 'isHidden': False, 'trimmable': True, 'restricted': False}","{'typeId': 9, 'typeKey': 'uncategorized', 'sortOrder': 10}",10488.650390625,4815.18212890625,4815.18212890625,4775.309997558594,365.0,360.0,2.177999973297119,4.198999881744385,43.26146193780005,-71.52092954143882,True,False,118790142,ae52ea07-2874-4bde-8648-ac48be0f708d,Riley King,https://s3.amazonaws.com/garmin-connect-prod/profile_images/249fcc8d-9898-4d4a-abf5-ba07581a6fcd-prth.png,https://s3.amazonaws.com/garmin-connect-prod/profile_images/249fcc8d-9898-4d4a-abf5-ba07581a6fcd-prfr.png,https://s3.amazonaws.com/garmin-connect-prod/profile_images/249fcc8d-9898-4d4a-abf5-ba07581a6fcd-prof.png,787.0,121.0,126.0,156.0,129.5625,243.0,10800.0,"['SCOPE_GOLF_API_READ', 'SCOPE_ATP_READ', 'SCOPE_DIVE_API_WRITE', 'SCOPE_COMMUNITY_COURSE_ADMIN_READ', 'SCOPE_DIVE_API_READ', 'SCOPE_DI_OAUTH_2_CLIENT_READ', 'SCOPE_CONNECT_WRITE', 'SCOPE_COMMUNITY_COURSE_WRITE', 'SCOPE_MESSAGE_GENERATION_READ', 'SCOPE_DI_OAUTH_2_CLIENT_REVOCATION_ADMIN', 'SCOPE_CONNECT_WEB_TEMPLATE_RENDER', 'SCOPE_OMT_SUBSCRIPTION_ADMIN_READ', 'SCOPE_CONNECT_NON_SOCIAL_SHARED_READ', 'SCOPE_CONNECT_READ', 'SCOPE_DI_OAUTH_2_TOKEN_ADMIN', 'ROLE_CONNECTUSER', 'ROLE_FITNESS_USER', 'ROLE_WELLNESS_USER']","{'typeId': 4, 'typeKey': 'groups'}",False,False,149,1718053121000,11,2.5,0.0,100.57036903639724,60.0,3461278113,119.19999694824219,297.3999938964844,243.0,{'summarizedDiveGases': []},1.0,GARMIN,Concord,7,43.26171909458935,-71.52117663994431,792.0,AEROBIC_BASE,48.77931213378906,326.7489929199219,MAINTAINING_AEROBIC_BASE_7,NO_ANAEROBIC_BENEFIT_0,"[{'totalAscent': 365.0, 'duration': 4815.181976318359, 'splitType': 'INTERVAL_ACTIVE', 'numClimbSends': 0, 'maxElevationGain': 365.0, 'averageElevationGain': 365.0, 'maxDistance': 10488, 'distance': 10488.649780273438, 'averageSpeed': 2.178245771781393, 'maxSpeed': 4.198999881744385, 'numFalls': 0, 'elevationLoss': 361.0}]",False,31,48,-12.0,False,,,,,,False,False,False,False,False,False,False,False,False,,,,,,,,,,,,,,,,,,,,,,
15846339572,Concord Walking,2024-06-10 16:15:17,2024-06-10 20:15:17,"{'typeId': 9, 'typeKey': 'walking', 'parentTypeId': 17, 'isHidden': False, 'trimmable': True, 'restricted': False}","{'typeId': 9, 'typeKey': 'uncategorized', 'sortOrder': 10}",3337.7900390625,1999.0689697265625,1999.0689697265625,1917.0,36.0,33.0,1.6699999570846558,2.5940001010894775,43.261364037171006,-71.52090087532997,True,False,118790142,ae52ea07-2874-4bde-8648-ac48be0f708d,Riley King,https://s3.amazonaws.com/garmin-connect-prod/profile_images/249fcc8d-9898-4d4a-abf5-ba07581a6fcd-prth.png,https://s3.amazonaws.com/garmin-connect-prod/profile_images/249fcc8d-9898-4d4a-abf5-ba07581a6fcd-prfr.png,https://s3.amazonaws.com/garmin-connect-prod/profile_images/249fcc8d-9898-4d4a-abf5-ba07581a6fcd-prof.png,221.0,50.0,91.0,110.0,113.96875,245.0,3858.0,"['SCOPE_GOLF_API_READ', 'SCOPE_ATP_READ', 'SCOPE_DIVE_API_WRITE', 'SCOPE_COMMUNITY_COURSE_ADMIN_READ', 'SCOPE_DIVE_API_READ', 'SCOPE_DI_OAUTH_2_CLIENT_READ', 'SCOPE_CONNECT_WRITE', 'SCOPE_COMMUNITY_COURSE_WRITE', 'SCOPE_MESSAGE_GENERATION_READ', 'SCOPE_DI_OAUTH_2_CLIENT_REVOCATION_ADMIN', 'SCOPE_CONNECT_WEB_TEMPLATE_RENDER', 'SCOPE_OMT_SUBSCRIPTION_ADMIN_READ', 'SCOPE_CONNECT_NON_SOCIAL_SHARED_READ', 'SCOPE_CONNECT_READ', 'SCOPE_DI_OAUTH_2_TOKEN_ADMIN', 'ROLE_CONNECTUSER', 'ROLE_FITNESS_USER', 'ROLE_WELLNESS_USER']","{'typeId': 4, 'typeKey': 'groups'}",False,False,149,1718050517000,11,0.6000000238418579,0.0,88.25279269522113,60.0,3461278113,101.4000015258789,123.4000015258789,245.0,{'summarizedDiveGases': []},0.5,GARMIN,Concord,3,43.26177014037967,-71.52111914008856,253.0,RECOVERY,7.753082275390625,132.73199462890625,RECOVERY_5,NO_ANAEROBIC_BENEFIT_0,"[{'totalAscent': 35.0, 'duration': 1999.0690307617188, 'splitType': 'INTERVAL_ACTIVE', 'numClimbSends': 0, 'maxElevationGain': 35.0, 'averageElevationGain': 35.0, 'maxDistance': 3337, 'distance': 3337.7899322509766, 'averageSpeed': 1.669672172840953, 'maxSpeed': 2.5940001010894775, 'numFalls': 0, 'elevationLoss': 33.0}]",False,30,0,-2.0,False,,,,,,False,False,False,False,False,False,False,False,False,,,,,,,,,,,,,,,,,,,,,,
15830088296,Concord Running,2024-06-09 13:23:31,2024-06-09 17:23:31,"{'typeId': 1, 'typeKey': 'running', 'parentTypeId': 17, 'isHidden': False, 'trimmable': True, 'restricted': False}","{'typeId': 9, 'typeKey': 'uncategorized', 'sortOrder': 10}",14641.7001953125,6040.6640625,6063.9091796875,5879.3270263671875,116.0,111.0,2.4240000247955322,3.181999921798706,43.26144743710756,-71.52095569297671,True,False,118790142,ae52ea07-2874-4bde-8648-ac48be0f708d,Riley King,https://s3.amazonaws.com/garmin-connect-prod/profile_images/249fcc8d-9898-4d4a-abf5-ba07581a6fcd-prth.png,https://s3.amazonaws.com/garmin-connect-prod/profile_images/249fcc8d-9898-4d4a-abf5-ba07581a6fcd-prfr.png,https://s3.amazonaws.com/garmin-connect-prod/profile_images/249fcc8d-9898-4d4a-abf5-ba07581a6fcd-prof.png,1023.0,152.0,115.0,137.0,145.453125,246.0,14912.0,"['SCOPE_GOLF_API_READ', 'SCOPE_ATP_READ', 'SCOPE_DIVE_API_WRITE', 'SCOPE_COMMUNITY_COURSE_ADMIN_READ', 'SCOPE_DIVE_API_READ', 'SCOPE_DI_OAUTH_2_CLIENT_READ', 'SCOPE_CONNECT_WRITE', 'SCOPE_COMMUNITY_COURSE_WRITE', 'SCOPE_MESSAGE_GENERATION_READ', 'SCOPE_DI_OAUTH_2_CLIENT_REVOCATION_ADMIN', 'SCOPE_CONNECT_WEB_TEMPLATE_RENDER', 'SCOPE_OMT_SUBSCRIPTION_ADMIN_READ', 'SCOPE_CONNECT_NON_SOCIAL_SHARED_READ', 'SCOPE_CONNECT_READ', 'SCOPE_DI_OAUTH_2_TOKEN_ADMIN', 'ROLE_CONNECTUSER', 'ROLE_FITNESS_USER', 'ROLE_WELLNESS_USER']","{'typeId': 4, 'typeKey': 'groups'}",False,False,149,1717953811000,1,2.799999952316284,0.0,97.4,,3461278113,72.0,122.5999984741211,246.0,{'summarizedDiveGases': []},0.600006103515625,GARMIN,Concord,10,43.26140963472426,-71.5208980254829,1519.0,AEROBIC_BASE,62.096832275390625,95.40299987792969,MAINTAINING_AEROBIC_BASE_7,NO_ANAEROBIC_BENEFIT_0,"[{'noOfSplits': 1, 'totalAscent': 116.0, 'duration': 6040.6640625, 'splitType': 'INTERVAL_ACTIVE', 'numClimbSends': 0, 'maxElevationGain': 116.0, 'averageElevationGain': 116.0, 'maxDistance': 14641, 'distance': 14641.7197265625, 'averageSpeed': 2.4240000247955322, 'maxSpeed': 3.181999921798706, 'numFalls': 0, 'elevationLoss': 111.0}, {'noOfSplits': 14, 'totalAscent': 56.0, 'duration': 1640.885009765625, 'splitType': 'RWD_WALK', 'numClimbSends': 0, 'maxElevationGain': 19.0, 'averageElevationGain': 4.0, 'maxDistance': 666, 'distance': 2747.610107421875, 'averageSpeed': 1.6740000247955322, 'maxSpeed': 1.9869999885559082, 'numFalls': 0, 'elevationLoss': 8.0}, {'noOfSplits': 4, 'totalAscent': 0.0, 'duration': 151.0019989013672, 'splitType': 'RWD_STAND', 'numClimbSends': 0, 'maxElevationGain': 0.0, 'averageElevationGain': 0.0, 'maxDistance': 12, 'distance': 33.04999923706055, 'averageSpeed': 0.21899999678134918, 'maxSpeed': 1.5399999618530273, 'numFalls': 0, 'elevationLoss': 0.0}, {'noOfSplits': 11, 'totalAscent': 60.0, 'duration': 4250.7568359375, 'splitType': 'RWD_RUN', 'numClimbSends': 0, 'maxElevationGain': 23.0, 'averageElevationGain': 5.0, 'maxDistance': 4884, 'distance': 11861.0400390625, 'averageSpeed': 2.7899999618530273, 'maxSpeed': 3.181999921798706, 'numFalls': 0, 'elevationLoss': 102.0}]",True,24,71,-23.0,False,,,,,,False,False,False,False,False,False,False,False,False,250.0,443.0,280.0,8.180000305175781,281.79998779296875,8.359999656677246,2.444999933242798,,,,,,,,,,,,,,,
15797477167,Concord Walking,2024-06-07 19:23:55,2024-06-07 23:23:55,"{'typeId': 9, 'typeKey': 'walking', 'parentTypeId': 17, 'isHidden': False, 'trimmable': True, 'restricted': False}","{'typeId': 9, 'typeKey': 'uncategorized', 'sortOrder': 10}",1653.6700439453125,1324.2850341796875,1324.2850341796875,1241.0,15.0,15.0,1.2489999532699585,2.0810000896453857,43.26089272275567,-71.52101805433631,True,False,118790142,ae52ea07-2874-4bde-8648-ac48be0f708d,Riley King,https://s3.amazonaws.com/garmin-connect-prod/profile_images/249fcc8d-9898-4d4a-abf5-ba07581a6fcd-prth.png,https://s3.amazonaws.com/garmin-connect-prod/profile_images/249fcc8d-9898-4d4a-abf5-ba07581a6fcd-prfr.png,https://s3.amazonaws.com/garmin-connect-prod/profile_images/249fcc8d-9898-4d4a-abf5-ba07581a6fcd-prof.png,107.0,33.0,88.0,106.0,90.859375,120.0,2286.0,"['SCOPE_GOLF_API_READ', 'SCOPE_ATP_READ', 'SCOPE_DIVE_API_WRITE', 'SCOPE_COMMUNITY_COURSE_ADMIN_READ', 'SCOPE_DIVE_API_READ', 'SCOPE_DI_OAUTH_2_CLIENT_READ', 'SCOPE_CONNECT_WRITE', 'SCOPE_COMMUNITY_COURSE_WRITE', 'SCOPE_MESSAGE_GENERATION_READ', 'SCOPE_DI_OAUTH_2_CLIENT_REVOCATION_ADMIN', 'SCOPE_CONNECT_WEB_TEMPLATE_RENDER', 'SCOPE_OMT_SUBSCRIPTION_ADMIN_READ', 'SCOPE_CONNECT_NON_SOCIAL_SHARED_READ', 'SCOPE_CONNECT_READ', 'SCOPE_DI_OAUTH_2_TOKEN_ADMIN', 'ROLE_CONNECTUSER', 'ROLE_FITNESS_USER', 'ROLE_WELLNESS_USER']","{'typeId': 4, 'typeKey': 'groups'}",False,False,149,1717802635000,11,0.20000000298023224,0.0,83.13171514086748,,3461278113,101.19999694824219,117.4000015258789,120.0,{'summarizedDiveGases': []},0.399993896484375,GARMIN,Concord,2,43.26135498471558,-71.52065495029092,178.0,UNKNOWN,2.947113037109375,51.46200180053711,NO_AEROBIC_BENEFIT_18,NO_ANAEROBIC_BENEFIT_0,"[{'totalAscent': 15.0, 'duration': 1324.284999847412, 'splitType': 'INTERVAL_ACTIVE', 'numClimbSends': 0, 'maxElevationGain': 15.0, 'averageElevationGain': 15.0, 'maxDistance': 1653, 'distance': 1653.6699676513672, 'averageSpeed': 1.248726647090247, 'maxSpeed': 2.0810000896453857, 'numFalls': 0, 'elevationLoss': 15.0}]",False,14,0,-3.0,False,,,,,,False,False,False,False,False,False,False,False,False,,,,,,,,,,,,,,,,,,,,,,
15794876346,Concord Cycling,2024-06-07 14:18:28,2024-06-07 18:18:28,"{'typeId': 2, 'typeKey': 'cycling', 'parentTypeId': 17, 'isHidden': False, 'trimmable': True, 'restricted': False}","{'typeId': 9, 'typeKey': 'uncategorized', 'sortOrder': 10}",6703.580078125,2129.388916015625,2129.388916015625,1417.0,54.0,67.0,3.1480000019073486,11.654000282287598,43.26153242960572,-71.52129205875099,True,False,118790142,ae52ea07-2874-4bde-8648-ac48be0f708d,Riley King,https://s3.amazonaws.com/garmin-connect-prod/profile_images/249fcc8d-9898-4d4a-abf5-ba07581a6fcd-prth.png,https://s3.amazonaws.com/garmin-connect-prod/profile_images/249fcc8d-9898-4d4a-abf5-ba07581a6fcd-prfr.png,https://s3.amazonaws.com/garmin-connect-prod/profile_images/249fcc8d-9898-4d4a-abf5-ba07581a6fcd-prof.png,242.0,54.0,104.0,136.0,,,,"['SCOPE_GOLF_API_READ', 'SCOPE_ATP_READ', 'SCOPE_DIVE_API_WRITE', 'SCOPE_COMMUNITY_COURSE_ADMIN_READ', 'SCOPE_DIVE_API_READ', 'SCOPE_DI_OAUTH_2_CLIENT_READ', 'SCOPE_CONNECT_WRITE', 'SCOPE_COMMUNITY_COURSE_WRITE', 'SCOPE_MESSAGE_GENERATION_READ', 'SCOPE_DI_OAUTH_2_CLIENT_REVOCATION_ADMIN', 'SCOPE_CONNECT_WEB_TEMPLATE_RENDER', 'SCOPE_OMT_SUBSCRIPTION_ADMIN_READ', 'SCOPE_CONNECT_NON_SOCIAL_SHARED_READ', 'SCOPE_CONNECT_READ', 'SCOPE_DI_OAUTH_2_TOKEN_ADMIN', 'ROLE_CONNECTUSER', 'ROLE_FITNESS_USER', 'ROLE_WELLNESS_USER']","{'typeId': 4, 'typeKey': 'groups'}",False,False,149,1717784308000,2,0.8999999761581421,0.0,,,3461278113,92.80000305175781,118.4000015258789,,{'summarizedDiveGases': []},1.0,GARMIN,Concord,1,43.24228229932487,-71.5258969925344,387.0,RECOVERY,10.235244750976562,2129.388916015625,RECOVERY_5,NO_ANAEROBIC_BENEFIT_0,"[{'totalAscent': 54.0, 'duration': 2129.388916015625, 'splitType': 'INTERVAL_ACTIVE', 'numClimbSends': 0, 'maxElevationGain': 54.0, 'averageElevationGain': 54.0, 'maxDistance': 6703, 'distance': 6703.580078125, 'averageSpeed': 3.148123871457125, 'maxSpeed': 11.654000282287598, 'numFalls': 0, 'elevationLoss': 67.0}]",False,18,8,-4.0,False,,,,,,False,False,False,False,False,False,False,False,False,,,,,,,,,,,,,,,,,,,,,,
15793841982,Concord Walking,2024-06-07 12:11:24,2024-06-07 16:11:24,"{'typeId': 9, 'typeKey': 'walking', 'parentTypeId': 17, 'isHidden': False, 'trimmable': True, 'restricted': False}","{'typeId': 9, 'typeKey': 'uncategorized', 'sortOrder': 10}",8809.1904296875,4901.17919921875,4901.17919921875,4843.60302734375,239.0,232.0,1.7970000505447388,4.078000068664551,43.261619098484516,-71.52015396393836,True,False,118790142,ae52ea07-2874-4bde-8648-ac48be0f708d,Riley King,https://s3.amazonaws.com/garmin-connect-prod/profile_images/249fcc8d-9898-4d4a-abf5-ba07581a6fcd-prth.png,https://s3.amazonaws.com/garmin-connect-prod/profile_images/249fcc8d-9898-4d4a-abf5-ba07581a6fcd-prfr.png,https://s3.amazonaws.com/garmin-connect-prod/profile_images/249fcc8d-9898-4d4a-abf5-ba07581a6fcd-prof.png,605.0,123.0,104.0,136.0,114.203125,245.0,9930.0,"['SCOPE_GOLF_API_READ', 'SCOPE_ATP_READ', 'SCOPE_DIVE_API_WRITE', 'SCOPE_COMMUNITY_COURSE_ADMIN_READ', 'SCOPE_DIVE_API_READ', 'SCOPE_DI_OAUTH_2_CLIENT_READ', 'SCOPE_CONNECT_WRITE', 'SCOPE_COMMUNITY_COURSE_WRITE', 'SCOPE_MESSAGE_GENERATION_READ', 'SCOPE_DI_OAUTH_2_CLIENT_REVOCATION_ADMIN', 'SCOPE_CONNECT_WEB_TEMPLATE_RENDER', 'SCOPE_OMT_SUBSCRIPTION_ADMIN_READ', 'SCOPE_CONNECT_NON_SOCIAL_SHARED_READ', 'SCOPE_CONNECT_READ', 'SCOPE_DI_OAUTH_2_TOKEN_ADMIN', 'ROLE_CONNECTUSER', 'ROLE_FITNESS_USER', 'ROLE_WELLNESS_USER']","{'typeId': 4, 'typeKey': 'groups'}",False,False,149,1717776684000,11,2.0,0.0,94.8542659557274,60.0,3461278113,120.0,292.20001220703125,245.0,{'summarizedDiveGases': []},0.733332316080729,GARMIN,Concord,6,43.26177273876965,-71.52117881923914,955.0,AEROBIC_BASE,23.023971557617188,383.8290100097656,MAINTAINING_AEROBIC_BASE_7,NO_ANAEROBIC_BENEFIT_0,"[{'totalAscent': 239.0, 'duration': 4901.179046630859, 'splitType': 'INTERVAL_ACTIVE', 'numClimbSends': 0, 'maxElevationGain': 239.0, 'averageElevationGain': 239.0, 'maxDistance': 8809, 'distance': 8809.189819335938, 'averageSpeed': 1.7973613564253483, 'maxSpeed': 4.078000068664551, 'numFalls': 0, 'elevationLoss': 232.0}]",False,69,11,-14.0,False,,,,,,False,False,False,False,False,False,False,False,False,,,,,,,,,,,,,,,,,,,,,,
15780698259,Concord Trail Running,2024-06-06 16:14:07,2024-06-06 20:14:07,"{'typeId': 6, 'typeKey': 'trail_running', 'parentTypeId': 1, 'isHidden': False, 'trimmable': True, 'restricted': False}","{'typeId': 9, 'typeKey': 'uncategorized', 'sortOrder': 10}",10231.759765625,3979.637939453125,3979.637939453125,3893.083984375,343.0,331.0,2.571000099182129,4.413000106811523,43.26135481707752,-71.52092962525785,True,False,118790142,ae52ea07-2874-4bde-8648-ac48be0f708d,Riley King,https://s3.amazonaws.com/garmin-connect-prod/profile_images/249fcc8d-9898-4d4a-abf5-ba07581a6fcd-prth.png,https://s3.amazonaws.com/garmin-connect-prod/profile_images/249fcc8d-9898-4d4a-abf5-ba07581a6fcd-prfr.png,https://s3.amazonaws.com/garmin-connect-prod/profile_images/249fcc8d-9898-4d4a-abf5-ba07581a6fcd-prof.png,824.0,100.0,141.0,171.0,141.28125,250.0,9640.0,"['SCOPE_GOLF_API_READ', 'SCOPE_ATP_READ', 'SCOPE_DIVE_API_WRITE', 'SCOPE_COMMUNITY_COURSE_ADMIN_READ', 'SCOPE_DIVE_API_READ', 'SCOPE_DI_OAUTH_2_CLIENT_READ', 'SCOPE_CONNECT_WRITE', 'SCOPE_COMMUNITY_COURSE_WRITE', 'SCOPE_MESSAGE_GENERATION_READ', 'SCOPE_DI_OAUTH_2_CLIENT_REVOCATION_ADMIN', 'SCOPE_CONNECT_WEB_TEMPLATE_RENDER', 'SCOPE_OMT_SUBSCRIPTION_ADMIN_READ', 'SCOPE_CONNECT_NON_SOCIAL_SHARED_READ', 'SCOPE_CONNECT_READ', 'SCOPE_DI_OAUTH_2_TOKEN_ADMIN', 'ROLE_CONNECTUSER', 'ROLE_FITNESS_USER', 'ROLE_WELLNESS_USER']","{'typeId': 4, 'typeKey': 'groups'}",False,False,149,1717704847000,1,3.299999952316284,0.10000000149011612,105.45,60.0,3461278113,121.5999984741211,294.0,250.0,{'summarizedDiveGases': []},1.1999969482421875,GARMIN,Concord,7,43.2616491895169,-71.52124989777803,1105.0,AEROBIC_BASE,101.72047424316406,170.9759979248047,IMPROVING_AEROBIC_BASE_8,NO_ANAEROBIC_BENEFIT_0,"[{'noOfSplits': 1, 'totalAscent': 343.0, 'duration': 3979.637939453125, 'splitType': 'INTERVAL_ACTIVE', 'numClimbSends': 0, 'maxElevationGain': 343.0, 'averageElevationGain': 343.0, 'maxDistance': 10231, 'distance': 10231.759765625, 'averageSpeed': 2.571000099182129, 'maxSpeed': 4.413000106811523, 'numFalls': 0, 'elevationLoss': 331.0}, {'noOfSplits': 24, 'totalAscent': 97.0, 'duration': 1060.9830322265625, 'splitType': 'RWD_WALK', 'numClimbSends': 0, 'maxElevationGain': 27.0, 'averageElevationGain': 4.0, 'maxDistance': 261, 'distance': 1664.6800537109375, 'averageSpeed': 1.569000005722046, 'maxSpeed': 2.1089999675750732, 'numFalls': 0, 'elevationLoss': 16.0}, {'noOfSplits': 5, 'totalAscent': 0.0, 'duration': 49.999000549316406, 'splitType': 'RWD_STAND', 'numClimbSends': 0, 'maxElevationGain': 0.0, 'averageElevationGain': 0.0, 'maxDistance': 6, 'distance': 24.670000076293945, 'averageSpeed': 0.49300000071525574, 'maxSpeed': 0.0, 'numFalls': 0, 'elevationLoss': 0.0}, {'noOfSplits': 21, 'totalAscent': 247.0, 'duration': 2868.635986328125, 'splitType': 'RWD_RUN', 'numClimbSends': 0, 'maxElevationGain': 62.0, 'averageElevationGain': 12.0, 'maxDistance': 1944, 'distance': 8542.41015625, 'averageSpeed': 2.9779999256134033, 'maxSpeed': 4.413000106811523, 'numFalls': 0, 'elevationLoss': 315.0}]",True,10,53,-15.0,False,,,,,,False,False,False,False,False,False,False,False,False,285.0,619.0,335.0,8.469999694824219,274.20001220703125,8.079999923706055,2.806999921798706,,,,,,,,,,,,,,,
15746962849,Concord Walking,2024-06-04 18:43:18,2024-06-04 22:43:18,"{'typeId': 9, 'typeKey': 'walking', 'parentTypeId': 17, 'isHidden': False, 'trimmable': True, 'restricted': False}","{'typeId': 9, 'typeKey': 'uncategorized', 'sortOrder': 10}",3477.070068359375,2063.132080078125,2067.159912109375,2055.7429809570312,80.0,80.0,1.684999942779541,3.5179998874664307,43.26139940880239,-71.5209601353854,True,False,118790142,ae52ea07-2874-4bde-8648-ac48be0f708d,Riley King,https://s3.amazonaws.com/garmin-connect-prod/profile_images/249fcc8d-9898-4d4a-abf5-ba07581a6fcd-prth.png,https://s3.amazonaws.com/garmin-connect-prod/profile_images/249fcc8d-9898-4d4a-abf5-ba07581a6fcd-prfr.png,https://s3.amazonaws.com/garmin-connect-prod/profile_images/249fcc8d-9898-4d4a-abf5-ba07581a6fcd-prof.png,247.0,52.0,106.0,145.0,109.453125,237.0,4038.0,"['SCOPE_GOLF_API_READ', 'SCOPE_ATP_READ', 'SCOPE_DIVE_API_WRITE', 'SCOPE_COMMUNITY_COURSE_ADMIN_READ', 'SCOPE_DIVE_API_READ', 'SCOPE_DI_OAUTH_2_CLIENT_READ', 'SCOPE_CONNECT_WRITE', 'SCOPE_COMMUNITY_COURSE_WRITE', 'SCOPE_MESSAGE_GENERATION_READ', 'SCOPE_DI_OAUTH_2_CLIENT_REVOCATION_ADMIN', 'SCOPE_CONNECT_WEB_TEMPLATE_RENDER', 'SCOPE_OMT_SUBSCRIPTION_ADMIN_READ', 'SCOPE_CONNECT_NON_SOCIAL_SHARED_READ', 'SCOPE_CONNECT_READ', 'SCOPE_DI_OAUTH_2_TOKEN_ADMIN', 'ROLE_CONNECTUSER', 'ROLE_FITNESS_USER', 'ROLE_WELLNESS_USER']","{'typeId': 4, 'typeKey': 'groups'}",False,False,149,1717540998000,11,1.0,0.0,92.41007708053165,60.0,3461278113,101.4000015258789,140.8000030517578,237.0,{'summarizedDiveGases': []},1.0,GARMIN,Concord,3,43.261467637494206,-71.52105225250125,378.0,RECOVERY,11.890457153320312,150.52200317382812,RECOVERY_5,NO_ANAEROBIC_BENEFIT_0,"[{'totalAscent': 80.0, 'duration': 2063.1319885253906, 'splitType': 'INTERVAL_ACTIVE', 'numClimbSends': 0, 'maxElevationGain': 80.0, 'averageElevationGain': 80.0, 'maxDistance': 3477, 'distance': 3477.0699462890625, 'averageSpeed': 1.6853356768387244, 'maxSpeed': 3.5179998874664307, 'numFalls': 0, 'elevationLoss': 80.0}]",False,26,5,-3.0,False,,,,,,False,False,False,False,False,False,False,False,False,,,,,,,,,,,,,,,,,,,,,,
15746152185,Concord - Threshold,2024-06-04 17:09:47,2024-06-04 21:09:47,"{'typeId': 1, 'typeKey': 'running', 'parentTypeId': 17, 'isHidden': False, 'trimmable': True, 'restricted': False}","{'typeId': 9, 'typeKey': 'uncategorized', 'sortOrder': 10}",2798.85009765625,784.3829956054688,784.3829956054688,782.5929870605469,19.0,36.0,3.5680000782012944,4.664999961853027,43.26120151206851,-71.52081630192697,True,False,118790142,ae52ea07-2874-4bde-8648-ac48be0f708d,Riley King,https://s3.amazonaws.com/garmin-connect-prod/profile_images/249fcc8d-9898-4d4a-abf5-ba07581a6fcd-prth.png,https://s3.amazonaws.com/garmin-connect-prod/profile_images/249fcc8d-9898-4d4a-abf5-ba07581a6fcd-prfr.png,https://s3.amazonaws.com/garmin-connect-prod/profile_images/249fcc8d-9898-4d4a-abf5-ba07581a6fcd-prof.png,194.0,20.0,144.0,168.0,166.8125,188.0,2184.0,"['SCOPE_GOLF_API_READ', 'SCOPE_ATP_READ', 'SCOPE_DIVE_API_WRITE', 'SCOPE_COMMUNITY_COURSE_ADMIN_READ', 'SCOPE_DIVE_API_READ', 'SCOPE_DI_OAUTH_2_CLIENT_READ', 'SCOPE_CONNECT_WRITE', 'SCOPE_COMMUNITY_COURSE_WRITE', 'SCOPE_MESSAGE_GENERATION_READ', 'SCOPE_DI_OAUTH_2_CLIENT_REVOCATION_ADMIN', 'SCOPE_CONNECT_WEB_TEMPLATE_RENDER', 'SCOPE_OMT_SUBSCRIPTION_ADMIN_READ', 'SCOPE_CONNECT_NON_SOCIAL_SHARED_READ', 'SCOPE_CONNECT_READ', 'SCOPE_DI_OAUTH_2_TOKEN_ADMIN', 'ROLE_CONNECTUSER', 'ROLE_FITNESS_USER', 'ROLE_WELLNESS_USER']","{'typeId': 4, 'typeKey': 'groups'}",False,False,149,1717535387000,1,2.5999999046325684,0.10000000149011612,127.79000244140626,60.0,3461278113,91.80000305175781,116.0,188.0,{'summarizedDiveGases': []},1.0,GARMIN,Concord,3,43.238872876390815,-71.52324227616191,217.0,AEROBIC_BASE,51.86973571777344,120.40699768066406,MAINTAINING_AEROBIC_FITNESS_1,NO_ANAEROBIC_BENEFIT_0,"[{'noOfSplits': 1, 'totalAscent': 11.0, 'duration': 600.0, 'splitType': 'INTERVAL_WARMUP', 'numClimbSends': 0, 'maxElevationGain': 11.0, 'averageElevationGain': 11.0, 'maxDistance': 2027, 'distance': 2027.469970703125, 'averageSpeed': 3.378999948501587, 'maxSpeed': 3.6389999389648438, 'numFalls': 0, 'elevationLoss': 21.0}, {'noOfSplits': 1, 'totalAscent': 0.0, 'duration': 5.0, 'splitType': 'RWD_WALK', 'numClimbSends': 0, 'maxElevationGain': 0.0, 'averageElevationGain': 0.0, 'maxDistance': 7, 'distance': 7.730000019073486, 'averageSpeed': 1.5460000038146973, 'maxSpeed': 2.0429999828338623, 'numFalls': 0, 'elevationLoss': 0.0}, {'noOfSplits': 1, 'totalAscent': 19.0, 'duration': 784.2750244140625, 'splitType': 'RWD_RUN', 'numClimbSends': 0, 'maxElevationGain': 19.0, 'averageElevationGain': 19.0, 'maxDistance': 2791, 'distance': 2791.1201171875, 'averageSpeed': 3.559000015258789, 'maxSpeed': 4.664999961853027, 'numFalls': 0, 'elevationLoss': 36.0}, {'noOfSplits': 1, 'totalAscent': 8.0, 'duration': 184.3090057373047, 'splitType': 'INTERVAL_ACTIVE', 'numClimbSends': 0, 'maxElevationGain': 8.0, 'averageElevationGain': 8.0, 'maxDistance': 771, 'distance': 771.3800048828125, 'averageSpeed': 4.184999942779541, 'maxSpeed': 4.664999961853027, 'numFalls': 0, 'elevationLoss': 15.0}]",True,0,10,-4.0,False,,,,,,False,False,False,False,False,False,False,False,False,391.0,771.0,398.0,9.880000305175782,254.89999389648438,7.78000020980835,3.5339999198913574,,,,,,,,,,,,,,,
15729524715,Concord Walking,2024-06-03 18:07:23,2024-06-03 22:07:23,"{'typeId': 9, 'typeKey': 'walking', 'parentTypeId': 17, 'isHidden': False, 'trimmable': True, 'restricted': False}","{'typeId': 9, 'typeKey': 'uncategorized', 'sortOrder': 10}",11371.6796875,6394.99609375,6579.88916015625,5979.190002441406,401.0,384.0,1.777999997138977,3.871999979019165,43.261444671079516,-71.52099374681711,True,False,118790142,ae52ea07-2874-4bde-8648-ac48be0f708d,Riley King,https://s3.amazonaws.com/garmin-connect-prod/profile_images/249fcc8d-9898-4d4a-abf5-ba07581a6fcd-prth.png,https://s3.amazonaws.com/garmin-connect-prod/profile_images/249fcc8d-9898-4d4a-abf5-ba07581a6fcd-prfr.png,https://s3.amazonaws.com/garmin-connect-prod/profile_images/249fcc8d-9898-4d4a-abf5-ba07581a6fcd-prof.png,858.0,161.0,118.0,160.0,104.625,247.0,12484.0,"['SCOPE_GOLF_API_READ', 'SCOPE_ATP_READ', 'SCOPE_DIVE_API_WRITE', 'SCOPE_COMMUNITY_COURSE_ADMIN_READ', 'SCOPE_DIVE_API_READ', 'SCOPE_DI_OAUTH_2_CLIENT_READ', 'SCOPE_CONNECT_WRITE', 'SCOPE_COMMUNITY_COURSE_WRITE', 'SCOPE_MESSAGE_GENERATION_READ', 'SCOPE_DI_OAUTH_2_CLIENT_REVOCATION_ADMIN', 'SCOPE_CONNECT_WEB_TEMPLATE_RENDER', 'SCOPE_OMT_SUBSCRIPTION_ADMIN_READ', 'SCOPE_CONNECT_NON_SOCIAL_SHARED_READ', 'SCOPE_CONNECT_READ', 'SCOPE_DI_OAUTH_2_TOKEN_ADMIN', 'ROLE_CONNECTUSER', 'ROLE_FITNESS_USER', 'ROLE_WELLNESS_USER']","{'typeId': 4, 'typeKey': 'groups'}",False,False,149,1717452443000,11,2.299999952316284,0.0,102.26505654405935,60.0,3461278113,117.19999694824219,306.20001220703125,247.0,{'summarizedDiveGases': []},1.0,GARMIN,Concord,8,43.261791011318564,-71.52119357138872,1111.0,AEROBIC_BASE,38.80763244628906,137.07899475097656,MAINTAINING_AEROBIC_BASE_7,NO_ANAEROBIC_BENEFIT_0,"[{'totalAscent': 401.0, 'duration': 6394.99592590332, 'splitType': 'INTERVAL_ACTIVE', 'numClimbSends': 0, 'maxElevationGain': 401.0, 'averageElevationGain': 401.0, 'maxDistance': 11371, 'distance': 11371.679763793945, 'averageSpeed': 1.7782153257881312, 'maxSpeed': 3.871999979019165, 'numFalls': 0, 'elevationLoss': 385.0}]",False,68,32,-12.0,False,,,,,,False,False,False,False,False,False,False,False,False,,,,,,,,,,,,,,,,,,,,,,
15692617557,Concord Walking,2024-06-01 12:03:21,2024-06-01 16:03:21,"{'typeId': 9, 'typeKey': 'walking', 'parentTypeId': 17, 'isHidden': False, 'trimmable': True, 'restricted': False}","{'typeId': 9, 'typeKey': 'uncategorized', 'sortOrder': 10}",11471.169921875,6638.04296875,6638.04296875,6492.396057128906,327.0,319.0,1.7280000448226929,3.5360000133514404,43.26138474047184,-71.520871873945,True,False,118790142,ae52ea07-2874-4bde-8648-ac48be0f708d,Riley King,https://s3.amazonaws.com/garmin-connect-prod/profile_images/249fcc8d-9898-4d4a-abf5-ba07581a6fcd-prth.png,https://s3.amazonaws.com/garmin-connect-prod/profile_images/249fcc8d-9898-4d4a-abf5-ba07581a6fcd-prfr.png,https://s3.amazonaws.com/garmin-connect-prod/profile_images/249fcc8d-9898-4d4a-abf5-ba07581a6fcd-prof.png,780.0,167.0,103.0,148.0,106.875,244.0,13300.0,"['SCOPE_GOLF_API_READ', 'SCOPE_ATP_READ', 'SCOPE_DIVE_API_WRITE', 'SCOPE_COMMUNITY_COURSE_ADMIN_READ', 'SCOPE_DIVE_API_READ', 'SCOPE_DI_OAUTH_2_CLIENT_READ', 'SCOPE_CONNECT_WRITE', 'SCOPE_COMMUNITY_COURSE_WRITE', 'SCOPE_MESSAGE_GENERATION_READ', 'SCOPE_DI_OAUTH_2_CLIENT_REVOCATION_ADMIN', 'SCOPE_CONNECT_WEB_TEMPLATE_RENDER', 'SCOPE_OMT_SUBSCRIPTION_ADMIN_READ', 'SCOPE_CONNECT_NON_SOCIAL_SHARED_READ', 'SCOPE_CONNECT_READ', 'SCOPE_DI_OAUTH_2_TOKEN_ADMIN', 'ROLE_CONNECTUSER', 'ROLE_FITNESS_USER', 'ROLE_WELLNESS_USER']","{'typeId': 4, 'typeKey': 'groups'}",False,False,149,1717257801000,11,2.0,0.0,97.79113186960626,60.0,3461278113,112.19999694824219,287.3999938964844,244.0,{'summarizedDiveGases': []},1.0,GARMIN,Concord,8,43.26155120506883,-71.521300021559,1251.0,AEROBIC_BASE,28.027084350585938,245.2899932861328,MAINTAINING_AEROBIC_BASE_7,NO_ANAEROBIC_BENEFIT_0,"[{'totalAscent': 326.0, 'duration': 6638.043045043945, 'splitType': 'INTERVAL_ACTIVE', 'numClimbSends': 0, 'maxElevationGain': 326.0, 'averageElevationGain': 326.0, 'maxDistance': 11471, 'distance': 11471.16975402832, 'averageSpeed': 1.7280951142058132, 'maxSpeed': 3.5360000133514404, 'numFalls': 0, 'elevationLoss': 319.0}]",False,96,11,-16.0,False,,,,,,False,False,False,False,False,False,False,False,False,,,,,,,,,,,,,,,,,,,,,,
15663489074,Concord - Base,2024-05-30 17:04:52,2024-05-30 21:04:52,"{'typeId': 1, 'typeKey': 'running', 'parentTypeId': 17, 'isHidden': False, 'trimmable': True, 'restricted': False}","{'typeId': 9, 'typeKey': 'uncategorized', 'sortOrder': 10}",14210.990234375,4601.1171875,4609.537109375,4598.384002685547,102.0,107.0,3.0889999866485596,4.050000190734863,43.26130276545882,-71.52079844847322,True,False,118790142,ae52ea07-2874-4bde-8648-ac48be0f708d,Riley King,https://s3.amazonaws.com/garmin-connect-prod/profile_images/249fcc8d-9898-4d4a-abf5-ba07581a6fcd-prth.png,https://s3.amazonaws.com/garmin-connect-prod/profile_images/249fcc8d-9898-4d4a-abf5-ba07581a6fcd-prfr.png,https://s3.amazonaws.com/garmin-connect-prod/profile_images/249fcc8d-9898-4d4a-abf5-ba07581a6fcd-prof.png,981.0,116.0,137.0,167.0,156.515625,247.0,12038.0,"['SCOPE_GOLF_API_READ', 'SCOPE_ATP_READ', 'SCOPE_DIVE_API_WRITE', 'SCOPE_COMMUNITY_COURSE_ADMIN_READ', 'SCOPE_DIVE_API_READ', 'SCOPE_DI_OAUTH_2_CLIENT_READ', 'SCOPE_CONNECT_WRITE', 'SCOPE_COMMUNITY_COURSE_WRITE', 'SCOPE_MESSAGE_GENERATION_READ', 'SCOPE_DI_OAUTH_2_CLIENT_REVOCATION_ADMIN', 'SCOPE_CONNECT_WEB_TEMPLATE_RENDER', 'SCOPE_OMT_SUBSCRIPTION_ADMIN_READ', 'SCOPE_CONNECT_NON_SOCIAL_SHARED_READ', 'SCOPE_CONNECT_READ', 'SCOPE_DI_OAUTH_2_TOKEN_ADMIN', 'ROLE_CONNECTUSER', 'ROLE_FITNESS_USER', 'ROLE_WELLNESS_USER']","{'typeId': 4, 'typeKey': 'groups'}",False,False,149,1717103092000,1,3.5,0.0,116.60999755859376,60.0,3461278113,75.4000015258789,118.4000015258789,247.0,{'summarizedDiveGases': []},0.5999984741210938,GARMIN,Concord,10,43.26122850179672,-71.52076911181211,1242.0,AEROBIC_BASE,121.46687316894531,134.802001953125,IMPROVING_AEROBIC_ENDURANCE_9,NO_ANAEROBIC_BENEFIT_0,"[{'noOfSplits': 1, 'totalAscent': 102.0, 'duration': 4601.1171875, 'splitType': 'INTERVAL_ACTIVE', 'numClimbSends': 0, 'maxElevationGain': 102.0, 'averageElevationGain': 102.0, 'maxDistance': 14211, 'distance': 14211.0, 'averageSpeed': 3.0889999866485596, 'maxSpeed': 4.050000190734863, 'numFalls': 0, 'elevationLoss': 107.0}, {'noOfSplits': 1, 'totalAscent': 0.0, 'duration': 5.0, 'splitType': 'RWD_STAND', 'numClimbSends': 0, 'maxElevationGain': 0.0, 'averageElevationGain': 0.0, 'maxDistance': 13, 'distance': 13.779999732971191, 'averageSpeed': 2.75600004196167, 'maxSpeed': 2.071000099182129, 'numFalls': 0, 'elevationLoss': 5.0}, {'noOfSplits': 8, 'totalAscent': 75.0, 'duration': 3464.919921875, 'splitType': 'RWD_RUN', 'numClimbSends': 0, 'maxElevationGain': 36.0, 'averageElevationGain': 9.0, 'maxDistance': 4737, 'distance': 12080.8798828125, 'averageSpeed': 3.486999988555908, 'maxSpeed': 4.050000190734863, 'numFalls': 0, 'elevationLoss': 100.0}, {'noOfSplits': 8, 'totalAscent': 27.0, 'duration': 1136.0799560546875, 'splitType': 'RWD_WALK', 'numClimbSends': 0, 'maxElevationGain': 13.0, 'averageElevationGain': 3.0, 'maxDistance': 764, 'distance': 2116.330078125, 'averageSpeed': 1.8630000352859497, 'maxSpeed': 2.193000078201294, 'numFalls': 0, 'elevationLoss': 2.0}]",True,16,58,-13.0,False,,,,,,False,False,False,False,False,False,False,False,False,328.0,599.0,362.0,8.980000305175782,285.29998779296875,7.71999979019165,3.128000020980835,,,,,,,,,,,,,,,
15647067946,Concord Trail Running,2024-05-29 17:28:48,2024-05-29 21:28:48,"{'typeId': 6, 'typeKey': 'trail_running', 'parentTypeId': 1, 'isHidden': False, 'trimmable': True, 'restricted': False}","{'typeId': 9, 'typeKey': 'uncategorized', 'sortOrder': 10}",8920.169921875,3217.944091796875,3217.944091796875,3205.9309997558594,294.0,289.0,2.7720000743865967,4.451000213623047,43.26134459115565,-71.52075561694801,True,False,118790142,ae52ea07-2874-4bde-8648-ac48be0f708d,Riley King,https://s3.amazonaws.com/garmin-connect-prod/profile_images/249fcc8d-9898-4d4a-abf5-ba07581a6fcd-prth.png,https://s3.amazonaws.com/garmin-connect-prod/profile_images/249fcc8d-9898-4d4a-abf5-ba07581a6fcd-prfr.png,https://s3.amazonaws.com/garmin-connect-prod/profile_images/249fcc8d-9898-4d4a-abf5-ba07581a6fcd-prof.png,736.0,81.0,152.0,177.0,148.296875,239.0,8132.0,"['SCOPE_GOLF_API_READ', 'SCOPE_ATP_READ', 'SCOPE_DIVE_API_WRITE', 'SCOPE_COMMUNITY_COURSE_ADMIN_READ', 'SCOPE_DIVE_API_READ', 'SCOPE_DI_OAUTH_2_CLIENT_READ', 'SCOPE_CONNECT_WRITE', 'SCOPE_COMMUNITY_COURSE_WRITE', 'SCOPE_MESSAGE_GENERATION_READ', 'SCOPE_DI_OAUTH_2_CLIENT_REVOCATION_ADMIN', 'SCOPE_CONNECT_WEB_TEMPLATE_RENDER', 'SCOPE_OMT_SUBSCRIPTION_ADMIN_READ', 'SCOPE_CONNECT_NON_SOCIAL_SHARED_READ', 'SCOPE_CONNECT_READ', 'SCOPE_DI_OAUTH_2_TOKEN_ADMIN', 'ROLE_CONNECTUSER', 'ROLE_FITNESS_USER', 'ROLE_WELLNESS_USER']","{'typeId': 4, 'typeKey': 'groups'}",False,False,149,1717018128000,1,3.9000000953674316,0.0,108.2,60.0,3461278113,121.80000305175781,289.79998779296875,239.0,{'summarizedDiveGases': []},1.0,GARMIN,Concord,6,43.261502254754305,-71.52107966132462,862.0,LACTATE_THRESHOLD,146.88572692871094,305.1109924316406,IMPROVING_LACTATE_THRESHOLD_12,NO_ANAEROBIC_BENEFIT_0,"[{'noOfSplits': 1, 'totalAscent': 294.0, 'duration': 3217.944091796875, 'splitType': 'INTERVAL_ACTIVE', 'numClimbSends': 0, 'maxElevationGain': 294.0, 'averageElevationGain': 294.0, 'maxDistance': 8920, 'distance': 8920.169921875, 'averageSpeed': 2.7720000743865967, 'maxSpeed': 4.451000213623047, 'numFalls': 0, 'elevationLoss': 289.0}, {'noOfSplits': 14, 'totalAscent': 252.0, 'duration': 2493.0009765625, 'splitType': 'RWD_RUN', 'numClimbSends': 0, 'maxElevationGain': 113.0, 'averageElevationGain': 18.0, 'maxDistance': 2790, 'distance': 7862.18017578125, 'averageSpeed': 3.1540000438690186, 'maxSpeed': 4.451000213623047, 'numFalls': 0, 'elevationLoss': 268.0}, {'noOfSplits': 15, 'totalAscent': 42.0, 'duration': 716.8170166015625, 'splitType': 'RWD_WALK', 'numClimbSends': 0, 'maxElevationGain': 15.0, 'averageElevationGain': 3.0, 'maxDistance': 615, 'distance': 1047.3900146484375, 'averageSpeed': 1.4609999656677246, 'maxSpeed': 2.193000078201294, 'numFalls': 0, 'elevationLoss': 21.0}, {'noOfSplits': 2, 'totalAscent': 0.0, 'duration': 11.0, 'splitType': 'RWD_STAND', 'numClimbSends': 0, 'maxElevationGain': 0.0, 'averageElevationGain': 0.0, 'maxDistance': 5, 'distance': 10.600000381469727, 'averageSpeed': 0.9639999866485596, 'maxSpeed': 1.6419999599456787, 'numFalls': 0, 'elevationLoss': 0.0}]",True,9,44,-13.0,False,,,,,,False,False,False,False,False,False,False,False,False,309.0,625.0,370.0,8.5,261.6000061035156,7.989999771118164,3.0320000648498535,,,,,,,,,,,,,,,
15646409129,Concord Walking,2024-05-29 16:42:59,2024-05-29 20:42:59,"{'typeId': 9, 'typeKey': 'walking', 'parentTypeId': 17, 'isHidden': False, 'trimmable': True, 'restricted': False}","{'typeId': 9, 'typeKey': 'uncategorized', 'sortOrder': 10}",2917.77001953125,2527.37890625,2527.37890625,1494.0,30.0,18.0,1.1540000438690186,2.249000072479248,43.26007909141481,-71.52156120166183,True,False,118790142,ae52ea07-2874-4bde-8648-ac48be0f708d,Riley King,https://s3.amazonaws.com/garmin-connect-prod/profile_images/249fcc8d-9898-4d4a-abf5-ba07581a6fcd-prth.png,https://s3.amazonaws.com/garmin-connect-prod/profile_images/249fcc8d-9898-4d4a-abf5-ba07581a6fcd-prfr.png,https://s3.amazonaws.com/garmin-connect-prod/profile_images/249fcc8d-9898-4d4a-abf5-ba07581a6fcd-prof.png,218.0,64.0,86.0,110.0,71.09375,176.0,3182.0,"['SCOPE_GOLF_API_READ', 'SCOPE_ATP_READ', 'SCOPE_DIVE_API_WRITE', 'SCOPE_COMMUNITY_COURSE_ADMIN_READ', 'SCOPE_DIVE_API_READ', 'SCOPE_DI_OAUTH_2_CLIENT_READ', 'SCOPE_CONNECT_WRITE', 'SCOPE_COMMUNITY_COURSE_WRITE', 'SCOPE_MESSAGE_GENERATION_READ', 'SCOPE_DI_OAUTH_2_CLIENT_REVOCATION_ADMIN', 'SCOPE_CONNECT_WEB_TEMPLATE_RENDER', 'SCOPE_OMT_SUBSCRIPTION_ADMIN_READ', 'SCOPE_CONNECT_NON_SOCIAL_SHARED_READ', 'SCOPE_CONNECT_READ', 'SCOPE_DI_OAUTH_2_TOKEN_ADMIN', 'ROLE_CONNECTUSER', 'ROLE_FITNESS_USER', 'ROLE_WELLNESS_USER']","{'typeId': 4, 'typeKey': 'groups'}",False,False,149,1717015379000,11,0.6000000238418579,0.0,99.53737286901284,60.0,3461278113,100.80000305175781,124.19999694824219,176.0,{'summarizedDiveGases': []},0.399993896484375,GARMIN,Concord,2,43.261658158153296,-71.5212191361934,373.0,RECOVERY,7.4704132080078125,861.9219970703125,RECOVERY_5,NO_ANAEROBIC_BENEFIT_0,"[{'totalAscent': 30.0, 'duration': 2527.3790283203125, 'splitType': 'INTERVAL_ACTIVE', 'numClimbSends': 0, 'maxElevationGain': 30.0, 'averageElevationGain': 30.0, 'maxDistance': 2917, 'distance': 2917.77001953125, 'averageSpeed': 1.1544647584855485, 'maxSpeed': 2.249000072479248, 'numFalls': 0, 'elevationLoss': 18.0}]",False,25,0,-5.0,False,,,,,,False,False,False,False,False,False,False,False,False,,,,,,,,,,,,,,,,,,,,,,
15596957957,Concord Trail Running,2024-05-26 17:04:01,2024-05-26 21:04:01,"{'typeId': 6, 'typeKey': 'trail_running', 'parentTypeId': 1, 'isHidden': False, 'trimmable': True, 'restricted': False}","{'typeId': 9, 'typeKey': 'uncategorized', 'sortOrder': 10}",10213.9599609375,3656.23095703125,3656.23095703125,3607.7569580078125,265.0,259.0,2.7939999103546143,5.206999778747559,43.26148599386215,-71.52039393782616,True,False,118790142,ae52ea07-2874-4bde-8648-ac48be0f708d,Riley King,https://s3.amazonaws.com/garmin-connect-prod/profile_images/249fcc8d-9898-4d4a-abf5-ba07581a6fcd-prth.png,https://s3.amazonaws.com/garmin-connect-prod/profile_images/249fcc8d-9898-4d4a-abf5-ba07581a6fcd-prfr.png,https://s3.amazonaws.com/garmin-connect-prod/profile_images/249fcc8d-9898-4d4a-abf5-ba07581a6fcd-prof.png,782.0,92.0,139.0,175.0,143.5625,228.0,8902.0,"['SCOPE_GOLF_API_READ', 'SCOPE_ATP_READ', 'SCOPE_DIVE_API_WRITE', 'SCOPE_COMMUNITY_COURSE_ADMIN_READ', 'SCOPE_DIVE_API_READ', 'SCOPE_DI_OAUTH_2_CLIENT_READ', 'SCOPE_CONNECT_WRITE', 'SCOPE_COMMUNITY_COURSE_WRITE', 'SCOPE_MESSAGE_GENERATION_READ', 'SCOPE_DI_OAUTH_2_CLIENT_REVOCATION_ADMIN', 'SCOPE_CONNECT_WEB_TEMPLATE_RENDER', 'SCOPE_OMT_SUBSCRIPTION_ADMIN_READ', 'SCOPE_CONNECT_NON_SOCIAL_SHARED_READ', 'SCOPE_CONNECT_READ', 'SCOPE_DI_OAUTH_2_TOKEN_ADMIN', 'ROLE_CONNECTUSER', 'ROLE_FITNESS_USER', 'ROLE_WELLNESS_USER']","{'typeId': 4, 'typeKey': 'groups'}",False,False,149,1716757441000,1,3.200000047683716,0.0,111.39000244140625,60.0,3461278113,121.0,284.79998779296875,228.0,{'summarizedDiveGases': []},1.0,GARMIN,Concord,7,43.261554976925254,-71.52118418365717,1015.0,AEROBIC_BASE,91.74931335449219,142.88600158691406,IMPROVING_AEROBIC_BASE_8,NO_ANAEROBIC_BENEFIT_0,"[{'noOfSplits': 17, 'totalAscent': 118.0, 'duration': 1163.001953125, 'splitType': 'RWD_WALK', 'numClimbSends': 0, 'maxElevationGain': 23.0, 'averageElevationGain': 7.0, 'maxDistance': 452, 'distance': 1911.3800048828125, 'averageSpeed': 1.6430000066757202, 'maxSpeed': 2.127000093460083, 'numFalls': 0, 'elevationLoss': 0.0}, {'noOfSplits': 2, 'totalAscent': 0.0, 'duration': 41.0, 'splitType': 'RWD_STAND', 'numClimbSends': 0, 'maxElevationGain': 0.0, 'averageElevationGain': 0.0, 'maxDistance': 11, 'distance': 19.350000381469727, 'averageSpeed': 0.47200000286102295, 'maxSpeed': 0.0, 'numFalls': 0, 'elevationLoss': 0.0}, {'noOfSplits': 1, 'totalAscent': 265.0, 'duration': 3656.23095703125, 'splitType': 'INTERVAL_ACTIVE', 'numClimbSends': 0, 'maxElevationGain': 265.0, 'averageElevationGain': 265.0, 'maxDistance': 10213, 'distance': 10213.9599609375, 'averageSpeed': 2.7939999103546143, 'maxSpeed': 5.206999778747559, 'numFalls': 0, 'elevationLoss': 259.0}, {'noOfSplits': 17, 'totalAscent': 147.0, 'duration': 2459.2109375, 'splitType': 'RWD_RUN', 'numClimbSends': 0, 'maxElevationGain': 80.0, 'averageElevationGain': 9.0, 'maxDistance': 3105, 'distance': 8283.23046875, 'averageSpeed': 3.368000030517578, 'maxSpeed': 5.206999778747559, 'numFalls': 0, 'elevationLoss': 259.0}]",True,13,46,-15.0,False,,,,,,False,False,False,False,False,False,False,False,False,295.0,564.0,344.0,8.34000015258789,254.6999969482422,7.559999942779541,2.9539999961853027,,,,,,,,,,,,,,,
15579332989,Concord Cycling,2024-05-25 17:13:41,2024-05-25 21:13:41,"{'typeId': 2, 'typeKey': 'cycling', 'parentTypeId': 17, 'isHidden': False, 'trimmable': True, 'restricted': False}","{'typeId': 9, 'typeKey': 'uncategorized', 'sortOrder': 10}",13391.5703125,5651.09423828125,5651.09423828125,4471.0,78.0,9.0,2.369999885559082,21.37700080871582,43.26605362817645,-71.56236028298736,True,False,118790142,ae52ea07-2874-4bde-8648-ac48be0f708d,Riley King,https://s3.amazonaws.com/garmin-connect-prod/profile_images/249fcc8d-9898-4d4a-abf5-ba07581a6fcd-prth.png,https://s3.amazonaws.com/garmin-connect-prod/profile_images/249fcc8d-9898-4d4a-abf5-ba07581a6fcd-prfr.png,https://s3.amazonaws.com/garmin-connect-prod/profile_images/249fcc8d-9898-4d4a-abf5-ba07581a6fcd-prof.png,389.0,142.0,84.0,133.0,,,,"['SCOPE_GOLF_API_READ', 'SCOPE_ATP_READ', 'SCOPE_DIVE_API_WRITE', 'SCOPE_COMMUNITY_COURSE_ADMIN_READ', 'SCOPE_DIVE_API_READ', 'SCOPE_DI_OAUTH_2_CLIENT_READ', 'SCOPE_CONNECT_WRITE', 'SCOPE_COMMUNITY_COURSE_WRITE', 'SCOPE_MESSAGE_GENERATION_READ', 'SCOPE_DI_OAUTH_2_CLIENT_REVOCATION_ADMIN', 'SCOPE_CONNECT_WEB_TEMPLATE_RENDER', 'SCOPE_OMT_SUBSCRIPTION_ADMIN_READ', 'SCOPE_CONNECT_NON_SOCIAL_SHARED_READ', 'SCOPE_CONNECT_READ', 'SCOPE_DI_OAUTH_2_TOKEN_ADMIN', 'ROLE_CONNECTUSER', 'ROLE_FITNESS_USER', 'ROLE_WELLNESS_USER']","{'typeId': 4, 'typeKey': 'groups'}",False,False,149,1716671621000,2,0.4000000059604645,0.0,,,3461278113,75.5999984741211,149.1999969482422,,{'summarizedDiveGases': []},3.1999969482421875,GARMIN,Concord,2,43.25876799412072,-71.54581943526864,814.0,UNKNOWN,5.56146240234375,1022.427001953125,NO_AEROBIC_BENEFIT_18,NO_ANAEROBIC_BENEFIT_0,"[{'totalAscent': 78.0, 'duration': 5651.093994140625, 'splitType': 'INTERVAL_ACTIVE', 'numClimbSends': 0, 'maxElevationGain': 78.0, 'averageElevationGain': 78.0, 'maxDistance': 13391, 'distance': 13391.5703125, 'averageSpeed': 2.369730591348355, 'maxSpeed': 21.37700080871582, 'numFalls': 0, 'elevationLoss': 9.0}]",False,30,2,-6.0,False,,,,,,False,False,False,False,False,False,False,False,False,,,,,,,,,,,,,,,,,,,,,,
15577210255,Concord - Long Run,2024-05-25 13:38:01,2024-05-25 17:38:01,"{'typeId': 1, 'typeKey': 'running', 'parentTypeId': 17, 'isHidden': False, 'trimmable': True, 'restricted': False}","{'typeId': 9, 'typeKey': 'uncategorized', 'sortOrder': 10}",9324.08984375,3637.050048828125,3637.050048828125,3633.114013671875,81.0,87.0,2.563999891281128,3.7790000438690186,43.26147057116032,-71.52106708846986,True,False,118790142,ae52ea07-2874-4bde-8648-ac48be0f708d,Riley King,https://s3.amazonaws.com/garmin-connect-prod/profile_images/249fcc8d-9898-4d4a-abf5-ba07581a6fcd-prth.png,https://s3.amazonaws.com/garmin-connect-prod/profile_images/249fcc8d-9898-4d4a-abf5-ba07581a6fcd-prfr.png,https://s3.amazonaws.com/garmin-connect-prod/profile_images/249fcc8d-9898-4d4a-abf5-ba07581a6fcd-prof.png,630.0,92.0,124.0,157.0,144.140625,176.0,8820.0,"['SCOPE_GOLF_API_READ', 'SCOPE_ATP_READ', 'SCOPE_DIVE_API_WRITE', 'SCOPE_COMMUNITY_COURSE_ADMIN_READ', 'SCOPE_DIVE_API_READ', 'SCOPE_DI_OAUTH_2_CLIENT_READ', 'SCOPE_CONNECT_WRITE', 'SCOPE_COMMUNITY_COURSE_WRITE', 'SCOPE_MESSAGE_GENERATION_READ', 'SCOPE_DI_OAUTH_2_CLIENT_REVOCATION_ADMIN', 'SCOPE_CONNECT_WEB_TEMPLATE_RENDER', 'SCOPE_OMT_SUBSCRIPTION_ADMIN_READ', 'SCOPE_CONNECT_NON_SOCIAL_SHARED_READ', 'SCOPE_CONNECT_READ', 'SCOPE_DI_OAUTH_2_TOKEN_ADMIN', 'ROLE_CONNECTUSER', 'ROLE_FITNESS_USER', 'ROLE_WELLNESS_USER']","{'typeId': 4, 'typeKey': 'groups'}",False,False,149,1716658681000,1,2.9000000953674316,0.0,102.93000488281251,60.0,3461278113,99.4000015258789,147.8000030517578,176.0,{'summarizedDiveGases': []},0.5999984741210938,GARMIN,Concord,6,43.286396423354745,-71.55461439862847,888.0,AEROBIC_BASE,66.97134399414062,474.3080139160156,MAINTAINING_AEROBIC_BASE_7,NO_ANAEROBIC_BENEFIT_0,"[{'noOfSplits': 1, 'totalAscent': 81.0, 'duration': 3637.050048828125, 'splitType': 'INTERVAL_ACTIVE', 'numClimbSends': 0, 'maxElevationGain': 81.0, 'averageElevationGain': 81.0, 'maxDistance': 9324, 'distance': 9324.080078125, 'averageSpeed': 2.563999891281128, 'maxSpeed': 3.7790000438690186, 'numFalls': 0, 'elevationLoss': 87.0}, {'noOfSplits': 4, 'totalAscent': 43.0, 'duration': 1919.0, 'splitType': 'RWD_RUN', 'numClimbSends': 0, 'maxElevationGain': 33.0, 'averageElevationGain': 11.0, 'maxDistance': 4868, 'distance': 6361.669921875, 'averageSpeed': 3.315000057220459, 'maxSpeed': 3.7790000438690186, 'numFalls': 0, 'elevationLoss': 55.0}, {'noOfSplits': 4, 'totalAscent': 38.0, 'duration': 1718.030029296875, 'splitType': 'RWD_WALK', 'numClimbSends': 0, 'maxElevationGain': 19.0, 'averageElevationGain': 10.0, 'maxDistance': 1634, 'distance': 2962.419921875, 'averageSpeed': 1.7239999771118164, 'maxSpeed': 2.183000087738037, 'numFalls': 0, 'elevationLoss': 33.0}]",True,25,32,-10.0,False,,,,,,False,False,False,False,False,False,False,False,False,263.0,500.0,318.0,7.990000152587891,299.5,7.760000228881836,2.5789999961853027,,,,,,,,,,,,,,,
15575889251,Concord Cycling,2024-05-25 12:09:13,2024-05-25 16:09:13,"{'typeId': 2, 'typeKey': 'cycling', 'parentTypeId': 17, 'isHidden': False, 'trimmable': True, 'restricted': False}","{'typeId': 9, 'typeKey': 'uncategorized', 'sortOrder': 10}",11869.759765625,3321.412109375,3361.6220703125,3181.0,106.0,88.0,3.573999881744385,10.142000198364258,43.2546916231513,-71.52281840331852,True,False,118790142,ae52ea07-2874-4bde-8648-ac48be0f708d,Riley King,https://s3.amazonaws.com/garmin-connect-prod/profile_images/249fcc8d-9898-4d4a-abf5-ba07581a6fcd-prth.png,https://s3.amazonaws.com/garmin-connect-prod/profile_images/249fcc8d-9898-4d4a-abf5-ba07581a6fcd-prfr.png,https://s3.amazonaws.com/garmin-connect-prod/profile_images/249fcc8d-9898-4d4a-abf5-ba07581a6fcd-prof.png,350.0,84.0,103.0,133.0,,,,"['SCOPE_GOLF_API_READ', 'SCOPE_ATP_READ', 'SCOPE_DIVE_API_WRITE', 'SCOPE_COMMUNITY_COURSE_ADMIN_READ', 'SCOPE_DIVE_API_READ', 'SCOPE_DI_OAUTH_2_CLIENT_READ', 'SCOPE_CONNECT_WRITE', 'SCOPE_COMMUNITY_COURSE_WRITE', 'SCOPE_MESSAGE_GENERATION_READ', 'SCOPE_DI_OAUTH_2_CLIENT_REVOCATION_ADMIN', 'SCOPE_CONNECT_WEB_TEMPLATE_RENDER', 'SCOPE_OMT_SUBSCRIPTION_ADMIN_READ', 'SCOPE_CONNECT_NON_SOCIAL_SHARED_READ', 'SCOPE_CONNECT_READ', 'SCOPE_DI_OAUTH_2_TOKEN_ADMIN', 'ROLE_CONNECTUSER', 'ROLE_FITNESS_USER', 'ROLE_WELLNESS_USER']","{'typeId': 4, 'typeKey': 'groups'}",False,False,149,1716653353000,2,0.8999999761581421,0.0,,,3461278113,93.19999694824219,128.8000030517578,,{'summarizedDiveGases': []},1.5999984741210938,GARMIN,Concord,2,43.26161624863744,-71.52126154862344,589.0,RECOVERY,11.868896484375,1032.7110595703125,RECOVERY_5,NO_ANAEROBIC_BENEFIT_0,"[{'totalAscent': 106.0, 'duration': 3321.4119873046875, 'splitType': 'INTERVAL_ACTIVE', 'numClimbSends': 0, 'maxElevationGain': 106.0, 'averageElevationGain': 106.0, 'maxDistance': 11869, 'distance': 11869.76025390625, 'averageSpeed': 3.573709103018717, 'maxSpeed': 10.142000198364258, 'numFalls': 0, 'elevationLoss': 88.0}]",False,37,8,-7.0,False,,,,,,False,False,False,False,False,False,False,False,False,,,,,,,,,,,,,,,,,,,,,,
15547053250,Concord Walking,2024-05-23 16:44:25,2024-05-23 20:44:25,"{'typeId': 9, 'typeKey': 'walking', 'parentTypeId': 17, 'isHidden': False, 'trimmable': True, 'restricted': False}","{'typeId': 9, 'typeKey': 'uncategorized', 'sortOrder': 10}",9339.7802734375,4991.5322265625,4991.5322265625,4911.236999511719,308.0,298.0,1.871000051498413,3.99399995803833,43.26138968579471,-71.52087388560176,True,False,118790142,ae52ea07-2874-4bde-8648-ac48be0f708d,Riley King,https://s3.amazonaws.com/garmin-connect-prod/profile_images/249fcc8d-9898-4d4a-abf5-ba07581a6fcd-prth.png,https://s3.amazonaws.com/garmin-connect-prod/profile_images/249fcc8d-9898-4d4a-abf5-ba07581a6fcd-prfr.png,https://s3.amazonaws.com/garmin-connect-prod/profile_images/249fcc8d-9898-4d4a-abf5-ba07581a6fcd-prof.png,676.0,126.0,115.0,143.0,113.765625,250.0,10256.0,"['SCOPE_GOLF_API_READ', 'SCOPE_ATP_READ', 'SCOPE_DIVE_API_WRITE', 'SCOPE_COMMUNITY_COURSE_ADMIN_READ', 'SCOPE_DIVE_API_READ', 'SCOPE_DI_OAUTH_2_CLIENT_READ', 'SCOPE_CONNECT_WRITE', 'SCOPE_COMMUNITY_COURSE_WRITE', 'SCOPE_MESSAGE_GENERATION_READ', 'SCOPE_DI_OAUTH_2_CLIENT_REVOCATION_ADMIN', 'SCOPE_CONNECT_WEB_TEMPLATE_RENDER', 'SCOPE_OMT_SUBSCRIPTION_ADMIN_READ', 'SCOPE_CONNECT_NON_SOCIAL_SHARED_READ', 'SCOPE_CONNECT_READ', 'SCOPE_DI_OAUTH_2_TOKEN_ADMIN', 'ROLE_CONNECTUSER', 'ROLE_FITNESS_USER', 'ROLE_WELLNESS_USER']","{'typeId': 4, 'typeKey': 'groups'}",False,False,149,1716497065000,11,2.0999999046325684,0.0,99.11078695158677,60.0,3461278113,119.4000015258789,290.3999938964844,250.0,{'summarizedDiveGases': []},1.0,GARMIN,Concord,6,43.26171549037099,-71.52123707346618,989.0,AEROBIC_BASE,31.6986083984375,677.1900024414062,MAINTAINING_AEROBIC_BASE_7,NO_ANAEROBIC_BENEFIT_0,"[{'totalAscent': 307.0, 'duration': 4991.531982421875, 'splitType': 'INTERVAL_ACTIVE', 'numClimbSends': 0, 'maxElevationGain': 307.0, 'averageElevationGain': 307.0, 'maxDistance': 9339, 'distance': 9339.77978515625, 'averageSpeed': 1.8711249007413189, 'maxSpeed': 3.99399995803833, 'numFalls': 0, 'elevationLoss': 298.0}]",False,53,27,-10.0,False,,,,,,False,False,False,False,False,False,False,False,False,,,,,,,,,,,,,,,,,,,,,,
15531446103,Concord Running,2024-05-22 18:44:19,2024-05-22 22:44:19,"{'typeId': 1, 'typeKey': 'running', 'parentTypeId': 17, 'isHidden': False, 'trimmable': True, 'restricted': False}","{'typeId': 9, 'typeKey': 'uncategorized', 'sortOrder': 10}",9763.3896484375,2655.7548828125,2655.7548828125,2653.6809997558594,75.0,109.0,3.6760001182556157,4.367000102996826,43.261441737413406,-71.5210116840899,True,False,118790142,ae52ea07-2874-4bde-8648-ac48be0f708d,Riley King,https://s3.amazonaws.com/garmin-connect-prod/profile_images/249fcc8d-9898-4d4a-abf5-ba07581a6fcd-prth.png,https://s3.amazonaws.com/garmin-connect-prod/profile_images/249fcc8d-9898-4d4a-abf5-ba07581a6fcd-prfr.png,https://s3.amazonaws.com/garmin-connect-prod/profile_images/249fcc8d-9898-4d4a-abf5-ba07581a6fcd-prof.png,706.0,67.0,158.0,173.0,169.234375,244.0,7474.0,"['SCOPE_GOLF_API_READ', 'SCOPE_ATP_READ', 'SCOPE_DIVE_API_WRITE', 'SCOPE_COMMUNITY_COURSE_ADMIN_READ', 'SCOPE_DIVE_API_READ', 'SCOPE_DI_OAUTH_2_CLIENT_READ', 'SCOPE_CONNECT_WRITE', 'SCOPE_COMMUNITY_COURSE_WRITE', 'SCOPE_MESSAGE_GENERATION_READ', 'SCOPE_DI_OAUTH_2_CLIENT_REVOCATION_ADMIN', 'SCOPE_CONNECT_WEB_TEMPLATE_RENDER', 'SCOPE_OMT_SUBSCRIPTION_ADMIN_READ', 'SCOPE_CONNECT_NON_SOCIAL_SHARED_READ', 'SCOPE_CONNECT_READ', 'SCOPE_DI_OAUTH_2_TOKEN_ADMIN', 'ROLE_CONNECTUSER', 'ROLE_FITNESS_USER', 'ROLE_WELLNESS_USER']","{'typeId': 4, 'typeKey': 'groups'}",False,False,149,1716417859000,1,3.9000000953674316,0.0,130.60999755859376,60.0,3461278113,83.19999694824219,120.19999694824219,244.0,{'summarizedDiveGases': []},0.40000152587890625,GARMIN,Concord,7,43.26127711683512,-71.52071680873632,737.0,TEMPO,149.36990356445312,29.597000122070312,IMPACTING_TEMPO_22,NO_ANAEROBIC_BENEFIT_0,"[{'noOfSplits': 1, 'totalAscent': 75.0, 'duration': 2655.7548828125, 'splitType': 'INTERVAL_ACTIVE', 'numClimbSends': 0, 'maxElevationGain': 75.0, 'averageElevationGain': 75.0, 'maxDistance': 9763, 'distance': 9763.3896484375, 'averageSpeed': 3.6760001182556152, 'maxSpeed': 4.367000102996826, 'numFalls': 0, 'elevationLoss': 109.0}, {'noOfSplits': 3, 'totalAscent': 0.0, 'duration': 9.99899959564209, 'splitType': 'RWD_WALK', 'numClimbSends': 0, 'maxElevationGain': 0.0, 'averageElevationGain': 0.0, 'maxDistance': 15, 'distance': 22.030000686645508, 'averageSpeed': 2.203000068664551, 'maxSpeed': 2.0250000953674316, 'numFalls': 0, 'elevationLoss': 0.0}, {'noOfSplits': 3, 'totalAscent': 75.0, 'duration': 2647.637939453125, 'splitType': 'RWD_RUN', 'numClimbSends': 0, 'maxElevationGain': 38.0, 'averageElevationGain': 25.0, 'maxDistance': 4747, 'distance': 9741.3603515625, 'averageSpeed': 3.678999900817871, 'maxSpeed': 4.367000102996826, 'numFalls': 0, 'elevationLoss': 109.0}]",True,1,42,-10.0,False,,,,,,False,False,False,False,False,False,False,False,False,404.0,582.0,412.0,9.780000305175783,247.0,7.510000228881836,3.7049999237060547,,,,,,,,,,,,,,,
15514081744,Treadmill Running,2024-05-21 18:09:41,2024-05-21 22:09:41,"{'typeId': 18, 'typeKey': 'treadmill_running', 'parentTypeId': 1, 'isHidden': False, 'trimmable': True, 'restricted': False}","{'typeId': 9, 'typeKey': 'uncategorized', 'sortOrder': 10}",5070.080078125,1232.4749755859375,1232.4749755859375,1219.6099853515625,,,4.113999843597412,5.104000091552734,,,False,False,118790142,ae52ea07-2874-4bde-8648-ac48be0f708d,Riley King,https://s3.amazonaws.com/garmin-connect-prod/profile_images/249fcc8d-9898-4d4a-abf5-ba07581a6fcd-prth.png,https://s3.amazonaws.com/garmin-connect-prod/profile_images/249fcc8d-9898-4d4a-abf5-ba07581a6fcd-prfr.png,https://s3.amazonaws.com/garmin-connect-prod/profile_images/249fcc8d-9898-4d4a-abf5-ba07581a6fcd-prof.png,322.0,31.0,155.0,178.0,166.09375,177.0,3386.0,"['SCOPE_GOLF_API_READ', 'SCOPE_ATP_READ', 'SCOPE_DIVE_API_WRITE', 'SCOPE_COMMUNITY_COURSE_ADMIN_READ', 'SCOPE_DIVE_API_READ', 'SCOPE_DI_OAUTH_2_CLIENT_READ', 'SCOPE_CONNECT_WRITE', 'SCOPE_COMMUNITY_COURSE_WRITE', 'SCOPE_MESSAGE_GENERATION_READ', 'SCOPE_DI_OAUTH_2_CLIENT_REVOCATION_ADMIN', 'SCOPE_CONNECT_WEB_TEMPLATE_RENDER', 'SCOPE_OMT_SUBSCRIPTION_ADMIN_READ', 'SCOPE_CONNECT_NON_SOCIAL_SHARED_READ', 'SCOPE_CONNECT_READ', 'SCOPE_DI_OAUTH_2_TOKEN_ADMIN', 'ROLE_CONNECTUSER', 'ROLE_FITNESS_USER', 'ROLE_WELLNESS_USER']","{'typeId': 4, 'typeKey': 'groups'}",False,False,149,1716329381000,1,3.0999999046325684,0.0,149.60999755859376,,3461278113,,,177.0,{'summarizedDiveGases': []},,GARMIN,,4,,,340.0,TEMPO,84.58837890625,61.595001220703125,IMPACTING_TEMPO_22,NO_ANAEROBIC_BENEFIT_0,"[{'noOfSplits': 1, 'duration': 1232.4749755859375, 'splitType': 'INTERVAL_ACTIVE', 'numClimbSends': 0, 'maxDistance': 5070, 'distance': 5070.08984375, 'averageSpeed': 4.113999843597412, 'maxSpeed': 5.104000091552734, 'numFalls': 0}, {'noOfSplits': 2, 'duration': 1224.001953125, 'splitType': 'RWD_RUN', 'numClimbSends': 0, 'maxDistance': 5060, 'distance': 5060.47998046875, 'averageSpeed': 4.133999824523926, 'maxSpeed': 5.104000091552734, 'numFalls': 0}, {'noOfSplits': 2, 'duration': 15.355999946594238, 'splitType': 'RWD_WALK', 'numClimbSends': 0, 'maxDistance': 8, 'distance': 9.609999656677246, 'averageSpeed': 0.6259999871253967, 'maxSpeed': 2.052999973297119, 'numFalls': 0}]",True,0,18,-6.0,False,,,,,,False,False,False,False,False,False,False,False,False,427.0,520.0,436.0,10.55,237.8000030517578,7.119999885559082,,,,,,,,,,,,,,,,
15513431299,Concord Walking,2024-05-21 16:27:53,2024-05-21 20:27:53,"{'typeId': 9, 'typeKey': 'walking', 'parentTypeId': 17, 'isHidden': False, 'trimmable': True, 'restricted': False}","{'typeId': 9, 'typeKey': 'uncategorized', 'sortOrder': 10}",5151.7900390625,3032.800048828125,3032.800048828125,3028.9739990234375,169.0,179.0,1.6990000009536743,3.2279999256134033,43.263481641188264,-71.52004709467292,True,False,118790142,ae52ea07-2874-4bde-8648-ac48be0f708d,Riley King,https://s3.amazonaws.com/garmin-connect-prod/profile_images/249fcc8d-9898-4d4a-abf5-ba07581a6fcd-prth.png,https://s3.amazonaws.com/garmin-connect-prod/profile_images/249fcc8d-9898-4d4a-abf5-ba07581a6fcd-prfr.png,https://s3.amazonaws.com/garmin-connect-prod/profile_images/249fcc8d-9898-4d4a-abf5-ba07581a6fcd-prof.png,371.0,76.0,111.0,145.0,106.1875,247.0,6120.0,"['SCOPE_GOLF_API_READ', 'SCOPE_ATP_READ', 'SCOPE_DIVE_API_WRITE', 'SCOPE_COMMUNITY_COURSE_ADMIN_READ', 'SCOPE_DIVE_API_READ', 'SCOPE_DI_OAUTH_2_CLIENT_READ', 'SCOPE_CONNECT_WRITE', 'SCOPE_COMMUNITY_COURSE_WRITE', 'SCOPE_MESSAGE_GENERATION_READ', 'SCOPE_DI_OAUTH_2_CLIENT_REVOCATION_ADMIN', 'SCOPE_CONNECT_WEB_TEMPLATE_RENDER', 'SCOPE_OMT_SUBSCRIPTION_ADMIN_READ', 'SCOPE_CONNECT_NON_SOCIAL_SHARED_READ', 'SCOPE_CONNECT_READ', 'SCOPE_DI_OAUTH_2_TOKEN_ADMIN', 'ROLE_CONNECTUSER', 'ROLE_FITNESS_USER', 'ROLE_WELLNESS_USER']","{'typeId': 4, 'typeKey': 'groups'}",False,False,149,1716323273000,11,1.5,0.0,96.04517379224319,60.0,3461278113,124.19999694824219,226.60000610351562,247.0,{'summarizedDiveGases': []},1.0999984741210938,GARMIN,Concord,4,43.26173082925379,-71.52116431854665,581.0,RECOVERY,17.503509521484375,201.23800659179688,RECOVERY_5,NO_ANAEROBIC_BENEFIT_0,"[{'totalAscent': 169.0, 'duration': 3032.800018310547, 'splitType': 'INTERVAL_ACTIVE', 'numClimbSends': 0, 'maxElevationGain': 169.0, 'averageElevationGain': 169.0, 'maxDistance': 5151, 'distance': 5151.789886474609, 'averageSpeed': 1.6986909309452154, 'maxSpeed': 3.2279999256134033, 'numFalls': 0, 'elevationLoss': 179.0}]",False,38,10,-8.0,False,,,,,,False,False,False,False,False,False,False,False,False,,,,,,,,,,,,,,,,,,,,,,
15497153683,Concord - Base,2024-05-20 17:11:12,2024-05-20 21:11:12,"{'typeId': 6, 'typeKey': 'trail_running', 'parentTypeId': 1, 'isHidden': False, 'trimmable': True, 'restricted': False}","{'typeId': 9, 'typeKey': 'uncategorized', 'sortOrder': 10}",10043.580078125,3307.93408203125,3515.4130859375,3200.5239868164062,276.0,245.0,3.036000013351441,5.057000160217285,43.26138138771057,-71.52087958529592,True,False,118790142,ae52ea07-2874-4bde-8648-ac48be0f708d,Riley King,https://s3.amazonaws.com/garmin-connect-prod/profile_images/249fcc8d-9898-4d4a-abf5-ba07581a6fcd-prth.png,https://s3.amazonaws.com/garmin-connect-prod/profile_images/249fcc8d-9898-4d4a-abf5-ba07581a6fcd-prfr.png,https://s3.amazonaws.com/garmin-connect-prod/profile_images/249fcc8d-9898-4d4a-abf5-ba07581a6fcd-prof.png,826.0,83.0,153.0,172.0,152.75,234.0,8502.0,"['SCOPE_GOLF_API_READ', 'SCOPE_ATP_READ', 'SCOPE_DIVE_API_WRITE', 'SCOPE_COMMUNITY_COURSE_ADMIN_READ', 'SCOPE_DIVE_API_READ', 'SCOPE_DI_OAUTH_2_CLIENT_READ', 'SCOPE_CONNECT_WRITE', 'SCOPE_COMMUNITY_COURSE_WRITE', 'SCOPE_MESSAGE_GENERATION_READ', 'SCOPE_DI_OAUTH_2_CLIENT_REVOCATION_ADMIN', 'SCOPE_CONNECT_WEB_TEMPLATE_RENDER', 'SCOPE_OMT_SUBSCRIPTION_ADMIN_READ', 'SCOPE_CONNECT_NON_SOCIAL_SHARED_READ', 'SCOPE_CONNECT_READ', 'SCOPE_DI_OAUTH_2_TOKEN_ADMIN', 'ROLE_CONNECTUSER', 'ROLE_FITNESS_USER', 'ROLE_WELLNESS_USER']","{'typeId': 4, 'typeKey': 'groups'}",False,False,149,1716239472000,1,3.700000047683716,0.0,117.3199951171875,60.0,3461278113,117.4000015258789,287.20001220703125,234.0,{'summarizedDiveGases': []},0.8000030517578125,GARMIN,Concord,7,43.26134920120239,-71.52084547095001,918.0,LACTATE_THRESHOLD,132.4898223876953,87.50199890136719,IMPROVING_LACTATE_THRESHOLD_12,NO_ANAEROBIC_BENEFIT_0,"[{'noOfSplits': 1, 'totalAscent': 276.0, 'duration': 3307.93408203125, 'splitType': 'INTERVAL_ACTIVE', 'numClimbSends': 0, 'maxElevationGain': 276.0, 'averageElevationGain': 276.0, 'maxDistance': 10043, 'distance': 10043.5703125, 'averageSpeed': 3.0360000133514404, 'maxSpeed': 5.057000160217285, 'numFalls': 0, 'elevationLoss': 245.0}, {'noOfSplits': 13, 'totalAscent': 36.0, 'duration': 250.52099609375, 'splitType': 'RWD_WALK', 'numClimbSends': 0, 'maxElevationGain': 9.0, 'averageElevationGain': 3.0, 'maxDistance': 74, 'distance': 296.510009765625, 'averageSpeed': 1.184000015258789, 'maxSpeed': 2.4170000553131104, 'numFalls': 0, 'elevationLoss': 0.0}, {'noOfSplits': 8, 'totalAscent': 240.0, 'duration': 2966.39599609375, 'splitType': 'RWD_RUN', 'numClimbSends': 0, 'maxElevationGain': 171.0, 'averageElevationGain': 30.0, 'maxDistance': 4737, 'distance': 9704.9296875, 'averageSpeed': 3.2720000743865967, 'maxSpeed': 5.057000160217285, 'numFalls': 0, 'elevationLoss': 245.0}, {'noOfSplits': 6, 'totalAscent': 0.0, 'duration': 93.99800109863281, 'splitType': 'RWD_STAND', 'numClimbSends': 0, 'maxElevationGain': 0.0, 'averageElevationGain': 0.0, 'maxDistance': 20, 'distance': 42.13999938964844, 'averageSpeed': 0.4480000138282776, 'maxSpeed': 1.7450000047683716, 'numFalls': 0, 'elevationLoss': 0.0}]",True,4,51,-16.0,False,,,,,,False,False,False,False,False,False,False,False,False,343.0,577.0,387.0,9.230000305175782,258.6000061035156,7.96999979019165,3.246000051498413,,,,,,,,,,,,,,,
15476035229,Concord - Base,2024-05-19 11:13:11,2024-05-19 15:13:11,"{'typeId': 1, 'typeKey': 'running', 'parentTypeId': 17, 'isHidden': False, 'trimmable': True, 'restricted': False}","{'typeId': 9, 'typeKey': 'uncategorized', 'sortOrder': 10}",14235.0302734375,4772.0478515625,4776.63916015625,4768.132965087891,109.0,101.0,2.9830000400543213,4.692999839782715,43.2611327804625,-71.52075997553766,True,False,118790142,ae52ea07-2874-4bde-8648-ac48be0f708d,Riley King,https://s3.amazonaws.com/garmin-connect-prod/profile_images/249fcc8d-9898-4d4a-abf5-ba07581a6fcd-prth.png,https://s3.amazonaws.com/garmin-connect-prod/profile_images/249fcc8d-9898-4d4a-abf5-ba07581a6fcd-prfr.png,https://s3.amazonaws.com/garmin-connect-prod/profile_images/249fcc8d-9898-4d4a-abf5-ba07581a6fcd-prof.png,980.0,120.0,135.0,171.0,151.46875,236.0,12082.0,"['SCOPE_GOLF_API_READ', 'SCOPE_ATP_READ', 'SCOPE_DIVE_API_WRITE', 'SCOPE_COMMUNITY_COURSE_ADMIN_READ', 'SCOPE_DIVE_API_READ', 'SCOPE_DI_OAUTH_2_CLIENT_READ', 'SCOPE_CONNECT_WRITE', 'SCOPE_COMMUNITY_COURSE_WRITE', 'SCOPE_MESSAGE_GENERATION_READ', 'SCOPE_DI_OAUTH_2_CLIENT_REVOCATION_ADMIN', 'SCOPE_CONNECT_WEB_TEMPLATE_RENDER', 'SCOPE_OMT_SUBSCRIPTION_ADMIN_READ', 'SCOPE_CONNECT_NON_SOCIAL_SHARED_READ', 'SCOPE_CONNECT_READ', 'SCOPE_DI_OAUTH_2_TOKEN_ADMIN', 'ROLE_CONNECTUSER', 'ROLE_FITNESS_USER', 'ROLE_WELLNESS_USER']","{'typeId': 4, 'typeKey': 'groups'}",False,False,149,1716131591000,1,3.700000047683716,0.0,114.5199951171875,60.0,3461278113,72.5999984741211,119.80000305175781,236.0,{'summarizedDiveGases': []},0.5999984741210938,GARMIN,Concord,10,43.26146730221808,-71.5210891328752,1243.0,AEROBIC_BASE,136.14450073242188,178.58599853515625,IMPROVING_AEROBIC_ENDURANCE_9,NO_ANAEROBIC_BENEFIT_0,"[{'noOfSplits': 1, 'totalAscent': 109.0, 'duration': 4772.0478515625, 'splitType': 'INTERVAL_ACTIVE', 'numClimbSends': 0, 'maxElevationGain': 109.0, 'averageElevationGain': 109.0, 'maxDistance': 14235, 'distance': 14235.01953125, 'averageSpeed': 2.9830000400543213, 'maxSpeed': 4.692999839782715, 'numFalls': 0, 'elevationLoss': 101.0}, {'noOfSplits': 5, 'totalAscent': 68.0, 'duration': 3319.407958984375, 'splitType': 'RWD_RUN', 'numClimbSends': 0, 'maxElevationGain': 36.0, 'averageElevationGain': 14.0, 'maxDistance': 8789, 'distance': 11796.7099609375, 'averageSpeed': 3.553999900817871, 'maxSpeed': 4.692999839782715, 'numFalls': 0, 'elevationLoss': 97.0}, {'noOfSplits': 5, 'totalAscent': 41.0, 'duration': 1452.5260009765625, 'splitType': 'RWD_WALK', 'numClimbSends': 0, 'maxElevationGain': 32.0, 'averageElevationGain': 8.0, 'maxDistance': 1286, 'distance': 2427.260009765625, 'averageSpeed': 1.6710000038146973, 'maxSpeed': 1.9500000476837158, 'numFalls': 0, 'elevationLoss': 4.0}, {'noOfSplits': 1, 'totalAscent': 0.0, 'duration': 5.0, 'splitType': 'RWD_STAND', 'numClimbSends': 0, 'maxElevationGain': 0.0, 'averageElevationGain': 0.0, 'maxDistance': 11, 'distance': 11.0600004196167, 'averageSpeed': 2.2119998931884766, 'maxSpeed': 1.4559999704360962, 'numFalls': 0, 'elevationLoss': 0.0}]",True,24,52,-18.0,False,,,,,,False,False,False,False,False,False,False,False,False,311.0,621.0,360.0,8.69000015258789,259.6000061035156,7.570000171661377,3.002000093460083,,,,,,,,,,,,,,,
15445206520,Concord Walking,2024-05-17 18:39:42,2024-05-17 22:39:42,"{'typeId': 9, 'typeKey': 'walking', 'parentTypeId': 17, 'isHidden': False, 'trimmable': True, 'restricted': False}","{'typeId': 9, 'typeKey': 'uncategorized', 'sortOrder': 10}",2540.110107421875,1897.5140380859375,1897.5140380859375,1788.0,34.0,12.0,1.3389999866485596,1.8289999961853027,43.2543739490211,-71.52288269251585,True,False,118790142,ae52ea07-2874-4bde-8648-ac48be0f708d,Riley King,https://s3.amazonaws.com/garmin-connect-prod/profile_images/249fcc8d-9898-4d4a-abf5-ba07581a6fcd-prth.png,https://s3.amazonaws.com/garmin-connect-prod/profile_images/249fcc8d-9898-4d4a-abf5-ba07581a6fcd-prfr.png,https://s3.amazonaws.com/garmin-connect-prod/profile_images/249fcc8d-9898-4d4a-abf5-ba07581a6fcd-prof.png,164.0,48.0,85.0,104.0,93.453125,214.0,3306.0,"['SCOPE_GOLF_API_READ', 'SCOPE_ATP_READ', 'SCOPE_DIVE_API_WRITE', 'SCOPE_COMMUNITY_COURSE_ADMIN_READ', 'SCOPE_DIVE_API_READ', 'SCOPE_DI_OAUTH_2_CLIENT_READ', 'SCOPE_CONNECT_WRITE', 'SCOPE_COMMUNITY_COURSE_WRITE', 'SCOPE_MESSAGE_GENERATION_READ', 'SCOPE_DI_OAUTH_2_CLIENT_REVOCATION_ADMIN', 'SCOPE_CONNECT_WEB_TEMPLATE_RENDER', 'SCOPE_OMT_SUBSCRIPTION_ADMIN_READ', 'SCOPE_CONNECT_NON_SOCIAL_SHARED_READ', 'SCOPE_CONNECT_READ', 'SCOPE_DI_OAUTH_2_TOKEN_ADMIN', 'ROLE_CONNECTUSER', 'ROLE_FITNESS_USER', 'ROLE_WELLNESS_USER']","{'typeId': 4, 'typeKey': 'groups'}",False,False,149,1715985582000,11,0.30000001192092896,0.0,86.23428161988929,60.0,3461278113,102.0,122.5999984741211,214.0,{'summarizedDiveGases': []},0.2999992370605469,GARMIN,Concord,2,43.26172906905413,-71.52119516395032,221.0,UNKNOWN,4.3260650634765625,741.3660278320312,NO_AEROBIC_BENEFIT_18,NO_ANAEROBIC_BENEFIT_0,"[{'totalAscent': 34.0, 'duration': 1897.5139770507812, 'splitType': 'INTERVAL_ACTIVE', 'numClimbSends': 0, 'maxElevationGain': 34.0, 'averageElevationGain': 34.0, 'maxDistance': 2540, 'distance': 2540.1099853515625, 'averageSpeed': 1.3386515283010134, 'maxSpeed': 1.8289999961853027, 'numFalls': 0, 'elevationLoss': 12.0}]",False,28,0,-5.0,False,,,,,,False,False,False,False,False,False,False,False,False,,,,,,,,,,,,,,,,,,,,,,
15429703620,Concord - Base,2024-05-16 16:32:00,2024-05-16 20:32:00,"{'typeId': 6, 'typeKey': 'trail_running', 'parentTypeId': 1, 'isHidden': False, 'trimmable': True, 'restricted': False}","{'typeId': 9, 'typeKey': 'uncategorized', 'sortOrder': 10}",12378.1396484375,4749.2099609375,4749.2099609375,4126.35400390625,134.0,121.0,2.6059999465942383,3.891000032424927,43.240747740492225,-71.52694598771632,True,False,118790142,ae52ea07-2874-4bde-8648-ac48be0f708d,Riley King,https://s3.amazonaws.com/garmin-connect-prod/profile_images/249fcc8d-9898-4d4a-abf5-ba07581a6fcd-prth.png,https://s3.amazonaws.com/garmin-connect-prod/profile_images/249fcc8d-9898-4d4a-abf5-ba07581a6fcd-prfr.png,https://s3.amazonaws.com/garmin-connect-prod/profile_images/249fcc8d-9898-4d4a-abf5-ba07581a6fcd-prof.png,919.0,120.0,132.0,163.0,136.0625,244.0,10834.0,"['SCOPE_GOLF_API_READ', 'SCOPE_ATP_READ', 'SCOPE_DIVE_API_WRITE', 'SCOPE_COMMUNITY_COURSE_ADMIN_READ', 'SCOPE_DIVE_API_READ', 'SCOPE_DI_OAUTH_2_CLIENT_READ', 'SCOPE_CONNECT_WRITE', 'SCOPE_COMMUNITY_COURSE_WRITE', 'SCOPE_MESSAGE_GENERATION_READ', 'SCOPE_DI_OAUTH_2_CLIENT_REVOCATION_ADMIN', 'SCOPE_CONNECT_WEB_TEMPLATE_RENDER', 'SCOPE_OMT_SUBSCRIPTION_ADMIN_READ', 'SCOPE_CONNECT_NON_SOCIAL_SHARED_READ', 'SCOPE_CONNECT_READ', 'SCOPE_DI_OAUTH_2_TOKEN_ADMIN', 'ROLE_CONNECTUSER', 'ROLE_FITNESS_USER', 'ROLE_WELLNESS_USER']","{'typeId': 4, 'typeKey': 'groups'}",False,False,149,1715891520000,1,3.4000000953674316,0.0,112.8300048828125,60.0,3461278113,91.0,155.39999389648438,244.0,{'summarizedDiveGases': []},1.0,GARMIN,Concord,9,43.26168078929186,-71.52124579064548,1128.0,AEROBIC_BASE,107.68171691894531,3.253999948501587,IMPROVING_AEROBIC_BASE_8,NO_ANAEROBIC_BENEFIT_0,"[{'noOfSplits': 2, 'totalAscent': 0.0, 'duration': 620.0880126953125, 'splitType': 'RWD_STAND', 'numClimbSends': 0, 'maxElevationGain': 0.0, 'averageElevationGain': 0.0, 'maxDistance': 108, 'distance': 111.9800033569336, 'averageSpeed': 0.1809999942779541, 'maxSpeed': 1.3530000448226929, 'numFalls': 0, 'elevationLoss': 0.0}, {'noOfSplits': 5, 'totalAscent': 11.0, 'duration': 804.0009765625, 'splitType': 'RWD_WALK', 'numClimbSends': 0, 'maxElevationGain': 6.0, 'averageElevationGain': 2.0, 'maxDistance': 759, 'distance': 1421.550048828125, 'averageSpeed': 1.7680000066757202, 'maxSpeed': 2.1549999713897705, 'numFalls': 0, 'elevationLoss': 2.0}, {'noOfSplits': 1, 'totalAscent': 134.0, 'duration': 4749.2099609375, 'splitType': 'INTERVAL_ACTIVE', 'numClimbSends': 0, 'maxElevationGain': 134.0, 'averageElevationGain': 134.0, 'maxDistance': 12378, 'distance': 12378.1298828125, 'averageSpeed': 2.6059999465942383, 'maxSpeed': 3.8910000324249268, 'numFalls': 0, 'elevationLoss': 121.0}, {'noOfSplits': 5, 'totalAscent': 123.0, 'duration': 3327.9990234375, 'splitType': 'RWD_RUN', 'numClimbSends': 0, 'maxElevationGain': 84.0, 'averageElevationGain': 25.0, 'maxDistance': 5124, 'distance': 10844.6103515625, 'averageSpeed': 3.259000062942505, 'maxSpeed': 3.8910000324249268, 'numFalls': 0, 'elevationLoss': 119.0}]",True,13,57,-15.0,False,,,,,,False,False,False,False,False,False,False,False,False,282.0,569.0,347.0,8.95999984741211,272.0,7.929999828338623,2.621999979019165,,,,,,,,,,,,,,,
15415392958,Treadmill Running,2024-05-15 20:50:08,2024-05-16 00:50:08,"{'typeId': 18, 'typeKey': 'treadmill_running', 'parentTypeId': 1, 'isHidden': False, 'trimmable': True, 'restricted': False}","{'typeId': 9, 'typeKey': 'uncategorized', 'sortOrder': 10}",5000.18017578125,1131.0579833984375,1131.0579833984375,1130.2109985351562,,,4.421000003814697,5.636000156402588,,,False,False,118790142,ae52ea07-2874-4bde-8648-ac48be0f708d,Riley King,https://s3.amazonaws.com/garmin-connect-prod/profile_images/249fcc8d-9898-4d4a-abf5-ba07581a6fcd-prth.png,https://s3.amazonaws.com/garmin-connect-prod/profile_images/249fcc8d-9898-4d4a-abf5-ba07581a6fcd-prfr.png,https://s3.amazonaws.com/garmin-connect-prod/profile_images/249fcc8d-9898-4d4a-abf5-ba07581a6fcd-prof.png,301.0,28.0,158.0,173.0,170.15625,177.0,2984.0,"['SCOPE_GOLF_API_READ', 'SCOPE_ATP_READ', 'SCOPE_DIVE_API_WRITE', 'SCOPE_COMMUNITY_COURSE_ADMIN_READ', 'SCOPE_DIVE_API_READ', 'SCOPE_DI_OAUTH_2_CLIENT_READ', 'SCOPE_CONNECT_WRITE', 'SCOPE_COMMUNITY_COURSE_WRITE', 'SCOPE_MESSAGE_GENERATION_READ', 'SCOPE_DI_OAUTH_2_CLIENT_REVOCATION_ADMIN', 'SCOPE_CONNECT_WEB_TEMPLATE_RENDER', 'SCOPE_OMT_SUBSCRIPTION_ADMIN_READ', 'SCOPE_CONNECT_NON_SOCIAL_SHARED_READ', 'SCOPE_CONNECT_READ', 'SCOPE_DI_OAUTH_2_TOKEN_ADMIN', 'ROLE_CONNECTUSER', 'ROLE_FITNESS_USER', 'ROLE_WELLNESS_USER']","{'typeId': 4, 'typeKey': 'groups'}",False,False,149,1715820608000,1,3.0999999046325684,0.10000000149011612,155.7699951171875,,3461278113,,,177.0,{'summarizedDiveGases': []},,GARMIN,,4,,,313.0,TEMPO,84.38949584960938,34.4630012512207,IMPACTING_TEMPO_22,NO_ANAEROBIC_BENEFIT_0,"[{'noOfSplits': 1, 'duration': 1131.0579833984375, 'splitType': 'INTERVAL_ACTIVE', 'numClimbSends': 0, 'maxDistance': 5000, 'distance': 5000.18017578125, 'averageSpeed': 4.421000003814697, 'maxSpeed': 5.636000156402588, 'numFalls': 0}, {'noOfSplits': 1, 'duration': 2.0, 'splitType': 'RWD_STAND', 'numClimbSends': 0, 'maxDistance': 4, 'distance': 4.159999847412109, 'averageSpeed': 2.0820000171661377, 'maxSpeed': 2.0810000896453857, 'numFalls': 0}, {'noOfSplits': 1, 'duration': 1131.0369873046875, 'splitType': 'RWD_RUN', 'numClimbSends': 0, 'maxDistance': 4996, 'distance': 4996.02001953125, 'averageSpeed': 4.416999816894531, 'maxSpeed': 5.636000156402588, 'numFalls': 0}]",True,0,15,-4.0,False,,,,,,True,False,False,False,False,False,False,False,False,457.0,570.0,460.0,10.55,227.3000030517578,6.800000190734863,,,,,,,,,,,,,,,,
15362113947,Bristol - Base,2024-05-12 14:32:24,2024-05-12 18:32:24,"{'typeId': 1, 'typeKey': 'running', 'parentTypeId': 17, 'isHidden': False, 'trimmable': True, 'restricted': False}","{'typeId': 9, 'typeKey': 'uncategorized', 'sortOrder': 10}",9893.1298828125,2813.01708984375,2813.01708984375,2811.1319465637207,79.0,80.0,3.516999959945679,4.497000217437744,41.652020355686545,-71.25768623314798,True,False,118790142,ae52ea07-2874-4bde-8648-ac48be0f708d,Riley King,https://s3.amazonaws.com/garmin-connect-prod/profile_images/249fcc8d-9898-4d4a-abf5-ba07581a6fcd-prth.png,https://s3.amazonaws.com/garmin-connect-prod/profile_images/249fcc8d-9898-4d4a-abf5-ba07581a6fcd-prfr.png,https://s3.amazonaws.com/garmin-connect-prod/profile_images/249fcc8d-9898-4d4a-abf5-ba07581a6fcd-prof.png,702.0,71.0,147.0,166.0,167.53125,236.0,7866.0,"['SCOPE_GOLF_API_READ', 'SCOPE_ATP_READ', 'SCOPE_DIVE_API_WRITE', 'SCOPE_COMMUNITY_COURSE_ADMIN_READ', 'SCOPE_DIVE_API_READ', 'SCOPE_DI_OAUTH_2_CLIENT_READ', 'SCOPE_CONNECT_WRITE', 'SCOPE_COMMUNITY_COURSE_WRITE', 'SCOPE_MESSAGE_GENERATION_READ', 'SCOPE_DI_OAUTH_2_CLIENT_REVOCATION_ADMIN', 'SCOPE_CONNECT_WEB_TEMPLATE_RENDER', 'SCOPE_OMT_SUBSCRIPTION_ADMIN_READ', 'SCOPE_CONNECT_NON_SOCIAL_SHARED_READ', 'SCOPE_CONNECT_READ', 'SCOPE_DI_OAUTH_2_TOKEN_ADMIN', 'ROLE_CONNECTUSER', 'ROLE_FITNESS_USER', 'ROLE_WELLNESS_USER']","{'typeId': 4, 'typeKey': 'groups'}",False,False,149,1715538744000,1,3.5,0.0,125.8300048828125,60.0,3461278113,0.6000000238418579,27.200000762939453,236.0,{'summarizedDiveGases': []},0.8000011444091798,GARMIN,Bristol,8,41.65109675377607,-71.25795210711658,774.0,AEROBIC_BASE,117.22950744628906,45.86800003051758,IMPROVING_AEROBIC_ENDURANCE_9,NO_ANAEROBIC_BENEFIT_0,"[{'noOfSplits': 1, 'totalAscent': 79.0, 'duration': 2813.01708984375, 'splitType': 'INTERVAL_ACTIVE', 'numClimbSends': 0, 'maxElevationGain': 79.0, 'averageElevationGain': 79.0, 'maxDistance': 9893, 'distance': 9893.1298828125, 'averageSpeed': 3.5169999599456787, 'maxSpeed': 4.497000217437744, 'numFalls': 0, 'elevationLoss': 80.0}, {'noOfSplits': 3, 'totalAscent': 3.0, 'duration': 41.86600112915039, 'splitType': 'RWD_WALK', 'numClimbSends': 0, 'maxElevationGain': 3.0, 'averageElevationGain': 1.0, 'maxDistance': 57, 'distance': 66.18000030517578, 'averageSpeed': 1.5809999704360962, 'maxSpeed': 1.875, 'numFalls': 0, 'elevationLoss': 0.0}, {'noOfSplits': 2, 'totalAscent': 76.0, 'duration': 2774.0, 'splitType': 'RWD_RUN', 'numClimbSends': 0, 'maxElevationGain': 50.0, 'averageElevationGain': 38.0, 'maxDistance': 7269, 'distance': 9826.9501953125, 'averageSpeed': 3.5429999828338623, 'maxSpeed': 4.497000217437744, 'numFalls': 0, 'elevationLoss': 80.0}]",True,0,44,-12.0,False,,,,,,False,False,False,False,False,False,False,False,False,387.0,567.0,396.0,9.700000000000001,252.1999969482422,7.730000019073486,3.5339999198913574,,,,,,,,,,,,,,,
15346474906,Treadmill Running,2024-05-11 18:45:19,2024-05-11 22:45:19,"{'typeId': 18, 'typeKey': 'treadmill_running', 'parentTypeId': 1, 'isHidden': False, 'trimmable': True, 'restricted': False}","{'typeId': 9, 'typeKey': 'uncategorized', 'sortOrder': 10}",5236.89013671875,1331.47900390625,1331.47900390625,1311.322021484375,,,3.933000087738037,6.06500005722046,,,False,False,118790142,ae52ea07-2874-4bde-8648-ac48be0f708d,Riley King,https://s3.amazonaws.com/garmin-connect-prod/profile_images/249fcc8d-9898-4d4a-abf5-ba07581a6fcd-prth.png,https://s3.amazonaws.com/garmin-connect-prod/profile_images/249fcc8d-9898-4d4a-abf5-ba07581a6fcd-prfr.png,https://s3.amazonaws.com/garmin-connect-prod/profile_images/249fcc8d-9898-4d4a-abf5-ba07581a6fcd-prof.png,335.0,34.0,152.0,180.0,161.4375,186.0,3542.0,"['SCOPE_GOLF_API_READ', 'SCOPE_ATP_READ', 'SCOPE_DIVE_API_WRITE', 'SCOPE_COMMUNITY_COURSE_ADMIN_READ', 'SCOPE_DIVE_API_READ', 'SCOPE_DI_OAUTH_2_CLIENT_READ', 'SCOPE_CONNECT_WRITE', 'SCOPE_COMMUNITY_COURSE_WRITE', 'SCOPE_MESSAGE_GENERATION_READ', 'SCOPE_DI_OAUTH_2_CLIENT_REVOCATION_ADMIN', 'SCOPE_CONNECT_WEB_TEMPLATE_RENDER', 'SCOPE_OMT_SUBSCRIPTION_ADMIN_READ', 'SCOPE_CONNECT_NON_SOCIAL_SHARED_READ', 'SCOPE_CONNECT_READ', 'SCOPE_DI_OAUTH_2_TOKEN_ADMIN', 'ROLE_CONNECTUSER', 'ROLE_FITNESS_USER', 'ROLE_WELLNESS_USER']","{'typeId': 4, 'typeKey': 'groups'}",False,False,149,1715467519000,1,3.0999999046325684,0.10000000149011612,146.31999511718752,,3461278113,,,186.0,{'summarizedDiveGases': []},,GARMIN,,4,,,363.0,TEMPO,82.64129638671875,147.83700561523438,IMPACTING_TEMPO_22,NO_ANAEROBIC_BENEFIT_0,"[{'noOfSplits': 1, 'duration': 1331.47900390625, 'splitType': 'INTERVAL_ACTIVE', 'numClimbSends': 0, 'maxDistance': 5236, 'distance': 5236.8798828125, 'averageSpeed': 3.933000087738037, 'maxSpeed': 6.065000057220459, 'numFalls': 0}, {'noOfSplits': 2, 'duration': 8.00100040435791, 'splitType': 'RWD_STAND', 'numClimbSends': 0, 'maxDistance': 0, 'distance': 0.20000000298023224, 'averageSpeed': 0.024000000208616257, 'maxSpeed': 0.19599999487400055, 'numFalls': 0}, {'noOfSplits': 4, 'duration': 70.39299774169922, 'splitType': 'RWD_WALK', 'numClimbSends': 0, 'maxDistance': 69, 'distance': 98.62000274658203, 'averageSpeed': 1.4010000228881836, 'maxSpeed': 2.2300000190734863, 'numFalls': 0}, {'noOfSplits': 2, 'duration': 1260.0, 'splitType': 'RWD_RUN', 'numClimbSends': 0, 'maxDistance': 5098, 'distance': 5138.06005859375, 'averageSpeed': 4.078000068664551, 'maxSpeed': 6.065000057220459, 'numFalls': 0}]",True,1,20,-5.0,False,,,,,,False,False,False,False,False,False,False,False,False,407.0,585.0,430.0,10.350000000000001,248.10000610351562,7.179999828338623,,,,,,,,,,,,,,,,
15311870751,Bristol - Base,2024-05-09 15:48:03,2024-05-09 19:48:03,"{'typeId': 1, 'typeKey': 'running', 'parentTypeId': 17, 'isHidden': False, 'trimmable': True, 'restricted': False}","{'typeId': 9, 'typeKey': 'uncategorized', 'sortOrder': 10}",14635.759765625,4072.445068359375,6466.66015625,4002.5499877929688,94.0,87.0,3.5940001010894775,4.8429999351501465,41.651699244976044,-71.2576709780842,True,False,118790142,ae52ea07-2874-4bde-8648-ac48be0f708d,Riley King,https://s3.amazonaws.com/garmin-connect-prod/profile_images/249fcc8d-9898-4d4a-abf5-ba07581a6fcd-prth.png,https://s3.amazonaws.com/garmin-connect-prod/profile_images/249fcc8d-9898-4d4a-abf5-ba07581a6fcd-prfr.png,https://s3.amazonaws.com/garmin-connect-prod/profile_images/249fcc8d-9898-4d4a-abf5-ba07581a6fcd-prof.png,1059.0,103.0,156.0,174.0,167.203125,244.0,11200.0,"['SCOPE_GOLF_API_READ', 'SCOPE_ATP_READ', 'SCOPE_DIVE_API_WRITE', 'SCOPE_COMMUNITY_COURSE_ADMIN_READ', 'SCOPE_DIVE_API_READ', 'SCOPE_DI_OAUTH_2_CLIENT_READ', 'SCOPE_CONNECT_WRITE', 'SCOPE_COMMUNITY_COURSE_WRITE', 'SCOPE_MESSAGE_GENERATION_READ', 'SCOPE_DI_OAUTH_2_CLIENT_REVOCATION_ADMIN', 'SCOPE_CONNECT_WEB_TEMPLATE_RENDER', 'SCOPE_OMT_SUBSCRIPTION_ADMIN_READ', 'SCOPE_CONNECT_NON_SOCIAL_SHARED_READ', 'SCOPE_CONNECT_READ', 'SCOPE_DI_OAUTH_2_TOKEN_ADMIN', 'ROLE_CONNECTUSER', 'ROLE_FITNESS_USER', 'ROLE_WELLNESS_USER']","{'typeId': 4, 'typeKey': 'groups'}",False,False,149,1715284083000,1,4.300000190734863,0.20000000298023224,130.50999755859377,60.0,3461278113,0.0,27.399999618530273,244.0,{'summarizedDiveGases': []},0.6000003814697266,GARMIN,Bristol,11,41.651052413508296,-71.2582185678184,1107.0,TEMPO,188.58114624023438,52.44499969482422,HIGHLY_IMPACTING_TEMPO_23,NO_ANAEROBIC_BENEFIT_0,"[{'noOfSplits': 1, 'totalAscent': 94.0, 'duration': 4072.445068359375, 'splitType': 'INTERVAL_ACTIVE', 'numClimbSends': 0, 'maxElevationGain': 94.0, 'averageElevationGain': 94.0, 'maxDistance': 14635, 'distance': 14635.759765625, 'averageSpeed': 3.5940001010894775, 'maxSpeed': 4.8429999351501465, 'numFalls': 0, 'elevationLoss': 87.0}, {'noOfSplits': 5, 'totalAscent': 91.0, 'duration': 3925.162109375, 'splitType': 'RWD_RUN', 'numClimbSends': 0, 'maxElevationGain': 40.0, 'averageElevationGain': 18.0, 'maxDistance': 7242, 'distance': 14472.23046875, 'averageSpeed': 3.687000036239624, 'maxSpeed': 4.8429999351501465, 'numFalls': 0, 'elevationLoss': 87.0}, {'noOfSplits': 3, 'totalAscent': 0.0, 'duration': 69.32599639892578, 'splitType': 'RWD_STAND', 'numClimbSends': 0, 'maxElevationGain': 0.0, 'averageElevationGain': 0.0, 'maxDistance': 13, 'distance': 28.290000915527344, 'averageSpeed': 0.40799999237060547, 'maxSpeed': 1.9129999876022339, 'numFalls': 0, 'elevationLoss': 0.0}, {'noOfSplits': 6, 'totalAscent': 3.0, 'duration': 82.83999633789062, 'splitType': 'RWD_WALK', 'numClimbSends': 0, 'maxElevationGain': 3.0, 'averageElevationGain': 0.0, 'maxDistance': 41, 'distance': 135.22999572753906, 'averageSpeed': 1.6319999694824219, 'maxSpeed': 2.0989999771118164, 'numFalls': 0, 'elevationLoss': 0.0}]",True,2,104,-18.0,False,,,,,,False,False,False,False,False,False,False,False,False,395.0,596.0,411.0,9.75,249.1999969482422,7.5,3.615999937057495,,,,,,,,,,,,,,,
15294470322,Treadmill Running,2024-05-08 18:09:20,2024-05-08 22:09:20,"{'typeId': 18, 'typeKey': 'treadmill_running', 'parentTypeId': 1, 'isHidden': False, 'trimmable': True, 'restricted': False}","{'typeId': 9, 'typeKey': 'uncategorized', 'sortOrder': 10}",3706.409912109375,984.614990234375,984.614990234375,976.0,,,3.7639999389648438,5.710000038146973,,,False,False,118790142,ae52ea07-2874-4bde-8648-ac48be0f708d,Riley King,https://s3.amazonaws.com/garmin-connect-prod/profile_images/249fcc8d-9898-4d4a-abf5-ba07581a6fcd-prth.png,https://s3.amazonaws.com/garmin-connect-prod/profile_images/249fcc8d-9898-4d4a-abf5-ba07581a6fcd-prfr.png,https://s3.amazonaws.com/garmin-connect-prod/profile_images/249fcc8d-9898-4d4a-abf5-ba07581a6fcd-prof.png,198.0,25.0,131.0,159.0,156.609375,176.0,2272.0,"['SCOPE_GOLF_API_READ', 'SCOPE_ATP_READ', 'SCOPE_DIVE_API_WRITE', 'SCOPE_COMMUNITY_COURSE_ADMIN_READ', 'SCOPE_DIVE_API_READ', 'SCOPE_DI_OAUTH_2_CLIENT_READ', 'SCOPE_CONNECT_WRITE', 'SCOPE_COMMUNITY_COURSE_WRITE', 'SCOPE_MESSAGE_GENERATION_READ', 'SCOPE_DI_OAUTH_2_CLIENT_REVOCATION_ADMIN', 'SCOPE_CONNECT_WEB_TEMPLATE_RENDER', 'SCOPE_OMT_SUBSCRIPTION_ADMIN_READ', 'SCOPE_CONNECT_NON_SOCIAL_SHARED_READ', 'SCOPE_CONNECT_READ', 'SCOPE_DI_OAUTH_2_TOKEN_ADMIN', 'ROLE_CONNECTUSER', 'ROLE_FITNESS_USER', 'ROLE_WELLNESS_USER']","{'typeId': 4, 'typeKey': 'groups'}",False,False,149,1715206160000,1,2.0,0.699999988079071,143.25,,3461278113,,,176.0,{'summarizedDiveGases': []},,GARMIN,,3,,,254.0,RECOVERY,35.10243225097656,200.0749969482422,MINOR_AEROBIC_BENEFIT_0,NO_ANAEROBIC_BENEFIT_0,"[{'noOfSplits': 1, 'duration': 984.614990234375, 'splitType': 'INTERVAL_ACTIVE', 'numClimbSends': 0, 'maxDistance': 3706, 'distance': 3706.419921875, 'averageSpeed': 3.7639999389648438, 'maxSpeed': 5.710000038146973, 'numFalls': 0}, {'noOfSplits': 4, 'duration': 150.5959930419922, 'splitType': 'RWD_WALK', 'numClimbSends': 0, 'maxDistance': 253, 'distance': 296.92999267578125, 'averageSpeed': 1.972000002861023, 'maxSpeed': 2.2209999561309814, 'numFalls': 0}, {'noOfSplits': 3, 'duration': 836.0, 'splitType': 'RWD_RUN', 'numClimbSends': 0, 'maxDistance': 3367, 'distance': 3409.489990234375, 'averageSpeed': 4.078000068664551, 'maxSpeed': 5.710000038146973, 'numFalls': 0}]",True,1,14,-4.0,False,,,,,,False,False,False,False,False,False,False,False,False,384.0,555.0,422.0,10.080000305175782,256.1000061035156,7.119999885559082,,,,,,,,,,,,,,,,
15258299330,Bristol - Threshold,2024-05-06 13:55:15,2024-05-06 17:55:15,"{'typeId': 1, 'typeKey': 'running', 'parentTypeId': 17, 'isHidden': False, 'trimmable': True, 'restricted': False}","{'typeId': 9, 'typeKey': 'uncategorized', 'sortOrder': 10}",13111.41015625,3821.337890625,4027.4599609375,3816.562026977539,76.0,85.0,3.4309999942779545,4.591000080108643,41.65203334763646,-71.25770458951592,True,False,118790142,ae52ea07-2874-4bde-8648-ac48be0f708d,Riley King,https://s3.amazonaws.com/garmin-connect-prod/profile_images/249fcc8d-9898-4d4a-abf5-ba07581a6fcd-prth.png,https://s3.amazonaws.com/garmin-connect-prod/profile_images/249fcc8d-9898-4d4a-abf5-ba07581a6fcd-prfr.png,https://s3.amazonaws.com/garmin-connect-prod/profile_images/249fcc8d-9898-4d4a-abf5-ba07581a6fcd-prof.png,930.0,96.0,154.0,179.0,160.09375,244.0,10244.0,"['SCOPE_GOLF_API_READ', 'SCOPE_ATP_READ', 'SCOPE_DIVE_API_WRITE', 'SCOPE_COMMUNITY_COURSE_ADMIN_READ', 'SCOPE_DIVE_API_READ', 'SCOPE_DI_OAUTH_2_CLIENT_READ', 'SCOPE_CONNECT_WRITE', 'SCOPE_COMMUNITY_COURSE_WRITE', 'SCOPE_MESSAGE_GENERATION_READ', 'SCOPE_DI_OAUTH_2_CLIENT_REVOCATION_ADMIN', 'SCOPE_CONNECT_WEB_TEMPLATE_RENDER', 'SCOPE_OMT_SUBSCRIPTION_ADMIN_READ', 'SCOPE_CONNECT_NON_SOCIAL_SHARED_READ', 'SCOPE_CONNECT_READ', 'SCOPE_DI_OAUTH_2_TOKEN_ADMIN', 'ROLE_CONNECTUSER', 'ROLE_FITNESS_USER', 'ROLE_WELLNESS_USER']","{'typeId': 4, 'typeKey': 'groups'}",False,False,149,1715018115000,1,4.300000190734863,0.4000000059604645,126.0800048828125,60.0,3461278113,-0.6000000238418579,22.399999618530273,244.0,{'summarizedDiveGases': []},0.6000003814697266,GARMIN,Bristol,12,41.651121312752366,-71.25768044963479,1054.0,LACTATE_THRESHOLD,189.34922790527344,8.093999862670898,HIGHLY_IMPROVING_LACTATE_THRESHOLD_13,NO_ANAEROBIC_BENEFIT_0,"[{'noOfSplits': 1, 'totalAscent': 9.0, 'duration': 600.0, 'splitType': 'INTERVAL_WARMUP', 'numClimbSends': 0, 'maxElevationGain': 9.0, 'averageElevationGain': 9.0, 'maxDistance': 2112, 'distance': 2112.639892578125, 'averageSpeed': 3.5209999084472656, 'maxSpeed': 4.591000080108643, 'numFalls': 0, 'elevationLoss': 14.0}, {'noOfSplits': 2, 'totalAscent': 35.0, 'duration': 1800.0, 'splitType': 'INTERVAL_ACTIVE', 'numClimbSends': 0, 'maxElevationGain': 29.0, 'averageElevationGain': 18.0, 'maxDistance': 3679, 'distance': 7355.39990234375, 'averageSpeed': 4.085999965667725, 'maxSpeed': 4.468999862670898, 'numFalls': 0, 'elevationLoss': 43.0}, {'noOfSplits': 7, 'totalAscent': 14.0, 'duration': 674.8259887695312, 'splitType': 'RWD_WALK', 'numClimbSends': 0, 'maxElevationGain': 6.0, 'averageElevationGain': 2.0, 'maxDistance': 495, 'distance': 1166.760009765625, 'averageSpeed': 1.7289999723434448, 'maxSpeed': 1.875, 'numFalls': 0, 'elevationLoss': 1.0}, {'noOfSplits': 1, 'totalAscent': 22.0, 'duration': 1121.333984375, 'splitType': 'INTERVAL_COOLDOWN', 'numClimbSends': 0, 'maxElevationGain': 22.0, 'averageElevationGain': 22.0, 'maxDistance': 2718, 'distance': 2718.75, 'averageSpeed': 2.424999952316284, 'maxSpeed': 4.544000148773193, 'numFalls': 0, 'elevationLoss': 17.0}, {'noOfSplits': 1, 'totalAscent': 0.0, 'duration': 3.000999927520752, 'splitType': 'RWD_STAND', 'numClimbSends': 0, 'maxElevationGain': 0.0, 'averageElevationGain': 0.0, 'maxDistance': 6, 'distance': 6.360000133514404, 'averageSpeed': 2.11899995803833, 'maxSpeed': 1.6239999532699585, 'numFalls': 0, 'elevationLoss': 0.0}, {'noOfSplits': 1, 'totalAscent': 10.0, 'duration': 300.0, 'splitType': 'INTERVAL_RECOVERY', 'numClimbSends': 0, 'maxElevationGain': 10.0, 'averageElevationGain': 10.0, 'maxDistance': 925, 'distance': 925.010009765625, 'averageSpeed': 3.0829999446868896, 'maxSpeed': 4.1519999504089355, 'numFalls': 0, 'elevationLoss': 12.0}, {'noOfSplits': 7, 'totalAscent': 61.0, 'duration': 3146.491943359375, 'splitType': 'RWD_RUN', 'numClimbSends': 0, 'maxElevationGain': 38.0, 'averageElevationGain': 9.0, 'maxDistance': 5219, 'distance': 11938.2802734375, 'averageSpeed': 3.7939999103546143, 'maxSpeed': 4.591000080108643, 'numFalls': 0, 'elevationLoss': 84.0}]",True,9,57,-17.0,False,,,,,,True,False,False,False,False,False,False,False,False,368.0,620.0,404.0,9.219999694824219,249.3000030517578,7.360000133514404,3.447000026702881,,,,,,,,,,,,,,,
15238884766,Concord Trail Running,2024-05-05 09:13:55,2024-05-05 13:13:55,"{'typeId': 6, 'typeKey': 'trail_running', 'parentTypeId': 1, 'isHidden': False, 'trimmable': True, 'restricted': False}","{'typeId': 9, 'typeKey': 'uncategorized', 'sortOrder': 10}",8743.6298828125,4439.626953125,4439.626953125,4311.9119873046875,285.0,288.0,1.968999981880188,3.7230000495910645,43.262881664559245,-71.5197214577347,True,False,118790142,ae52ea07-2874-4bde-8648-ac48be0f708d,Riley King,https://s3.amazonaws.com/garmin-connect-prod/profile_images/249fcc8d-9898-4d4a-abf5-ba07581a6fcd-prth.png,https://s3.amazonaws.com/garmin-connect-prod/profile_images/249fcc8d-9898-4d4a-abf5-ba07581a6fcd-prfr.png,https://s3.amazonaws.com/garmin-connect-prod/profile_images/249fcc8d-9898-4d4a-abf5-ba07581a6fcd-prof.png,727.0,112.0,127.0,147.0,135.828125,243.0,10354.0,"['SCOPE_GOLF_API_READ', 'SCOPE_ATP_READ', 'SCOPE_DIVE_API_WRITE', 'SCOPE_COMMUNITY_COURSE_ADMIN_READ', 'SCOPE_DIVE_API_READ', 'SCOPE_DI_OAUTH_2_CLIENT_READ', 'SCOPE_CONNECT_WRITE', 'SCOPE_COMMUNITY_COURSE_WRITE', 'SCOPE_MESSAGE_GENERATION_READ', 'SCOPE_DI_OAUTH_2_CLIENT_REVOCATION_ADMIN', 'SCOPE_CONNECT_WEB_TEMPLATE_RENDER', 'SCOPE_OMT_SUBSCRIPTION_ADMIN_READ', 'SCOPE_CONNECT_NON_SOCIAL_SHARED_READ', 'SCOPE_CONNECT_READ', 'SCOPE_DI_OAUTH_2_TOKEN_ADMIN', 'ROLE_CONNECTUSER', 'ROLE_FITNESS_USER', 'ROLE_WELLNESS_USER']","{'typeId': 4, 'typeKey': 'groups'}",False,False,149,1714914835000,1,2.4000000953674316,0.0,86.10999755859376,,3461278113,126.19999694824219,290.79998779296875,243.0,{'summarizedDiveGases': []},1.0,GARMIN,Concord,6,43.26171557419002,-71.52119399048388,811.0,AEROBIC_BASE,41.086700439453125,276.04901123046875,MAINTAINING_AEROBIC_BASE_7,NO_ANAEROBIC_BENEFIT_0,"[{'noOfSplits': 1, 'totalAscent': 285.0, 'duration': 4439.626953125, 'splitType': 'INTERVAL_ACTIVE', 'numClimbSends': 0, 'maxElevationGain': 285.0, 'averageElevationGain': 285.0, 'maxDistance': 8743, 'distance': 8743.6201171875, 'averageSpeed': 1.968999981880188, 'maxSpeed': 3.7230000495910645, 'numFalls': 0, 'elevationLoss': 288.0}, {'noOfSplits': 33, 'totalAscent': 172.0, 'duration': 1295.001953125, 'splitType': 'RWD_WALK', 'numClimbSends': 0, 'maxElevationGain': 41.0, 'averageElevationGain': 5.0, 'maxDistance': 448, 'distance': 1828.4000244140625, 'averageSpeed': 1.4119999408721924, 'maxSpeed': 2.239000082015991, 'numFalls': 0, 'elevationLoss': 8.0}, {'noOfSplits': 5, 'totalAscent': 0.0, 'duration': 103.5270004272461, 'splitType': 'RWD_STAND', 'numClimbSends': 0, 'maxElevationGain': 0.0, 'averageElevationGain': 0.0, 'maxDistance': 9, 'distance': 26.700000762939453, 'averageSpeed': 0.257999986410141, 'maxSpeed': 0.0, 'numFalls': 0, 'elevationLoss': 0.0}, {'noOfSplits': 29, 'totalAscent': 113.0, 'duration': 3040.9990234375, 'splitType': 'RWD_RUN', 'numClimbSends': 0, 'maxElevationGain': 22.0, 'averageElevationGain': 4.0, 'maxDistance': 1533, 'distance': 6888.52978515625, 'averageSpeed': 2.265000104904175, 'maxSpeed': 3.7230000495910645, 'numFalls': 0, 'elevationLoss': 280.0}]",True,15,54,-15.0,False,,,,,,False,False,False,False,False,False,False,False,False,221.0,539.0,245.0,7.680000305175781,297.0,9.119999885559082,2.1760001182556152,,,,,,,,,,,,,,,
15211385778,Concord Walking,2024-05-03 19:37:40,2024-05-03 23:37:40,"{'typeId': 9, 'typeKey': 'walking', 'parentTypeId': 17, 'isHidden': False, 'trimmable': True, 'restricted': False}","{'typeId': 9, 'typeKey': 'uncategorized', 'sortOrder': 10}",4562.5400390625,3433.844970703125,3433.844970703125,2444.0,150.0,146.0,1.3289999961853027,3.45199990272522,43.26155883260071,-71.520203249529,True,False,118790142,ae52ea07-2874-4bde-8648-ac48be0f708d,Riley King,https://s3.amazonaws.com/garmin-connect-prod/profile_images/249fcc8d-9898-4d4a-abf5-ba07581a6fcd-prth.png,https://s3.amazonaws.com/garmin-connect-prod/profile_images/249fcc8d-9898-4d4a-abf5-ba07581a6fcd-prfr.png,https://s3.amazonaws.com/garmin-connect-prod/profile_images/249fcc8d-9898-4d4a-abf5-ba07581a6fcd-prof.png,379.0,86.0,104.0,157.0,86.71875,245.0,5246.0,"['SCOPE_GOLF_API_READ', 'SCOPE_ATP_READ', 'SCOPE_DIVE_API_WRITE', 'SCOPE_COMMUNITY_COURSE_ADMIN_READ', 'SCOPE_DIVE_API_READ', 'SCOPE_DI_OAUTH_2_CLIENT_READ', 'SCOPE_CONNECT_WRITE', 'SCOPE_COMMUNITY_COURSE_WRITE', 'SCOPE_MESSAGE_GENERATION_READ', 'SCOPE_DI_OAUTH_2_CLIENT_REVOCATION_ADMIN', 'SCOPE_CONNECT_WEB_TEMPLATE_RENDER', 'SCOPE_OMT_SUBSCRIPTION_ADMIN_READ', 'SCOPE_CONNECT_NON_SOCIAL_SHARED_READ', 'SCOPE_CONNECT_READ', 'SCOPE_DI_OAUTH_2_TOKEN_ADMIN', 'ROLE_CONNECTUSER', 'ROLE_FITNESS_USER', 'ROLE_WELLNESS_USER']","{'typeId': 4, 'typeKey': 'groups'}",False,False,149,1714779460000,11,1.5,0.0,98.33252805315158,60.0,3461278113,123.80000305175781,198.0,245.0,{'summarizedDiveGases': []},0.8000030517578125,GARMIN,Concord,3,43.26180727221072,-71.52117446064949,454.0,RECOVERY,18.291397094726562,948.8170166015625,RECOVERY_5,NO_ANAEROBIC_BENEFIT_0,"[{'totalAscent': 150.0, 'duration': 3433.844970703125, 'splitType': 'INTERVAL_ACTIVE', 'numClimbSends': 0, 'maxElevationGain': 150.0, 'averageElevationGain': 150.0, 'maxDistance': 4562, 'distance': 4562.5399169921875, 'averageSpeed': 1.3286971182213703, 'maxSpeed': 3.4519999027252197, 'numFalls': 0, 'elevationLoss': 146.0}]",False,28,12,-8.0,False,,,,,,False,False,False,False,False,False,False,False,False,,,,,,,,,,,,,,,,,,,,,,
15194013851,Bristol - Threshold,2024-05-02 15:14:29,2024-05-02 19:14:29,"{'typeId': 1, 'typeKey': 'running', 'parentTypeId': 17, 'isHidden': False, 'trimmable': True, 'restricted': False}","{'typeId': 9, 'typeKey': 'uncategorized', 'sortOrder': 10}",9807.599609375,2653.7041015625,4675.69287109375,2649.2469997406006,64.0,63.0,3.696000099182129,4.580999851226807,41.65161408483982,-71.25763124786317,True,False,118790142,ae52ea07-2874-4bde-8648-ac48be0f708d,Riley King,https://s3.amazonaws.com/garmin-connect-prod/profile_images/249fcc8d-9898-4d4a-abf5-ba07581a6fcd-prth.png,https://s3.amazonaws.com/garmin-connect-prod/profile_images/249fcc8d-9898-4d4a-abf5-ba07581a6fcd-prfr.png,https://s3.amazonaws.com/garmin-connect-prod/profile_images/249fcc8d-9898-4d4a-abf5-ba07581a6fcd-prof.png,673.0,67.0,151.0,175.0,168.640625,180.0,7448.0,"['SCOPE_GOLF_API_READ', 'SCOPE_ATP_READ', 'SCOPE_DIVE_API_WRITE', 'SCOPE_COMMUNITY_COURSE_ADMIN_READ', 'SCOPE_DIVE_API_READ', 'SCOPE_DI_OAUTH_2_CLIENT_READ', 'SCOPE_CONNECT_WRITE', 'SCOPE_COMMUNITY_COURSE_WRITE', 'SCOPE_MESSAGE_GENERATION_READ', 'SCOPE_DI_OAUTH_2_CLIENT_REVOCATION_ADMIN', 'SCOPE_CONNECT_WEB_TEMPLATE_RENDER', 'SCOPE_OMT_SUBSCRIPTION_ADMIN_READ', 'SCOPE_CONNECT_NON_SOCIAL_SHARED_READ', 'SCOPE_CONNECT_READ', 'SCOPE_DI_OAUTH_2_TOKEN_ADMIN', 'ROLE_CONNECTUSER', 'ROLE_FITNESS_USER', 'ROLE_WELLNESS_USER']","{'typeId': 4, 'typeKey': 'groups'}",False,False,149,1714677269000,1,3.5,0.0,130.6,60.0,3461278113,-0.4000000059604645,26.799999237060547,180.0,{'summarizedDiveGases': []},0.8000011444091798,GARMIN,Bristol,12,41.653669914230704,-71.25734500586987,736.0,TEMPO,123.73263549804688,27.70599937438965,IMPROVING_AEROBIC_FITNESS_2,NO_ANAEROBIC_BENEFIT_0,"[{'noOfSplits': 1, 'totalAscent': 0.0, 'duration': 6.0, 'splitType': 'RWD_STAND', 'numClimbSends': 0, 'maxElevationGain': 0.0, 'averageElevationGain': 0.0, 'maxDistance': 14, 'distance': 14.670000076293945, 'averageSpeed': 2.444999933242798, 'maxSpeed': 1.996999979019165, 'numFalls': 0, 'elevationLoss': 0.0}, {'noOfSplits': 1, 'totalAscent': 9.0, 'duration': 600.0, 'splitType': 'INTERVAL_WARMUP', 'numClimbSends': 0, 'maxElevationGain': 9.0, 'averageElevationGain': 9.0, 'maxDistance': 2039, 'distance': 2039.0899658203125, 'averageSpeed': 3.3980000019073486, 'maxSpeed': 4.039999961853027, 'numFalls': 0, 'elevationLoss': 16.0}, {'noOfSplits': 4, 'totalAscent': 64.0, 'duration': 2641.827880859375, 'splitType': 'RWD_RUN', 'numClimbSends': 0, 'maxElevationGain': 30.0, 'averageElevationGain': 16.0, 'maxDistance': 4912, 'distance': 9758.41015625, 'averageSpeed': 3.694000005722046, 'maxSpeed': 4.580999851226807, 'numFalls': 0, 'elevationLoss': 63.0}, {'noOfSplits': 3, 'totalAscent': 0.0, 'duration': 9.744000434875488, 'splitType': 'RWD_WALK', 'numClimbSends': 0, 'maxElevationGain': 0.0, 'averageElevationGain': 0.0, 'maxDistance': 13, 'distance': 27.850000381469727, 'averageSpeed': 2.8580000400543213, 'maxSpeed': 2.2209999561309814, 'numFalls': 0, 'elevationLoss': 0.0}, {'noOfSplits': 3, 'totalAscent': 41.0, 'duration': 1260.0, 'splitType': 'INTERVAL_ACTIVE', 'numClimbSends': 0, 'maxElevationGain': 17.0, 'averageElevationGain': 14.0, 'maxDistance': 1754, 'distance': 5225.33984375, 'averageSpeed': 4.146999835968018, 'maxSpeed': 4.580999851226807, 'numFalls': 0, 'elevationLoss': 28.0}, {'noOfSplits': 2, 'totalAscent': 0.0, 'duration': 240.0, 'splitType': 'INTERVAL_RECOVERY', 'numClimbSends': 0, 'maxElevationGain': 0.0, 'averageElevationGain': 0.0, 'maxDistance': 356, 'distance': 711.8800048828125, 'averageSpeed': 2.9660000801086426, 'maxSpeed': 4.301000118255615, 'numFalls': 0, 'elevationLoss': 9.0}, {'noOfSplits': 1, 'totalAscent': 15.0, 'duration': 553.7020263671875, 'splitType': 'INTERVAL_COOLDOWN', 'numClimbSends': 0, 'maxElevationGain': 15.0, 'averageElevationGain': 15.0, 'maxDistance': 1831, 'distance': 1831.5899658203125, 'averageSpeed': 3.308000087738037, 'maxSpeed': 4.086999893188477, 'numFalls': 0, 'elevationLoss': 9.0}]",True,1,75,-14.0,False,,,,,,False,False,False,False,False,False,False,False,False,404.0,622.0,418.0,9.819999694824219,247.89999389648438,7.579999923706055,3.696000099182129,,,,,,,,,,,,,,,
15177765864,Treadmill Running,2024-05-01 16:20:38,2024-05-01 20:20:38,"{'typeId': 18, 'typeKey': 'treadmill_running', 'parentTypeId': 1, 'isHidden': False, 'trimmable': True, 'restricted': False}","{'typeId': 9, 'typeKey': 'uncategorized', 'sortOrder': 10}",4859.419921875,1093.1829833984375,1093.1829833984375,1091.5110168457031,,,4.445000171661377,5.860000133514404,,,False,False,118790142,ae52ea07-2874-4bde-8648-ac48be0f708d,Riley King,https://s3.amazonaws.com/garmin-connect-prod/profile_images/249fcc8d-9898-4d4a-abf5-ba07581a6fcd-prth.png,https://s3.amazonaws.com/garmin-connect-prod/profile_images/249fcc8d-9898-4d4a-abf5-ba07581a6fcd-prfr.png,https://s3.amazonaws.com/garmin-connect-prod/profile_images/249fcc8d-9898-4d4a-abf5-ba07581a6fcd-prof.png,277.0,28.0,151.0,175.0,166.46875,182.0,2970.0,"['SCOPE_GOLF_API_READ', 'SCOPE_ATP_READ', 'SCOPE_DIVE_API_WRITE', 'SCOPE_COMMUNITY_COURSE_ADMIN_READ', 'SCOPE_DIVE_API_READ', 'SCOPE_DI_OAUTH_2_CLIENT_READ', 'SCOPE_CONNECT_WRITE', 'SCOPE_COMMUNITY_COURSE_WRITE', 'SCOPE_MESSAGE_GENERATION_READ', 'SCOPE_DI_OAUTH_2_CLIENT_REVOCATION_ADMIN', 'SCOPE_CONNECT_WEB_TEMPLATE_RENDER', 'SCOPE_OMT_SUBSCRIPTION_ADMIN_READ', 'SCOPE_CONNECT_NON_SOCIAL_SHARED_READ', 'SCOPE_CONNECT_READ', 'SCOPE_DI_OAUTH_2_TOKEN_ADMIN', 'ROLE_CONNECTUSER', 'ROLE_FITNESS_USER', 'ROLE_WELLNESS_USER']","{'typeId': 4, 'typeKey': 'groups'}",False,False,149,1714594838000,1,2.9000000953674316,0.0,159.85000000000002,,3461278113,,,182.0,{'summarizedDiveGases': []},,GARMIN,,4,,,303.0,TEMPO,64.65083312988281,5.671999931335449,MAINTAINING_TEMPO_21,NO_ANAEROBIC_BENEFIT_0,"[{'noOfSplits': 1, 'duration': 1093.1829833984375, 'splitType': 'INTERVAL_ACTIVE', 'numClimbSends': 0, 'maxDistance': 4859, 'distance': 4859.419921875, 'averageSpeed': 4.445000171661377, 'maxSpeed': 5.860000133514404, 'numFalls': 0}, {'noOfSplits': 1, 'duration': 8.0, 'splitType': 'RWD_WALK', 'numClimbSends': 0, 'maxDistance': 12, 'distance': 12.84000015258789, 'averageSpeed': 1.6050000190734863, 'maxSpeed': 1.6050000190734863, 'numFalls': 0}, {'noOfSplits': 1, 'duration': 1085.1629638671875, 'splitType': 'RWD_RUN', 'numClimbSends': 0, 'maxDistance': 4846, 'distance': 4846.580078125, 'averageSpeed': 4.466000080108643, 'maxSpeed': 5.860000133514404, 'numFalls': 0}]",True,0,15,-6.0,False,,,,,,False,False,False,False,False,False,False,False,False,453.0,580.0,459.0,10.75,231.8000030517578,6.809999942779541,,,,,,,,,,,,,,,,
15139703731,Bristol Running,2024-04-29 12:45:56,2024-04-29 16:45:56,"{'typeId': 1, 'typeKey': 'running', 'parentTypeId': 17, 'isHidden': False, 'trimmable': True, 'restricted': False}","{'typeId': 9, 'typeKey': 'uncategorized', 'sortOrder': 10}",17922.80078125,5436.2958984375,5772.0751953125,5427.031005859375,94.0,101.0,3.296999931335449,3.825999975204468,41.65436049923301,-71.26130403019488,True,False,118790142,ae52ea07-2874-4bde-8648-ac48be0f708d,Riley King,https://s3.amazonaws.com/garmin-connect-prod/profile_images/249fcc8d-9898-4d4a-abf5-ba07581a6fcd-prth.png,https://s3.amazonaws.com/garmin-connect-prod/profile_images/249fcc8d-9898-4d4a-abf5-ba07581a6fcd-prfr.png,https://s3.amazonaws.com/garmin-connect-prod/profile_images/249fcc8d-9898-4d4a-abf5-ba07581a6fcd-prof.png,1295.0,137.0,149.0,166.0,166.4375,228.0,15114.0,"['SCOPE_GOLF_API_READ', 'SCOPE_ATP_READ', 'SCOPE_DIVE_API_WRITE', 'SCOPE_COMMUNITY_COURSE_ADMIN_READ', 'SCOPE_DIVE_API_READ', 'SCOPE_DI_OAUTH_2_CLIENT_READ', 'SCOPE_CONNECT_WRITE', 'SCOPE_COMMUNITY_COURSE_WRITE', 'SCOPE_MESSAGE_GENERATION_READ', 'SCOPE_DI_OAUTH_2_CLIENT_REVOCATION_ADMIN', 'SCOPE_CONNECT_WEB_TEMPLATE_RENDER', 'SCOPE_OMT_SUBSCRIPTION_ADMIN_READ', 'SCOPE_CONNECT_NON_SOCIAL_SHARED_READ', 'SCOPE_CONNECT_READ', 'SCOPE_DI_OAUTH_2_TOKEN_ADMIN', 'ROLE_CONNECTUSER', 'ROLE_FITNESS_USER', 'ROLE_WELLNESS_USER']","{'typeId': 4, 'typeKey': 'groups'}",False,False,149,1714409156000,1,4.0,0.0,118.75999755859375,60.0,3461278113,2.5999999046325684,24.799999237060547,228.0,{'summarizedDiveGases': []},0.6000003814697266,GARMIN,Bristol,12,41.65432940237224,-71.26126245595515,1510.0,AEROBIC_BASE,159.03807067871094,60.44300079345703,HIGHLY_IMPROVING_AEROBIC_ENDURANCE_10,NO_ANAEROBIC_BENEFIT_0,"[{'noOfSplits': 1, 'totalAscent': 94.0, 'duration': 5436.2958984375, 'splitType': 'INTERVAL_ACTIVE', 'numClimbSends': 0, 'maxElevationGain': 94.0, 'averageElevationGain': 94.0, 'maxDistance': 17922, 'distance': 17922.76953125, 'averageSpeed': 3.296999931335449, 'maxSpeed': 3.8259999752044678, 'numFalls': 0, 'elevationLoss': 101.0}, {'noOfSplits': 7, 'totalAscent': 91.0, 'duration': 5307.0810546875, 'splitType': 'RWD_RUN', 'numClimbSends': 0, 'maxElevationGain': 37.0, 'averageElevationGain': 13.0, 'maxDistance': 5762, 'distance': 17687.470703125, 'averageSpeed': 3.3329999446868896, 'maxSpeed': 3.8259999752044678, 'numFalls': 0, 'elevationLoss': 100.0}, {'noOfSplits': 1, 'totalAscent': 0.0, 'duration': 4.0, 'splitType': 'RWD_STAND', 'numClimbSends': 0, 'maxElevationGain': 0.0, 'averageElevationGain': 0.0, 'maxDistance': 12, 'distance': 12.039999961853027, 'averageSpeed': 3.009999990463257, 'maxSpeed': 1.9869999885559082, 'numFalls': 0, 'elevationLoss': 0.0}, {'noOfSplits': 5, 'totalAscent': 3.0, 'duration': 129.125, 'splitType': 'RWD_WALK', 'numClimbSends': 0, 'maxElevationGain': 3.0, 'averageElevationGain': 1.0, 'maxDistance': 208, 'distance': 223.2899932861328, 'averageSpeed': 1.7289999723434448, 'maxSpeed': 2.4630000591278076, 'numFalls': 0, 'elevationLoss': 1.0}]",True,2,93,-24.0,False,,,,,,False,False,False,False,False,False,False,False,False,358.0,498.0,365.0,9.44000015258789,258.0,7.960000038146973,3.306999921798706,,,,,,,,,,,,,,,
15107069988,Treadmill Running,2024-04-27 14:25:13,2024-04-27 18:25:13,"{'typeId': 18, 'typeKey': 'treadmill_running', 'parentTypeId': 1, 'isHidden': False, 'trimmable': True, 'restricted': False}","{'typeId': 9, 'typeKey': 'uncategorized', 'sortOrder': 10}",1693.81005859375,390.35400390625,410.4859924316406,383.0,,,4.339000225067139,5.860000133514404,,,False,False,118790142,ae52ea07-2874-4bde-8648-ac48be0f708d,Riley King,https://s3.amazonaws.com/garmin-connect-prod/profile_images/249fcc8d-9898-4d4a-abf5-ba07581a6fcd-prth.png,https://s3.amazonaws.com/garmin-connect-prod/profile_images/249fcc8d-9898-4d4a-abf5-ba07581a6fcd-prfr.png,https://s3.amazonaws.com/garmin-connect-prod/profile_images/249fcc8d-9898-4d4a-abf5-ba07581a6fcd-prof.png,99.0,10.0,150.0,176.0,165.109375,184.0,1020.0,"['SCOPE_GOLF_API_READ', 'SCOPE_ATP_READ', 'SCOPE_DIVE_API_WRITE', 'SCOPE_COMMUNITY_COURSE_ADMIN_READ', 'SCOPE_DIVE_API_READ', 'SCOPE_DI_OAUTH_2_CLIENT_READ', 'SCOPE_CONNECT_WRITE', 'SCOPE_COMMUNITY_COURSE_WRITE', 'SCOPE_MESSAGE_GENERATION_READ', 'SCOPE_DI_OAUTH_2_CLIENT_REVOCATION_ADMIN', 'SCOPE_CONNECT_WEB_TEMPLATE_RENDER', 'SCOPE_OMT_SUBSCRIPTION_ADMIN_READ', 'SCOPE_CONNECT_NON_SOCIAL_SHARED_READ', 'SCOPE_CONNECT_READ', 'SCOPE_DI_OAUTH_2_TOKEN_ADMIN', 'ROLE_CONNECTUSER', 'ROLE_FITNESS_USER', 'ROLE_WELLNESS_USER']","{'typeId': 4, 'typeKey': 'groups'}",False,False,149,1714242313000,1,2.0999999046325684,0.30000001192092896,156.73000488281252,,3461278113,,,184.0,{'summarizedDiveGases': []},,GARMIN,,2,,,108.0,RECOVERY,32.066802978515625,16.94300079345703,MINOR_AEROBIC_BENEFIT_0,NO_ANAEROBIC_BENEFIT_0,"[{'noOfSplits': 1, 'duration': 390.35400390625, 'splitType': 'INTERVAL_ACTIVE', 'numClimbSends': 0, 'maxDistance': 1693, 'distance': 1693.81005859375, 'averageSpeed': 4.339000225067139, 'maxSpeed': 5.860000133514404, 'numFalls': 0}, {'noOfSplits': 2, 'duration': 381.9230041503906, 'splitType': 'RWD_RUN', 'numClimbSends': 0, 'maxDistance': 1687, 'distance': 1687.469970703125, 'averageSpeed': 4.418000221252441, 'maxSpeed': 5.860000133514404, 'numFalls': 0}, {'noOfSplits': 1, 'duration': 8.418000221252441, 'splitType': 'RWD_WALK', 'numClimbSends': 0, 'maxDistance': 6, 'distance': 6.340000152587891, 'averageSpeed': 0.7540000081062317, 'maxSpeed': 1.5859999656677246, 'numFalls': 0}]",True,0,4,-2.0,False,,,,,,False,False,False,False,False,False,False,False,False,439.0,577.0,459.0,10.430000305175781,232.0,6.78000020980835,,,,,,,,,,,,,,,,
15090339761,Bristol - Base,2024-04-26 14:30:23,2024-04-26 18:30:23,"{'typeId': 1, 'typeKey': 'running', 'parentTypeId': 17, 'isHidden': False, 'trimmable': True, 'restricted': False}","{'typeId': 9, 'typeKey': 'uncategorized', 'sortOrder': 10}",1686.3199462890625,499.3940124511719,499.3940124511719,498.0,1.0,16.0,3.377000093460083,3.499000072479248,41.654479103162885,-71.26136203296483,True,False,118790142,ae52ea07-2874-4bde-8648-ac48be0f708d,Riley King,https://s3.amazonaws.com/garmin-connect-prod/profile_images/249fcc8d-9898-4d4a-abf5-ba07581a6fcd-prth.png,https://s3.amazonaws.com/garmin-connect-prod/profile_images/249fcc8d-9898-4d4a-abf5-ba07581a6fcd-prfr.png,https://s3.amazonaws.com/garmin-connect-prod/profile_images/249fcc8d-9898-4d4a-abf5-ba07581a6fcd-prof.png,107.0,13.0,124.0,132.0,167.421875,172.0,1396.0,"['SCOPE_GOLF_API_READ', 'SCOPE_ATP_READ', 'SCOPE_DIVE_API_WRITE', 'SCOPE_COMMUNITY_COURSE_ADMIN_READ', 'SCOPE_DIVE_API_READ', 'SCOPE_DI_OAUTH_2_CLIENT_READ', 'SCOPE_CONNECT_WRITE', 'SCOPE_COMMUNITY_COURSE_WRITE', 'SCOPE_MESSAGE_GENERATION_READ', 'SCOPE_DI_OAUTH_2_CLIENT_REVOCATION_ADMIN', 'SCOPE_CONNECT_WEB_TEMPLATE_RENDER', 'SCOPE_OMT_SUBSCRIPTION_ADMIN_READ', 'SCOPE_CONNECT_NON_SOCIAL_SHARED_READ', 'SCOPE_CONNECT_READ', 'SCOPE_DI_OAUTH_2_TOKEN_ADMIN', 'ROLE_CONNECTUSER', 'ROLE_FITNESS_USER', 'ROLE_WELLNESS_USER']","{'typeId': 4, 'typeKey': 'groups'}",False,False,149,1714156223000,1,1.2999999523162842,0.0,121.0699951171875,,3461278113,4.400000095367432,20.799999237060547,172.0,{'summarizedDiveGases': []},0.20000076293945312,GARMIN,Bristol,2,41.6622993350029,-71.26783470623195,138.0,RECOVERY,16.607559204101562,25.170000076293945,RECOVERY_5,NO_ANAEROBIC_BENEFIT_0,"[{'noOfSplits': 1, 'totalAscent': 1.0, 'duration': 499.3940124511719, 'splitType': 'INTERVAL_ACTIVE', 'numClimbSends': 0, 'maxElevationGain': 1.0, 'averageElevationGain': 1.0, 'maxDistance': 1686, 'distance': 1686.3199462890625, 'averageSpeed': 3.377000093460083, 'maxSpeed': 3.499000072479248, 'numFalls': 0, 'elevationLoss': 16.0}, {'noOfSplits': 1, 'totalAscent': 0.0, 'duration': 3.0, 'splitType': 'RWD_WALK', 'numClimbSends': 0, 'maxElevationGain': 0.0, 'averageElevationGain': 0.0, 'maxDistance': 7, 'distance': 7.590000152587891, 'averageSpeed': 2.5299999713897705, 'maxSpeed': 2.00600004196167, 'numFalls': 0, 'elevationLoss': 0.0}, {'noOfSplits': 1, 'totalAscent': 1.0, 'duration': 499.2879943847656, 'splitType': 'RWD_RUN', 'numClimbSends': 0, 'maxElevationGain': 1.0, 'averageElevationGain': 1.0, 'maxDistance': 1678, 'distance': 1678.72998046875, 'averageSpeed': 3.361999988555908, 'maxSpeed': 3.499000072479248, 'numFalls': 0, 'elevationLoss': 16.0}]",True,0,7,-2.0,False,,,,,,False,False,False,False,False,False,False,False,False,346.0,384.0,349.0,9.61999969482422,257.6000061035156,7.949999809265137,3.312999963760376,,,,,,,,,,,,,,,
15060930373,Bristol - Base,2024-04-24 15:59:28,2024-04-24 19:59:28,"{'typeId': 1, 'typeKey': 'running', 'parentTypeId': 17, 'isHidden': False, 'trimmable': True, 'restricted': False}","{'typeId': 9, 'typeKey': 'uncategorized', 'sortOrder': 10}",13456.4404296875,3812.81494140625,3873.501953125,3801.9919967651367,73.0,88.0,3.5290000438690186,4.823999881744385,41.65434071794152,-71.26126044429839,True,False,118790142,ae52ea07-2874-4bde-8648-ac48be0f708d,Riley King,https://s3.amazonaws.com/garmin-connect-prod/profile_images/249fcc8d-9898-4d4a-abf5-ba07581a6fcd-prth.png,https://s3.amazonaws.com/garmin-connect-prod/profile_images/249fcc8d-9898-4d4a-abf5-ba07581a6fcd-prfr.png,https://s3.amazonaws.com/garmin-connect-prod/profile_images/249fcc8d-9898-4d4a-abf5-ba07581a6fcd-prof.png,940.0,96.0,148.0,173.0,165.515625,228.0,10514.0,"['SCOPE_GOLF_API_READ', 'SCOPE_ATP_READ', 'SCOPE_DIVE_API_WRITE', 'SCOPE_COMMUNITY_COURSE_ADMIN_READ', 'SCOPE_DIVE_API_READ', 'SCOPE_DI_OAUTH_2_CLIENT_READ', 'SCOPE_CONNECT_WRITE', 'SCOPE_COMMUNITY_COURSE_WRITE', 'SCOPE_MESSAGE_GENERATION_READ', 'SCOPE_DI_OAUTH_2_CLIENT_REVOCATION_ADMIN', 'SCOPE_CONNECT_WEB_TEMPLATE_RENDER', 'SCOPE_OMT_SUBSCRIPTION_ADMIN_READ', 'SCOPE_CONNECT_NON_SOCIAL_SHARED_READ', 'SCOPE_CONNECT_READ', 'SCOPE_DI_OAUTH_2_TOKEN_ADMIN', 'ROLE_CONNECTUSER', 'ROLE_FITNESS_USER', 'ROLE_WELLNESS_USER']","{'typeId': 4, 'typeKey': 'groups'}",False,False,149,1713988768000,1,3.9000000953674316,0.0,128.1,60.0,3461278113,-0.800000011920929,25.799999237060547,228.0,{'summarizedDiveGases': []},0.6000003814697266,GARMIN,Bristol,10,41.65124134160578,-71.25765002332628,1058.0,TEMPO,146.85292053222656,70.86599731445312,IMPROVING_AEROBIC_FITNESS_2,NO_ANAEROBIC_BENEFIT_0,"[{'noOfSplits': 2, 'totalAscent': 73.0, 'duration': 3787.2529296875, 'splitType': 'RWD_RUN', 'numClimbSends': 0, 'maxElevationGain': 73.0, 'averageElevationGain': 37.0, 'maxDistance': 12979, 'distance': 13438.51953125, 'averageSpeed': 3.5480000972747803, 'maxSpeed': 4.823999881744385, 'numFalls': 0, 'elevationLoss': 88.0}, {'noOfSplits': 2, 'totalAscent': 0.0, 'duration': 21.41900062561035, 'splitType': 'RWD_WALK', 'numClimbSends': 0, 'maxElevationGain': 0.0, 'averageElevationGain': 0.0, 'maxDistance': 13, 'distance': 14.930000305175781, 'averageSpeed': 0.6970000267028809, 'maxSpeed': 1.6139999628067017, 'numFalls': 0, 'elevationLoss': 0.0}, {'noOfSplits': 1, 'totalAscent': 0.0, 'duration': 4.000999927520752, 'splitType': 'RWD_STAND', 'numClimbSends': 0, 'maxElevationGain': 0.0, 'averageElevationGain': 0.0, 'maxDistance': 2, 'distance': 2.990000009536743, 'averageSpeed': 0.746999979019165, 'maxSpeed': 0.0, 'numFalls': 0, 'elevationLoss': 0.0}, {'noOfSplits': 1, 'totalAscent': 73.0, 'duration': 3812.81494140625, 'splitType': 'INTERVAL_ACTIVE', 'numClimbSends': 0, 'maxElevationGain': 73.0, 'averageElevationGain': 73.0, 'maxDistance': 13456, 'distance': 13456.4501953125, 'averageSpeed': 3.5290000438690186, 'maxSpeed': 4.823999881744385, 'numFalls': 0, 'elevationLoss': 88.0}]",True,1,62,-17.0,False,,,,,,False,False,False,False,False,False,False,False,False,386.0,539.0,394.0,9.950000000000001,255.10000610351562,7.800000190734863,3.539000034332276,,,,,,,,,,,,,,,
15028082011,Bristol - Base,2024-04-22 15:33:44,2024-04-22 19:33:44,"{'typeId': 1, 'typeKey': 'running', 'parentTypeId': 17, 'isHidden': False, 'trimmable': True, 'restricted': False}","{'typeId': 9, 'typeKey': 'uncategorized', 'sortOrder': 10}",8133.4599609375,2048.4150390625,2048.4150390625,2047.2080249786377,66.0,65.0,3.9709999561309814,4.76800012588501,41.651484249159694,-71.25763677991927,True,False,118790142,ae52ea07-2874-4bde-8648-ac48be0f708d,Riley King,https://s3.amazonaws.com/garmin-connect-prod/profile_images/249fcc8d-9898-4d4a-abf5-ba07581a6fcd-prth.png,https://s3.amazonaws.com/garmin-connect-prod/profile_images/249fcc8d-9898-4d4a-abf5-ba07581a6fcd-prfr.png,https://s3.amazonaws.com/garmin-connect-prod/profile_images/249fcc8d-9898-4d4a-abf5-ba07581a6fcd-prof.png,551.0,52.0,157.0,177.0,169.34375,179.0,5756.0,"['SCOPE_GOLF_API_READ', 'SCOPE_ATP_READ', 'SCOPE_DIVE_API_WRITE', 'SCOPE_COMMUNITY_COURSE_ADMIN_READ', 'SCOPE_DIVE_API_READ', 'SCOPE_DI_OAUTH_2_CLIENT_READ', 'SCOPE_CONNECT_WRITE', 'SCOPE_COMMUNITY_COURSE_WRITE', 'SCOPE_MESSAGE_GENERATION_READ', 'SCOPE_DI_OAUTH_2_CLIENT_REVOCATION_ADMIN', 'SCOPE_CONNECT_WEB_TEMPLATE_RENDER', 'SCOPE_OMT_SUBSCRIPTION_ADMIN_READ', 'SCOPE_CONNECT_NON_SOCIAL_SHARED_READ', 'SCOPE_CONNECT_READ', 'SCOPE_DI_OAUTH_2_TOKEN_ADMIN', 'ROLE_CONNECTUSER', 'ROLE_FITNESS_USER', 'ROLE_WELLNESS_USER']","{'typeId': 4, 'typeKey': 'groups'}",False,False,149,1713814424000,1,3.799999952316284,0.20000000298023224,140.74000244140626,60.0,3461278113,7.199999809265137,32.79999923706055,179.0,{'summarizedDiveGases': []},0.8000011444091798,GARMIN,Bristol,7,41.65899242274463,-71.25877127051353,568.0,TEMPO,141.54946899414062,8.414999961853027,IMPACTING_TEMPO_22,NO_ANAEROBIC_BENEFIT_0,"[{'noOfSplits': 1, 'totalAscent': 66.0, 'duration': 2048.4150390625, 'splitType': 'INTERVAL_ACTIVE', 'numClimbSends': 0, 'maxElevationGain': 66.0, 'averageElevationGain': 66.0, 'maxDistance': 8133, 'distance': 8133.4599609375, 'averageSpeed': 3.9709999561309814, 'maxSpeed': 4.76800012588501, 'numFalls': 0, 'elevationLoss': 65.0}, {'noOfSplits': 1, 'totalAscent': 66.0, 'duration': 2048.26708984375, 'splitType': 'RWD_RUN', 'numClimbSends': 0, 'maxElevationGain': 66.0, 'averageElevationGain': 66.0, 'maxDistance': 8133, 'distance': 8133.4599609375, 'averageSpeed': 3.9709999561309814, 'maxSpeed': 4.76800012588501, 'numFalls': 0, 'elevationLoss': 65.0}]",True,0,33,-9.0,False,,,,,,False,False,False,False,False,False,False,False,False,438.0,626.0,447.0,10.180000305175781,240.39999389648438,7.260000228881836,3.986999988555908,,,,,,,,,,,,,,,
14997047059,Bristol - Base,2024-04-20 15:17:04,2024-04-20 19:17:04,"{'typeId': 1, 'typeKey': 'running', 'parentTypeId': 17, 'isHidden': False, 'trimmable': True, 'restricted': False}","{'typeId': 9, 'typeKey': 'uncategorized', 'sortOrder': 10}",16113.08984375,4743.88623046875,6032.64794921875,4740.826995849609,94.0,87.0,3.3970000743865967,4.35699987411499,41.65446502156556,-71.26133227720857,True,False,118790142,ae52ea07-2874-4bde-8648-ac48be0f708d,Riley King,https://s3.amazonaws.com/garmin-connect-prod/profile_images/249fcc8d-9898-4d4a-abf5-ba07581a6fcd-prth.png,https://s3.amazonaws.com/garmin-connect-prod/profile_images/249fcc8d-9898-4d4a-abf5-ba07581a6fcd-prfr.png,https://s3.amazonaws.com/garmin-connect-prod/profile_images/249fcc8d-9898-4d4a-abf5-ba07581a6fcd-prof.png,1109.0,120.0,142.0,179.0,167.09375,239.0,13214.0,"['SCOPE_GOLF_API_READ', 'SCOPE_ATP_READ', 'SCOPE_DIVE_API_WRITE', 'SCOPE_COMMUNITY_COURSE_ADMIN_READ', 'SCOPE_DIVE_API_READ', 'SCOPE_DI_OAUTH_2_CLIENT_READ', 'SCOPE_CONNECT_WRITE', 'SCOPE_COMMUNITY_COURSE_WRITE', 'SCOPE_MESSAGE_GENERATION_READ', 'SCOPE_DI_OAUTH_2_CLIENT_REVOCATION_ADMIN', 'SCOPE_CONNECT_WEB_TEMPLATE_RENDER', 'SCOPE_OMT_SUBSCRIPTION_ADMIN_READ', 'SCOPE_CONNECT_NON_SOCIAL_SHARED_READ', 'SCOPE_CONNECT_READ', 'SCOPE_DI_OAUTH_2_TOKEN_ADMIN', 'ROLE_CONNECTUSER', 'ROLE_FITNESS_USER', 'ROLE_WELLNESS_USER']","{'typeId': 4, 'typeKey': 'groups'}",False,False,149,1713640624000,1,3.5999999046325684,0.0,122.15,60.0,3461278113,3.0,41.20000076293945,239.0,{'summarizedDiveGases': []},0.40000152587890625,GARMIN,Bristol,11,41.65085258893669,-71.25818001106381,1317.0,AEROBIC_BASE,125.14443969726562,80.14299774169922,IMPROVING_AEROBIC_ENDURANCE_9,NO_ANAEROBIC_BENEFIT_0,"[{'noOfSplits': 1, 'totalAscent': 94.0, 'duration': 4743.88623046875, 'splitType': 'INTERVAL_ACTIVE', 'numClimbSends': 0, 'maxElevationGain': 94.0, 'averageElevationGain': 94.0, 'maxDistance': 16113, 'distance': 16113.080078125, 'averageSpeed': 3.3970000743865967, 'maxSpeed': 4.35699987411499, 'numFalls': 0, 'elevationLoss': 87.0}, {'noOfSplits': 2, 'totalAscent': 0.0, 'duration': 3.447000026702881, 'splitType': 'RWD_STAND', 'numClimbSends': 0, 'maxElevationGain': 0.0, 'averageElevationGain': 0.0, 'maxDistance': 6, 'distance': 7.699999809265137, 'averageSpeed': 2.2339999675750732, 'maxSpeed': 2.378999948501587, 'numFalls': 0, 'elevationLoss': 0.0}, {'noOfSplits': 6, 'totalAscent': 94.0, 'duration': 4729.40478515625, 'splitType': 'RWD_RUN', 'numClimbSends': 0, 'maxElevationGain': 39.0, 'averageElevationGain': 16.0, 'maxDistance': 5924, 'distance': 16068.330078125, 'averageSpeed': 3.3980000019073486, 'maxSpeed': 4.35699987411499, 'numFalls': 0, 'elevationLoss': 87.0}, {'noOfSplits': 5, 'totalAscent': 0.0, 'duration': 12.904000282287598, 'splitType': 'RWD_WALK', 'numClimbSends': 0, 'maxElevationGain': 0.0, 'averageElevationGain': 0.0, 'maxDistance': 10, 'distance': 37.060001373291016, 'averageSpeed': 2.871999979019165, 'maxSpeed': 3.507999897003174, 'numFalls': 0, 'elevationLoss': 0.0}]",True,1,98,-19.0,False,,,,,,False,False,False,False,False,False,False,False,False,372.0,540.0,380.0,9.65999984741211,257.70001220703125,7.940000057220459,3.408999919891358,,,,,,,,,,,,,,,
14968949586,Treadmill Running,2024-04-18 20:48:33,2024-04-19 00:48:33,"{'typeId': 18, 'typeKey': 'treadmill_running', 'parentTypeId': 1, 'isHidden': False, 'trimmable': True, 'restricted': False}","{'typeId': 9, 'typeKey': 'uncategorized', 'sortOrder': 10}",3256.22998046875,806.9849853515625,806.9849853515625,788.5180053710938,,,4.034999847412109,4.552999973297119,,,False,False,118790142,ae52ea07-2874-4bde-8648-ac48be0f708d,Riley King,https://s3.amazonaws.com/garmin-connect-prod/profile_images/249fcc8d-9898-4d4a-abf5-ba07581a6fcd-prth.png,https://s3.amazonaws.com/garmin-connect-prod/profile_images/249fcc8d-9898-4d4a-abf5-ba07581a6fcd-prfr.png,https://s3.amazonaws.com/garmin-connect-prod/profile_images/249fcc8d-9898-4d4a-abf5-ba07581a6fcd-prof.png,201.0,20.0,150.0,171.0,161.53125,176.0,2178.0,"['SCOPE_GOLF_API_READ', 'SCOPE_ATP_READ', 'SCOPE_DIVE_API_WRITE', 'SCOPE_COMMUNITY_COURSE_ADMIN_READ', 'SCOPE_DIVE_API_READ', 'SCOPE_DI_OAUTH_2_CLIENT_READ', 'SCOPE_CONNECT_WRITE', 'SCOPE_COMMUNITY_COURSE_WRITE', 'SCOPE_MESSAGE_GENERATION_READ', 'SCOPE_DI_OAUTH_2_CLIENT_REVOCATION_ADMIN', 'SCOPE_CONNECT_WEB_TEMPLATE_RENDER', 'SCOPE_OMT_SUBSCRIPTION_ADMIN_READ', 'SCOPE_CONNECT_NON_SOCIAL_SHARED_READ', 'SCOPE_CONNECT_READ', 'SCOPE_DI_OAUTH_2_TOKEN_ADMIN', 'ROLE_CONNECTUSER', 'ROLE_FITNESS_USER', 'ROLE_WELLNESS_USER']","{'typeId': 4, 'typeKey': 'groups'}",False,False,149,1713487713000,1,2.5999999046325684,0.0,151.29000244140624,,3461278113,,,176.0,{'summarizedDiveGases': []},,GARMIN,,3,,,223.0,TEMPO,51.67298889160156,8.312000274658203,MAINTAINING_TEMPO_21,NO_ANAEROBIC_BENEFIT_0,"[{'noOfSplits': 1, 'duration': 806.9849853515625, 'splitType': 'INTERVAL_ACTIVE', 'numClimbSends': 0, 'maxDistance': 3256, 'distance': 3256.22998046875, 'averageSpeed': 4.034999847412109, 'maxSpeed': 4.552999973297119, 'numFalls': 0}, {'noOfSplits': 1, 'duration': 17.0, 'splitType': 'RWD_STAND', 'numClimbSends': 0, 'maxDistance': 0, 'distance': 0.0, 'averageSpeed': 0.0, 'maxSpeed': 0.0, 'numFalls': 0}, {'noOfSplits': 2, 'duration': 13.005000114440918, 'splitType': 'RWD_WALK', 'numClimbSends': 0, 'maxDistance': 5, 'distance': 5.150000095367432, 'averageSpeed': 0.3959999978542328, 'maxSpeed': 0.9700000286102295, 'numFalls': 0}, {'noOfSplits': 1, 'duration': 780.9630126953125, 'splitType': 'RWD_RUN', 'numClimbSends': 0, 'maxDistance': 3251, 'distance': 3251.070068359375, 'averageSpeed': 4.163000106811523, 'maxSpeed': 4.552999973297119, 'numFalls': 0}]",True,0,10,-3.0,False,,,,,,False,False,False,False,False,False,False,False,False,422.0,505.0,435.0,10.75,241.6999969482422,7.170000076293945,,,,,,,,,,,,,,,,
14952993466,Base,2024-04-17 19:28:15,2024-04-17 23:28:15,"{'typeId': 18, 'typeKey': 'treadmill_running', 'parentTypeId': 1, 'isHidden': False, 'trimmable': True, 'restricted': False}","{'typeId': 9, 'typeKey': 'uncategorized', 'sortOrder': 10}",8905.330078125,2356.35009765625,2356.35009765625,2339.199005126953,,,3.7790000438690186,5.625999927520751,,,False,False,118790142,ae52ea07-2874-4bde-8648-ac48be0f708d,Riley King,https://s3.amazonaws.com/garmin-connect-prod/profile_images/249fcc8d-9898-4d4a-abf5-ba07581a6fcd-prth.png,https://s3.amazonaws.com/garmin-connect-prod/profile_images/249fcc8d-9898-4d4a-abf5-ba07581a6fcd-prfr.png,https://s3.amazonaws.com/garmin-connect-prod/profile_images/249fcc8d-9898-4d4a-abf5-ba07581a6fcd-prof.png,537.0,59.0,145.0,175.0,159.328125,178.0,6202.0,"['SCOPE_GOLF_API_READ', 'SCOPE_ATP_READ', 'SCOPE_DIVE_API_WRITE', 'SCOPE_COMMUNITY_COURSE_ADMIN_READ', 'SCOPE_DIVE_API_READ', 'SCOPE_DI_OAUTH_2_CLIENT_READ', 'SCOPE_CONNECT_WRITE', 'SCOPE_COMMUNITY_COURSE_WRITE', 'SCOPE_MESSAGE_GENERATION_READ', 'SCOPE_DI_OAUTH_2_CLIENT_REVOCATION_ADMIN', 'SCOPE_CONNECT_WEB_TEMPLATE_RENDER', 'SCOPE_OMT_SUBSCRIPTION_ADMIN_READ', 'SCOPE_CONNECT_NON_SOCIAL_SHARED_READ', 'SCOPE_CONNECT_READ', 'SCOPE_DI_OAUTH_2_TOKEN_ADMIN', 'ROLE_CONNECTUSER', 'ROLE_FITNESS_USER', 'ROLE_WELLNESS_USER']","{'typeId': 4, 'typeKey': 'groups'}",False,False,149,1713396495000,1,3.200000047683716,0.0,141.80999755859375,,3461278113,,,178.0,{'summarizedDiveGases': []},,GARMIN,,7,,,644.0,AEROBIC_BASE,91.89059448242188,97.73300170898438,IMPROVING_AEROBIC_BASE_8,NO_ANAEROBIC_BENEFIT_0,"[{'noOfSplits': 1, 'duration': 14.00100040435791, 'splitType': 'RWD_STAND', 'numClimbSends': 0, 'maxDistance': 0, 'distance': 0.0, 'averageSpeed': 0.0, 'maxSpeed': 0.0, 'numFalls': 0}, {'noOfSplits': 1, 'duration': 2356.35009765625, 'splitType': 'INTERVAL_ACTIVE', 'numClimbSends': 0, 'maxDistance': 8905, 'distance': 8905.330078125, 'averageSpeed': 3.7790000438690186, 'maxSpeed': 5.625999927520752, 'numFalls': 0}, {'noOfSplits': 3, 'duration': 2188.0, 'splitType': 'RWD_RUN', 'numClimbSends': 0, 'maxDistance': 8565, 'distance': 8617.6103515625, 'averageSpeed': 3.938999891281128, 'maxSpeed': 5.625999927520752, 'numFalls': 0}, {'noOfSplits': 3, 'duration': 158.33700561523438, 'splitType': 'RWD_WALK', 'numClimbSends': 0, 'maxDistance': 213, 'distance': 287.7200012207031, 'averageSpeed': 1.8170000314712524, 'maxSpeed': 2.193000078201294, 'numFalls': 0}]",True,0,36,-8.0,False,,,,,,False,False,False,False,False,False,False,False,False,397.0,564.0,415.0,10.469999694824219,257.70001220703125,7.440000057220459,,,,,,,,,,,,,,,,
14917320027,Bristol - Threshold,2024-04-15 13:15:08,2024-04-15 17:15:08,"{'typeId': 1, 'typeKey': 'running', 'parentTypeId': 17, 'isHidden': False, 'trimmable': True, 'restricted': False}","{'typeId': 9, 'typeKey': 'uncategorized', 'sortOrder': 10}",17031.029296875,5934.5859375,6169.18115234375,5927.396064758301,101.0,107.0,2.8699998855590816,4.440999984741211,41.654869029298425,-71.26111895777285,True,False,118790142,ae52ea07-2874-4bde-8648-ac48be0f708d,Riley King,https://s3.amazonaws.com/garmin-connect-prod/profile_images/249fcc8d-9898-4d4a-abf5-ba07581a6fcd-prth.png,https://s3.amazonaws.com/garmin-connect-prod/profile_images/249fcc8d-9898-4d4a-abf5-ba07581a6fcd-prfr.png,https://s3.amazonaws.com/garmin-connect-prod/profile_images/249fcc8d-9898-4d4a-abf5-ba07581a6fcd-prof.png,1189.0,149.0,139.0,181.0,148.796875,245.0,14792.0,"['SCOPE_GOLF_API_READ', 'SCOPE_ATP_READ', 'SCOPE_DIVE_API_WRITE', 'SCOPE_COMMUNITY_COURSE_ADMIN_READ', 'SCOPE_DIVE_API_READ', 'SCOPE_DI_OAUTH_2_CLIENT_READ', 'SCOPE_CONNECT_WRITE', 'SCOPE_COMMUNITY_COURSE_WRITE', 'SCOPE_MESSAGE_GENERATION_READ', 'SCOPE_DI_OAUTH_2_CLIENT_REVOCATION_ADMIN', 'SCOPE_CONNECT_WEB_TEMPLATE_RENDER', 'SCOPE_OMT_SUBSCRIPTION_ADMIN_READ', 'SCOPE_CONNECT_NON_SOCIAL_SHARED_READ', 'SCOPE_CONNECT_READ', 'SCOPE_DI_OAUTH_2_TOKEN_ADMIN', 'ROLE_CONNECTUSER', 'ROLE_FITNESS_USER', 'ROLE_WELLNESS_USER']","{'typeId': 4, 'typeKey': 'groups'}",False,False,149,1713201308000,1,4.300000190734863,0.699999988079071,112.00999755859375,60.0,3461278113,2.799999952316284,34.599998474121094,245.0,{'summarizedDiveGases': []},0.7999997138977051,GARMIN,Bristol,17,41.65076432749629,-71.25846315175295,1506.0,LACTATE_THRESHOLD,186.36407470703125,61.8390007019043,HIGHLY_IMPROVING_LACTATE_THRESHOLD_13,NO_ANAEROBIC_BENEFIT_0,"[{'noOfSplits': 1, 'totalAscent': 5.0, 'duration': 600.0, 'splitType': 'INTERVAL_WARMUP', 'numClimbSends': 0, 'maxElevationGain': 5.0, 'averageElevationGain': 5.0, 'maxDistance': 2042, 'distance': 2042.3399658203125, 'averageSpeed': 3.4040000438690186, 'maxSpeed': 3.7790000438690186, 'numFalls': 0, 'elevationLoss': 13.0}, {'noOfSplits': 2, 'totalAscent': 2.0, 'duration': 240.0, 'splitType': 'INTERVAL_RECOVERY', 'numClimbSends': 0, 'maxElevationGain': 1.0, 'averageElevationGain': 1.0, 'maxDistance': 358, 'distance': 711.3800048828125, 'averageSpeed': 2.9639999866485596, 'maxSpeed': 4.3480000495910645, 'numFalls': 0, 'elevationLoss': 16.0}, {'noOfSplits': 3, 'totalAscent': 44.0, 'duration': 1440.0, 'splitType': 'INTERVAL_ACTIVE', 'numClimbSends': 0, 'maxElevationGain': 26.0, 'averageElevationGain': 15.0, 'maxDistance': 1937, 'distance': 5767.66015625, 'averageSpeed': 4.005000114440918, 'maxSpeed': 4.440999984741211, 'numFalls': 0, 'elevationLoss': 41.0}, {'noOfSplits': 1, 'totalAscent': 50.0, 'duration': 3654.491943359375, 'splitType': 'INTERVAL_COOLDOWN', 'numClimbSends': 0, 'maxElevationGain': 50.0, 'averageElevationGain': 50.0, 'maxDistance': 8509, 'distance': 8509.66015625, 'averageSpeed': 2.3289999961853027, 'maxSpeed': 3.9839999675750732, 'numFalls': 0, 'elevationLoss': 37.0}, {'noOfSplits': 11, 'totalAscent': 78.0, 'duration': 3862.85791015625, 'splitType': 'RWD_RUN', 'numClimbSends': 0, 'maxElevationGain': 34.0, 'averageElevationGain': 7.0, 'maxDistance': 5557, 'distance': 13336.259765625, 'averageSpeed': 3.4519999027252197, 'maxSpeed': 4.440999984741211, 'numFalls': 0, 'elevationLoss': 93.0}, {'noOfSplits': 11, 'totalAscent': 24.0, 'duration': 2074.7109375, 'splitType': 'RWD_WALK', 'numClimbSends': 0, 'maxElevationGain': 10.0, 'averageElevationGain': 2.0, 'maxDistance': 1258, 'distance': 3694.780029296875, 'averageSpeed': 1.781000018119812, 'maxSpeed': 2.4730000495910645, 'numFalls': 0, 'elevationLoss': 14.0}]",True,35,66,-19.0,False,,,,,,False,False,False,False,False,False,False,False,False,301.0,629.0,358.0,8.680000305175781,291.6000061035156,7.78000020980835,2.871999979019165,,,,,,,,,,,,,,,
14905303374,Treadmill Running,2024-04-14 20:12:16,2024-04-15 00:12:16,"{'typeId': 18, 'typeKey': 'treadmill_running', 'parentTypeId': 1, 'isHidden': False, 'trimmable': True, 'restricted': False}","{'typeId': 9, 'typeKey': 'uncategorized', 'sortOrder': 10}",1935.43994140625,556.8920288085938,556.8920288085938,546.4079895019531,,,3.4749999046325684,4.954999923706055,,,False,False,118790142,ae52ea07-2874-4bde-8648-ac48be0f708d,Riley King,https://s3.amazonaws.com/garmin-connect-prod/profile_images/249fcc8d-9898-4d4a-abf5-ba07581a6fcd-prth.png,https://s3.amazonaws.com/garmin-connect-prod/profile_images/249fcc8d-9898-4d4a-abf5-ba07581a6fcd-prfr.png,https://s3.amazonaws.com/garmin-connect-prod/profile_images/249fcc8d-9898-4d4a-abf5-ba07581a6fcd-prof.png,137.0,14.0,147.0,164.0,155.71875,230.0,1400.0,"['SCOPE_GOLF_API_READ', 'SCOPE_ATP_READ', 'SCOPE_DIVE_API_WRITE', 'SCOPE_COMMUNITY_COURSE_ADMIN_READ', 'SCOPE_DIVE_API_READ', 'SCOPE_DI_OAUTH_2_CLIENT_READ', 'SCOPE_CONNECT_WRITE', 'SCOPE_COMMUNITY_COURSE_WRITE', 'SCOPE_MESSAGE_GENERATION_READ', 'SCOPE_DI_OAUTH_2_CLIENT_REVOCATION_ADMIN', 'SCOPE_CONNECT_WEB_TEMPLATE_RENDER', 'SCOPE_OMT_SUBSCRIPTION_ADMIN_READ', 'SCOPE_CONNECT_NON_SOCIAL_SHARED_READ', 'SCOPE_CONNECT_READ', 'SCOPE_DI_OAUTH_2_TOKEN_ADMIN', 'ROLE_CONNECTUSER', 'ROLE_FITNESS_USER', 'ROLE_WELLNESS_USER']","{'typeId': 4, 'typeKey': 'groups'}",False,False,149,1713139936000,1,2.0999999046325684,0.0,135.5,,3461278113,,,230.0,{'summarizedDiveGases': []},,GARMIN,,2,,,151.0,RECOVERY,30.85308837890625,116.48400115966797,MINOR_AEROBIC_BENEFIT_0,NO_ANAEROBIC_BENEFIT_0,"[{'noOfSplits': 1, 'duration': 556.8920288085938, 'splitType': 'INTERVAL_ACTIVE', 'numClimbSends': 0, 'maxDistance': 1935, 'distance': 1935.43994140625, 'averageSpeed': 3.4749999046325684, 'maxSpeed': 4.954999923706055, 'numFalls': 0}, {'noOfSplits': 5, 'duration': 533.8720092773438, 'splitType': 'RWD_RUN', 'numClimbSends': 0, 'maxDistance': 1698, 'distance': 1894.97998046875, 'averageSpeed': 3.549999952316284, 'maxSpeed': 4.954999923706055, 'numFalls': 0}, {'noOfSplits': 3, 'duration': 29.0, 'splitType': 'RWD_WALK', 'numClimbSends': 0, 'maxDistance': 20, 'distance': 40.459999084472656, 'averageSpeed': 1.3949999809265137, 'maxSpeed': 2.052999973297119, 'numFalls': 0}, {'noOfSplits': 1, 'duration': 1.0, 'splitType': 'RWD_STAND', 'numClimbSends': 0, 'maxDistance': 0, 'distance': 0.0, 'averageSpeed': 0.0, 'maxSpeed': 0.0, 'numFalls': 0}]",True,1,5,-3.0,False,,,,,,False,False,False,False,False,False,False,False,False,362.0,532.0,385.0,10.25999984741211,259.6000061035156,7.650000095367432,,,,,,,,,,,,,,,,
14904624535,Treadmill Running,2024-04-14 18:31:11,2024-04-14 22:31:11,"{'typeId': 18, 'typeKey': 'treadmill_running', 'parentTypeId': 1, 'isHidden': False, 'trimmable': True, 'restricted': False}","{'typeId': 9, 'typeKey': 'uncategorized', 'sortOrder': 10}",1688.81005859375,377.69000244140625,377.69000244140625,370.0,,,4.4710001945495605,5.896999835968018,,,False,False,118790142,ae52ea07-2874-4bde-8648-ac48be0f708d,Riley King,https://s3.amazonaws.com/garmin-connect-prod/profile_images/249fcc8d-9898-4d4a-abf5-ba07581a6fcd-prth.png,https://s3.amazonaws.com/garmin-connect-prod/profile_images/249fcc8d-9898-4d4a-abf5-ba07581a6fcd-prfr.png,https://s3.amazonaws.com/garmin-connect-prod/profile_images/249fcc8d-9898-4d4a-abf5-ba07581a6fcd-prof.png,93.0,10.0,149.0,174.0,168.421875,212.0,776.0,"['SCOPE_GOLF_API_READ', 'SCOPE_ATP_READ', 'SCOPE_DIVE_API_WRITE', 'SCOPE_COMMUNITY_COURSE_ADMIN_READ', 'SCOPE_DIVE_API_READ', 'SCOPE_DI_OAUTH_2_CLIENT_READ', 'SCOPE_CONNECT_WRITE', 'SCOPE_COMMUNITY_COURSE_WRITE', 'SCOPE_MESSAGE_GENERATION_READ', 'SCOPE_DI_OAUTH_2_CLIENT_REVOCATION_ADMIN', 'SCOPE_CONNECT_WEB_TEMPLATE_RENDER', 'SCOPE_OMT_SUBSCRIPTION_ADMIN_READ', 'SCOPE_CONNECT_NON_SOCIAL_SHARED_READ', 'SCOPE_CONNECT_READ', 'SCOPE_DI_OAUTH_2_TOKEN_ADMIN', 'ROLE_CONNECTUSER', 'ROLE_FITNESS_USER', 'ROLE_WELLNESS_USER']","{'typeId': 4, 'typeKey': 'groups'}",False,False,149,1713133871000,1,2.0,0.30000001192092896,160.23000488281252,,3461278113,,,212.0,{'summarizedDiveGases': []},,GARMIN,,2,,,104.0,TEMPO,27.944320678710938,16.253000259399414,MAINTAINING_TEMPO_21,NO_ANAEROBIC_BENEFIT_0,"[{'noOfSplits': 1, 'duration': 377.69000244140625, 'splitType': 'INTERVAL_ACTIVE', 'numClimbSends': 0, 'maxDistance': 1688, 'distance': 1688.81005859375, 'averageSpeed': 4.4710001945495605, 'maxSpeed': 5.896999835968018, 'numFalls': 0}, {'noOfSplits': 1, 'duration': 3.0, 'splitType': 'RWD_STAND', 'numClimbSends': 0, 'maxDistance': 0, 'distance': 0.0, 'averageSpeed': 0.0, 'maxSpeed': 0.0, 'numFalls': 0}, {'noOfSplits': 1, 'duration': 377.56500244140625, 'splitType': 'RWD_RUN', 'numClimbSends': 0, 'maxDistance': 1688, 'distance': 1688.81005859375, 'averageSpeed': 4.4730000495910645, 'maxSpeed': 5.896999835968018, 'numFalls': 0}]",True,0,3,-5.0,False,,,,,,False,False,False,False,False,False,False,False,False,448.0,561.0,466.0,10.450000000000001,229.6999969482422,6.650000095367432,,,,,,,,,,,,,,,,
14867656650,Bristol Running,2024-04-12 15:20:06,2024-04-12 19:20:06,"{'typeId': 1, 'typeKey': 'running', 'parentTypeId': 17, 'isHidden': False, 'trimmable': True, 'restricted': False}","{'typeId': 9, 'typeKey': 'uncategorized', 'sortOrder': 10}",12475.740234375,4640.162109375,5419.591796875,4638.632965087891,98.0,101.0,2.688999891281128,4.823999881744385,41.65174836292863,-71.25767542049289,True,False,118790142,ae52ea07-2874-4bde-8648-ac48be0f708d,Riley King,https://s3.amazonaws.com/garmin-connect-prod/profile_images/249fcc8d-9898-4d4a-abf5-ba07581a6fcd-prth.png,https://s3.amazonaws.com/garmin-connect-prod/profile_images/249fcc8d-9898-4d4a-abf5-ba07581a6fcd-prfr.png,https://s3.amazonaws.com/garmin-connect-prod/profile_images/249fcc8d-9898-4d4a-abf5-ba07581a6fcd-prof.png,853.0,117.0,130.0,163.0,145.515625,250.0,11234.0,"['SCOPE_GOLF_API_READ', 'SCOPE_ATP_READ', 'SCOPE_DIVE_API_WRITE', 'SCOPE_COMMUNITY_COURSE_ADMIN_READ', 'SCOPE_DIVE_API_READ', 'SCOPE_DI_OAUTH_2_CLIENT_READ', 'SCOPE_CONNECT_WRITE', 'SCOPE_COMMUNITY_COURSE_WRITE', 'SCOPE_MESSAGE_GENERATION_READ', 'SCOPE_DI_OAUTH_2_CLIENT_REVOCATION_ADMIN', 'SCOPE_CONNECT_WEB_TEMPLATE_RENDER', 'SCOPE_OMT_SUBSCRIPTION_ADMIN_READ', 'SCOPE_CONNECT_NON_SOCIAL_SHARED_READ', 'SCOPE_CONNECT_READ', 'SCOPE_DI_OAUTH_2_TOKEN_ADMIN', 'ROLE_CONNECTUSER', 'ROLE_FITNESS_USER', 'ROLE_WELLNESS_USER']","{'typeId': 4, 'typeKey': 'groups'}",False,False,149,1712949606000,1,3.4000000953674316,0.20000000298023224,107.8699951171875,60.0,3461278113,-0.800000011920929,28.200000762939453,250.0,{'summarizedDiveGases': []},1.1999998092651367,GARMIN,Bristol,8,41.65099197998643,-71.25854269601405,1057.0,AEROBIC_BASE,111.25727844238281,410.9649963378906,IMPROVING_AEROBIC_BASE_8,NO_ANAEROBIC_BENEFIT_0,"[{'noOfSplits': 1, 'totalAscent': 98.0, 'duration': 4640.162109375, 'splitType': 'INTERVAL_ACTIVE', 'numClimbSends': 0, 'maxElevationGain': 98.0, 'averageElevationGain': 98.0, 'maxDistance': 12475, 'distance': 12475.7197265625, 'averageSpeed': 2.688999891281128, 'maxSpeed': 4.823999881744385, 'numFalls': 0, 'elevationLoss': 101.0}, {'noOfSplits': 12, 'totalAscent': 76.0, 'duration': 2385.85498046875, 'splitType': 'RWD_RUN', 'numClimbSends': 0, 'maxElevationGain': 42.0, 'averageElevationGain': 6.0, 'maxDistance': 3961, 'distance': 8259.349609375, 'averageSpeed': 3.4619998931884766, 'maxSpeed': 4.823999881744385, 'numFalls': 0, 'elevationLoss': 62.0}, {'noOfSplits': 11, 'totalAscent': 22.0, 'duration': 2254.208984375, 'splitType': 'RWD_WALK', 'numClimbSends': 0, 'maxElevationGain': 6.0, 'averageElevationGain': 2.0, 'maxDistance': 1242, 'distance': 4216.39013671875, 'averageSpeed': 1.8700000047683716, 'maxSpeed': 2.183000087738037, 'numFalls': 0, 'elevationLoss': 39.0}]",True,33,54,-15.0,False,,,,,,False,False,False,False,False,False,False,False,False,287.0,676.0,343.0,8.55,337.1000061035156,7.980000019073486,2.7049999237060542,,,,,,,,,,,,,,,
14835746577,Bristol Running,2024-04-10 16:01:10,2024-04-10 20:01:10,"{'typeId': 1, 'typeKey': 'running', 'parentTypeId': 17, 'isHidden': False, 'trimmable': True, 'restricted': False}","{'typeId': 9, 'typeKey': 'uncategorized', 'sortOrder': 10}",8694.509765625,2324.863037109375,2324.863037109375,2323.1510009765625,68.0,61.0,3.7400000095367436,5.028999805450439,41.65119758807123,-71.2575742509216,True,False,118790142,ae52ea07-2874-4bde-8648-ac48be0f708d,Riley King,https://s3.amazonaws.com/garmin-connect-prod/profile_images/249fcc8d-9898-4d4a-abf5-ba07581a6fcd-prth.png,https://s3.amazonaws.com/garmin-connect-prod/profile_images/249fcc8d-9898-4d4a-abf5-ba07581a6fcd-prfr.png,https://s3.amazonaws.com/garmin-connect-prod/profile_images/249fcc8d-9898-4d4a-abf5-ba07581a6fcd-prof.png,609.0,59.0,156.0,185.0,168.59375,244.0,6536.0,"['SCOPE_GOLF_API_READ', 'SCOPE_ATP_READ', 'SCOPE_DIVE_API_WRITE', 'SCOPE_COMMUNITY_COURSE_ADMIN_READ', 'SCOPE_DIVE_API_READ', 'SCOPE_DI_OAUTH_2_CLIENT_READ', 'SCOPE_CONNECT_WRITE', 'SCOPE_COMMUNITY_COURSE_WRITE', 'SCOPE_MESSAGE_GENERATION_READ', 'SCOPE_DI_OAUTH_2_CLIENT_REVOCATION_ADMIN', 'SCOPE_CONNECT_WEB_TEMPLATE_RENDER', 'SCOPE_OMT_SUBSCRIPTION_ADMIN_READ', 'SCOPE_CONNECT_NON_SOCIAL_SHARED_READ', 'SCOPE_CONNECT_READ', 'SCOPE_DI_OAUTH_2_TOKEN_ADMIN', 'ROLE_CONNECTUSER', 'ROLE_FITNESS_USER', 'ROLE_WELLNESS_USER']","{'typeId': 4, 'typeKey': 'groups'}",False,False,149,1712779270000,1,3.700000047683716,0.6000000238418579,132.9,60.0,3461278113,3.0,27.799999237060547,244.0,{'summarizedDiveGases': []},0.7999997138977051,GARMIN,Bristol,6,41.65434591472149,-71.26126404851675,645.0,TEMPO,141.0965576171875,147.16799926757812,IMPACTING_TEMPO_22,NO_ANAEROBIC_BENEFIT_0,"[{'noOfSplits': 1, 'totalAscent': 68.0, 'duration': 2324.863037109375, 'splitType': 'INTERVAL_ACTIVE', 'numClimbSends': 0, 'maxElevationGain': 68.0, 'averageElevationGain': 68.0, 'maxDistance': 8694, 'distance': 8694.509765625, 'averageSpeed': 3.740000009536743, 'maxSpeed': 5.0289998054504395, 'numFalls': 0, 'elevationLoss': 61.0}, {'noOfSplits': 1, 'totalAscent': 68.0, 'duration': 2324.736083984375, 'splitType': 'RWD_RUN', 'numClimbSends': 0, 'maxElevationGain': 68.0, 'averageElevationGain': 68.0, 'maxDistance': 8694, 'distance': 8694.509765625, 'averageSpeed': 3.740000009536743, 'maxSpeed': 5.0289998054504395, 'numFalls': 0, 'elevationLoss': 61.0}]",True,1,36,-9.0,False,,,,,,False,False,False,False,False,False,False,False,False,414.0,595.0,423.0,10.00999984741211,248.5,7.550000190734863,3.75,,,,,,,,,,,,,,,
14819418931,Treadmill Running,2024-04-09 17:21:23,2024-04-09 21:21:23,"{'typeId': 18, 'typeKey': 'treadmill_running', 'parentTypeId': 1, 'isHidden': False, 'trimmable': True, 'restricted': False}","{'typeId': 9, 'typeKey': 'uncategorized', 'sortOrder': 10}",1619.5999755859375,366.0989990234375,366.0989990234375,354.0,,,4.423999786376953,5.972000122070312,,,False,False,118790142,ae52ea07-2874-4bde-8648-ac48be0f708d,Riley King,https://s3.amazonaws.com/garmin-connect-prod/profile_images/249fcc8d-9898-4d4a-abf5-ba07581a6fcd-prth.png,https://s3.amazonaws.com/garmin-connect-prod/profile_images/249fcc8d-9898-4d4a-abf5-ba07581a6fcd-prfr.png,https://s3.amazonaws.com/garmin-connect-prod/profile_images/249fcc8d-9898-4d4a-abf5-ba07581a6fcd-prof.png,94.0,9.0,155.0,173.0,165.96875,233.0,1006.0,"['SCOPE_GOLF_API_READ', 'SCOPE_ATP_READ', 'SCOPE_DIVE_API_WRITE', 'SCOPE_COMMUNITY_COURSE_ADMIN_READ', 'SCOPE_DIVE_API_READ', 'SCOPE_DI_OAUTH_2_CLIENT_READ', 'SCOPE_CONNECT_WRITE', 'SCOPE_COMMUNITY_COURSE_WRITE', 'SCOPE_MESSAGE_GENERATION_READ', 'SCOPE_DI_OAUTH_2_CLIENT_REVOCATION_ADMIN', 'SCOPE_CONNECT_WEB_TEMPLATE_RENDER', 'SCOPE_OMT_SUBSCRIPTION_ADMIN_READ', 'SCOPE_CONNECT_NON_SOCIAL_SHARED_READ', 'SCOPE_CONNECT_READ', 'SCOPE_DI_OAUTH_2_TOKEN_ADMIN', 'ROLE_CONNECTUSER', 'ROLE_FITNESS_USER', 'ROLE_WELLNESS_USER']","{'typeId': 4, 'typeKey': 'groups'}",False,False,149,1712697683000,1,2.0,0.0,161.5199951171875,,3461278113,,,233.0,{'summarizedDiveGases': []},,GARMIN,,2,,,100.0,TEMPO,27.403366088867188,5.302999973297119,MAINTAINING_TEMPO_21,NO_ANAEROBIC_BENEFIT_0,"[{'noOfSplits': 1, 'duration': 366.0989990234375, 'splitType': 'INTERVAL_ACTIVE', 'numClimbSends': 0, 'maxDistance': 1619, 'distance': 1619.5999755859375, 'averageSpeed': 4.423999786376953, 'maxSpeed': 5.9720001220703125, 'numFalls': 0}, {'noOfSplits': 1, 'duration': 7.0, 'splitType': 'RWD_STAND', 'numClimbSends': 0, 'maxDistance': 0, 'distance': 0.0, 'averageSpeed': 0.0, 'maxSpeed': 0.0, 'numFalls': 0}, {'noOfSplits': 1, 'duration': 353.0780029296875, 'splitType': 'RWD_RUN', 'numClimbSends': 0, 'maxDistance': 1619, 'distance': 1619.5999755859375, 'averageSpeed': 4.586999893188477, 'maxSpeed': 5.9720001220703125, 'numFalls': 0}, {'noOfSplits': 2, 'duration': 10.0, 'splitType': 'RWD_WALK', 'numClimbSends': 0, 'maxDistance': 0, 'distance': 0.0, 'averageSpeed': 0.0, 'maxSpeed': 0.0, 'numFalls': 0}]",True,1,4,-2.0,False,,,,,,False,False,False,False,False,False,False,False,False,443.0,584.0,468.0,10.35999984741211,227.60000610351562,6.53000020980835,,,,,,,,,,,,,,,,
14798632102,Bristol - Base,2024-04-08 12:08:40,2024-04-08 16:08:40,"{'typeId': 1, 'typeKey': 'running', 'parentTypeId': 17, 'isHidden': False, 'trimmable': True, 'restricted': False}","{'typeId': 9, 'typeKey': 'uncategorized', 'sortOrder': 10}",8152.5,2172.572021484375,2173.485107421875,2169.5689764022827,58.0,60.0,3.752000093460083,4.823999881744385,41.65434147231281,-71.26123923808336,True,False,118790142,ae52ea07-2874-4bde-8648-ac48be0f708d,Riley King,https://s3.amazonaws.com/garmin-connect-prod/profile_images/249fcc8d-9898-4d4a-abf5-ba07581a6fcd-prth.png,https://s3.amazonaws.com/garmin-connect-prod/profile_images/249fcc8d-9898-4d4a-abf5-ba07581a6fcd-prfr.png,https://s3.amazonaws.com/garmin-connect-prod/profile_images/249fcc8d-9898-4d4a-abf5-ba07581a6fcd-prof.png,574.0,55.0,159.0,177.0,170.609375,184.0,6216.0,"['SCOPE_GOLF_API_READ', 'SCOPE_ATP_READ', 'SCOPE_DIVE_API_WRITE', 'SCOPE_COMMUNITY_COURSE_ADMIN_READ', 'SCOPE_DIVE_API_READ', 'SCOPE_DI_OAUTH_2_CLIENT_READ', 'SCOPE_CONNECT_WRITE', 'SCOPE_COMMUNITY_COURSE_WRITE', 'SCOPE_MESSAGE_GENERATION_READ', 'SCOPE_DI_OAUTH_2_CLIENT_REVOCATION_ADMIN', 'SCOPE_CONNECT_WEB_TEMPLATE_RENDER', 'SCOPE_OMT_SUBSCRIPTION_ADMIN_READ', 'SCOPE_CONNECT_NON_SOCIAL_SHARED_READ', 'SCOPE_CONNECT_READ', 'SCOPE_DI_OAUTH_2_TOKEN_ADMIN', 'ROLE_CONNECTUSER', 'ROLE_FITNESS_USER', 'ROLE_WELLNESS_USER']","{'typeId': 4, 'typeKey': 'groups'}",False,False,149,1712592520000,1,3.5999999046325684,0.800000011920929,130.79000244140624,60.0,3461278113,6.199999809265137,30.0,184.0,{'summarizedDiveGases': []},0.6000003814697266,GARMIN,Bristol,7,41.6543660312891,-71.2612372264266,602.0,TEMPO,136.7510223388672,12.571999549865723,IMPACTING_TEMPO_22,NO_ANAEROBIC_BENEFIT_0,"[{'noOfSplits': 1, 'totalAscent': 58.0, 'duration': 2172.572021484375, 'splitType': 'INTERVAL_ACTIVE', 'numClimbSends': 0, 'maxElevationGain': 58.0, 'averageElevationGain': 58.0, 'maxDistance': 8152, 'distance': 8152.5, 'averageSpeed': 3.752000093460083, 'maxSpeed': 4.823999881744385, 'numFalls': 0, 'elevationLoss': 60.0}, {'noOfSplits': 1, 'totalAscent': 58.0, 'duration': 2172.43896484375, 'splitType': 'RWD_RUN', 'numClimbSends': 0, 'maxElevationGain': 58.0, 'averageElevationGain': 58.0, 'maxDistance': 8143, 'distance': 8143.60009765625, 'averageSpeed': 3.749000072479248, 'maxSpeed': 4.823999881744385, 'numFalls': 0, 'elevationLoss': 60.0}, {'noOfSplits': 1, 'totalAscent': 0.0, 'duration': 4.0, 'splitType': 'RWD_STAND', 'numClimbSends': 0, 'maxElevationGain': 0.0, 'averageElevationGain': 0.0, 'maxDistance': 8, 'distance': 8.899999618530273, 'averageSpeed': 2.2249999046325684, 'maxSpeed': 0.9419999718666077, 'numFalls': 0, 'elevationLoss': 0.0}]",True,1,34,-10.0,False,,,,,,False,False,False,False,False,False,False,False,False,406.0,580.0,415.0,9.70999984741211,244.0,7.460000038146973,3.7469999790191655,,,,,,,,,,,,,,,
14786100934,Bristol - Base,2024-04-07 13:05:11,2024-04-07 17:05:11,"{'typeId': 1, 'typeKey': 'running', 'parentTypeId': 17, 'isHidden': False, 'trimmable': True, 'restricted': False}","{'typeId': 9, 'typeKey': 'uncategorized', 'sortOrder': 10}",18371.41015625,7378.1337890625,7439.451171875,6229.3480224609375,106.0,108.0,2.490000009536743,4.105999946594238,41.6516288369894,-71.25765304081142,True,False,118790142,ae52ea07-2874-4bde-8648-ac48be0f708d,Riley King,https://s3.amazonaws.com/garmin-connect-prod/profile_images/249fcc8d-9898-4d4a-abf5-ba07581a6fcd-prth.png,https://s3.amazonaws.com/garmin-connect-prod/profile_images/249fcc8d-9898-4d4a-abf5-ba07581a6fcd-prfr.png,https://s3.amazonaws.com/garmin-connect-prod/profile_images/249fcc8d-9898-4d4a-abf5-ba07581a6fcd-prof.png,1353.0,186.0,133.0,169.0,131.453125,250.0,16192.0,"['SCOPE_GOLF_API_READ', 'SCOPE_ATP_READ', 'SCOPE_DIVE_API_WRITE', 'SCOPE_COMMUNITY_COURSE_ADMIN_READ', 'SCOPE_DIVE_API_READ', 'SCOPE_DI_OAUTH_2_CLIENT_READ', 'SCOPE_CONNECT_WRITE', 'SCOPE_COMMUNITY_COURSE_WRITE', 'SCOPE_MESSAGE_GENERATION_READ', 'SCOPE_DI_OAUTH_2_CLIENT_REVOCATION_ADMIN', 'SCOPE_CONNECT_WEB_TEMPLATE_RENDER', 'SCOPE_OMT_SUBSCRIPTION_ADMIN_READ', 'SCOPE_CONNECT_NON_SOCIAL_SHARED_READ', 'SCOPE_CONNECT_READ', 'SCOPE_DI_OAUTH_2_TOKEN_ADMIN', 'ROLE_CONNECTUSER', 'ROLE_FITNESS_USER', 'ROLE_WELLNESS_USER']","{'typeId': 4, 'typeKey': 'groups'}",False,False,149,1712509511000,1,4.099999904632568,0.0,111.25,60.0,3461278113,4.599999904632568,41.79999923706055,250.0,{'summarizedDiveGases': []},0.8000011444091798,GARMIN,Bristol,13,41.65109993889928,-71.25796375796199,1510.0,AEROBIC_BASE,167.36138916015625,73.25,HIGHLY_IMPROVING_AEROBIC_ENDURANCE_10,NO_ANAEROBIC_BENEFIT_0,"[{'noOfSplits': 1, 'totalAscent': 106.0, 'duration': 7378.1337890625, 'splitType': 'INTERVAL_ACTIVE', 'numClimbSends': 0, 'maxElevationGain': 106.0, 'averageElevationGain': 106.0, 'maxDistance': 18371, 'distance': 18371.419921875, 'averageSpeed': 2.490000009536743, 'maxSpeed': 4.105999946594238, 'numFalls': 0, 'elevationLoss': 108.0}, {'noOfSplits': 9, 'totalAscent': 19.0, 'duration': 1626.7530517578125, 'splitType': 'RWD_WALK', 'numClimbSends': 0, 'maxElevationGain': 7.0, 'averageElevationGain': 2.0, 'maxDistance': 1156, 'distance': 2711.2099609375, 'averageSpeed': 1.6670000553131104, 'maxSpeed': 2.1649999618530273, 'numFalls': 0, 'elevationLoss': 4.0}, {'noOfSplits': 8, 'totalAscent': 87.0, 'duration': 4617.93017578125, 'splitType': 'RWD_RUN', 'numClimbSends': 0, 'maxElevationGain': 43.0, 'averageElevationGain': 11.0, 'maxDistance': 7112, 'distance': 15660.1904296875, 'averageSpeed': 3.3910000324249268, 'maxSpeed': 4.105999946594238, 'numFalls': 0, 'elevationLoss': 104.0}, {'noOfSplits': 1, 'totalAscent': 0.0, 'duration': 1138.322021484375, 'splitType': 'RWD_STAND', 'numClimbSends': 0, 'maxElevationGain': 0.0, 'averageElevationGain': 0.0, 'maxDistance': 0, 'distance': 0.0, 'averageSpeed': 0.0, 'maxSpeed': 0.0, 'numFalls': 0, 'elevationLoss': 0.0}]",True,28,76,-23.0,False,,,,,,False,False,False,False,False,False,False,False,False,269.0,557.0,346.0,8.669999694824218,270.1000061035156,7.789999961853027,2.5,,,,,,,,,,,,,,,
14751314569,Bristol Running,2024-04-05 15:03:47,2024-04-05 19:03:47,"{'typeId': 1, 'typeKey': 'running', 'parentTypeId': 17, 'isHidden': False, 'trimmable': True, 'restricted': False}","{'typeId': 9, 'typeKey': 'uncategorized', 'sortOrder': 10}",12287.490234375,3906.385986328125,3906.385986328125,3903.0159912109375,77.0,88.0,3.1449999809265137,4.35699987411499,41.655043959617615,-71.26089432276785,True,False,118790142,ae52ea07-2874-4bde-8648-ac48be0f708d,Riley King,https://s3.amazonaws.com/garmin-connect-prod/profile_images/249fcc8d-9898-4d4a-abf5-ba07581a6fcd-prth.png,https://s3.amazonaws.com/garmin-connect-prod/profile_images/249fcc8d-9898-4d4a-abf5-ba07581a6fcd-prfr.png,https://s3.amazonaws.com/garmin-connect-prod/profile_images/249fcc8d-9898-4d4a-abf5-ba07581a6fcd-prof.png,882.0,98.0,143.0,166.0,165.578125,240.0,10822.0,"['SCOPE_GOLF_API_READ', 'SCOPE_ATP_READ', 'SCOPE_DIVE_API_WRITE', 'SCOPE_COMMUNITY_COURSE_ADMIN_READ', 'SCOPE_DIVE_API_READ', 'SCOPE_DI_OAUTH_2_CLIENT_READ', 'SCOPE_CONNECT_WRITE', 'SCOPE_COMMUNITY_COURSE_WRITE', 'SCOPE_MESSAGE_GENERATION_READ', 'SCOPE_DI_OAUTH_2_CLIENT_REVOCATION_ADMIN', 'SCOPE_CONNECT_WEB_TEMPLATE_RENDER', 'SCOPE_OMT_SUBSCRIPTION_ADMIN_READ', 'SCOPE_CONNECT_NON_SOCIAL_SHARED_READ', 'SCOPE_CONNECT_READ', 'SCOPE_DI_OAUTH_2_TOKEN_ADMIN', 'ROLE_CONNECTUSER', 'ROLE_FITNESS_USER', 'ROLE_WELLNESS_USER']","{'typeId': 4, 'typeKey': 'groups'}",False,False,149,1712343827000,1,3.299999952316284,0.0,113.60999755859376,60.0,3461278113,1.2000000476837158,27.200000762939453,240.0,{'summarizedDiveGases': []},1.2000007629394531,GARMIN,Bristol,8,41.6511369869113,-71.25759453512728,1085.0,AEROBIC_BASE,97.3829345703125,294.3340148925781,IMPROVING_AEROBIC_BASE_8,NO_ANAEROBIC_BENEFIT_0,"[{'noOfSplits': 1, 'totalAscent': 0.0, 'duration': 3.0, 'splitType': 'RWD_STAND', 'numClimbSends': 0, 'maxElevationGain': 0.0, 'averageElevationGain': 0.0, 'maxDistance': 2, 'distance': 2.049999952316284, 'averageSpeed': 0.6830000281333923, 'maxSpeed': 0.7929999828338623, 'numFalls': 0, 'elevationLoss': 0.0}, {'noOfSplits': 4, 'totalAscent': 77.0, 'duration': 3750.297119140625, 'splitType': 'RWD_RUN', 'numClimbSends': 0, 'maxElevationGain': 39.0, 'averageElevationGain': 19.0, 'maxDistance': 5484, 'distance': 12035.8203125, 'averageSpeed': 3.2090001106262207, 'maxSpeed': 4.35699987411499, 'numFalls': 0, 'elevationLoss': 88.0}, {'noOfSplits': 1, 'totalAscent': 77.0, 'duration': 3906.385986328125, 'splitType': 'INTERVAL_ACTIVE', 'numClimbSends': 0, 'maxElevationGain': 77.0, 'averageElevationGain': 77.0, 'maxDistance': 12287, 'distance': 12287.490234375, 'averageSpeed': 3.1449999809265137, 'maxSpeed': 4.35699987411499, 'numFalls': 0, 'elevationLoss': 88.0}, {'noOfSplits': 3, 'totalAscent': 0.0, 'duration': 156.00100708007812, 'splitType': 'RWD_WALK', 'numClimbSends': 0, 'maxElevationGain': 0.0, 'averageElevationGain': 0.0, 'maxDistance': 134, 'distance': 249.6300048828125, 'averageSpeed': 1.600000023841858, 'maxSpeed': 2.2300000190734863, 'numFalls': 0, 'elevationLoss': 0.0}]",True,3,59,-14.0,False,,,,,,False,False,False,False,False,False,False,False,False,343.0,497.0,355.0,9.169999694824218,260.5,8.079999923706055,3.157999992370606,,,,,,,,,,,,,,,
14689259051,Bristol Running,2024-04-01 14:25:03,2024-04-01 18:25:03,"{'typeId': 1, 'typeKey': 'running', 'parentTypeId': 17, 'isHidden': False, 'trimmable': True, 'restricted': False}","{'typeId': 9, 'typeKey': 'uncategorized', 'sortOrder': 10}",11493.080078125,5345.90380859375,5636.09521484375,5337.08203125,68.0,81.0,2.1500000953674316,3.694999933242798,41.65429553948343,-71.26115734688938,True,False,118790142,ae52ea07-2874-4bde-8648-ac48be0f708d,Riley King,https://s3.amazonaws.com/garmin-connect-prod/profile_images/249fcc8d-9898-4d4a-abf5-ba07581a6fcd-prth.png,https://s3.amazonaws.com/garmin-connect-prod/profile_images/249fcc8d-9898-4d4a-abf5-ba07581a6fcd-prfr.png,https://s3.amazonaws.com/garmin-connect-prod/profile_images/249fcc8d-9898-4d4a-abf5-ba07581a6fcd-prof.png,756.0,135.0,105.0,147.0,132.484375,225.0,11870.0,"['SCOPE_GOLF_API_READ', 'SCOPE_ATP_READ', 'SCOPE_DIVE_API_WRITE', 'SCOPE_COMMUNITY_COURSE_ADMIN_READ', 'SCOPE_DIVE_API_READ', 'SCOPE_DI_OAUTH_2_CLIENT_READ', 'SCOPE_CONNECT_WRITE', 'SCOPE_COMMUNITY_COURSE_WRITE', 'SCOPE_MESSAGE_GENERATION_READ', 'SCOPE_DI_OAUTH_2_CLIENT_REVOCATION_ADMIN', 'SCOPE_CONNECT_WEB_TEMPLATE_RENDER', 'SCOPE_OMT_SUBSCRIPTION_ADMIN_READ', 'SCOPE_CONNECT_NON_SOCIAL_SHARED_READ', 'SCOPE_CONNECT_READ', 'SCOPE_DI_OAUTH_2_TOKEN_ADMIN', 'ROLE_CONNECTUSER', 'ROLE_FITNESS_USER', 'ROLE_WELLNESS_USER']","{'typeId': 4, 'typeKey': 'groups'}",False,False,149,1711995903000,1,2.700000047683716,0.0,93.94000244140625,60.0,3461278113,4.599999904632568,28.399999618530273,225.0,{'summarizedDiveGases': []},0.4000005722045899,GARMIN,Bristol,8,41.65404969826341,-71.26056332141161,935.0,AEROBIC_BASE,57.283966064453125,84.97799682617188,MAINTAINING_AEROBIC_FITNESS_1,NO_ANAEROBIC_BENEFIT_0,"[{'noOfSplits': 1, 'totalAscent': 68.0, 'duration': 5345.90380859375, 'splitType': 'INTERVAL_ACTIVE', 'numClimbSends': 0, 'maxElevationGain': 68.0, 'averageElevationGain': 68.0, 'maxDistance': 11493, 'distance': 11493.080078125, 'averageSpeed': 2.1500000953674316, 'maxSpeed': 3.694999933242798, 'numFalls': 0, 'elevationLoss': 81.0}, {'noOfSplits': 6, 'totalAscent': 36.0, 'duration': 1718.001953125, 'splitType': 'RWD_RUN', 'numClimbSends': 0, 'maxElevationGain': 17.0, 'averageElevationGain': 6.0, 'maxDistance': 3120, 'distance': 5521.8798828125, 'averageSpeed': 3.2139999866485596, 'maxSpeed': 3.694999933242798, 'numFalls': 0, 'elevationLoss': 33.0}, {'noOfSplits': 7, 'totalAscent': 32.0, 'duration': 3627.761962890625, 'splitType': 'RWD_WALK', 'numClimbSends': 0, 'maxElevationGain': 11.0, 'averageElevationGain': 5.0, 'maxDistance': 3032, 'distance': 5971.2001953125, 'averageSpeed': 1.6460000276565552, 'maxSpeed': 2.0429999828338623, 'numFalls': 0, 'elevationLoss': 47.0}]",True,59,28,-12.0,False,,,,,,False,False,False,False,False,False,False,False,False,206.0,478.0,272.0,7.319999694824219,326.20001220703125,7.760000228881836,2.1589999198913574,,,,,,,,,,,,,,,
14673925198,Bristol Running,2024-03-31 16:26:07,2024-03-31 20:26:07,"{'typeId': 1, 'typeKey': 'running', 'parentTypeId': 17, 'isHidden': False, 'trimmable': True, 'restricted': False}","{'typeId': 9, 'typeKey': 'uncategorized', 'sortOrder': 10}",2664.93994140625,729.2379760742188,729.2379760742188,728.3510131835938,27.0,17.0,3.654000043869019,4.703000068664551,41.668497836217284,-71.24942930415273,True,False,118790142,ae52ea07-2874-4bde-8648-ac48be0f708d,Riley King,https://s3.amazonaws.com/garmin-connect-prod/profile_images/249fcc8d-9898-4d4a-abf5-ba07581a6fcd-prth.png,https://s3.amazonaws.com/garmin-connect-prod/profile_images/249fcc8d-9898-4d4a-abf5-ba07581a6fcd-prfr.png,https://s3.amazonaws.com/garmin-connect-prod/profile_images/249fcc8d-9898-4d4a-abf5-ba07581a6fcd-prof.png,189.0,18.0,155.0,169.0,166.328125,176.0,2036.0,"['SCOPE_GOLF_API_READ', 'SCOPE_ATP_READ', 'SCOPE_DIVE_API_WRITE', 'SCOPE_COMMUNITY_COURSE_ADMIN_READ', 'SCOPE_DIVE_API_READ', 'SCOPE_DI_OAUTH_2_CLIENT_READ', 'SCOPE_CONNECT_WRITE', 'SCOPE_COMMUNITY_COURSE_WRITE', 'SCOPE_MESSAGE_GENERATION_READ', 'SCOPE_DI_OAUTH_2_CLIENT_REVOCATION_ADMIN', 'SCOPE_CONNECT_WEB_TEMPLATE_RENDER', 'SCOPE_OMT_SUBSCRIPTION_ADMIN_READ', 'SCOPE_CONNECT_NON_SOCIAL_SHARED_READ', 'SCOPE_CONNECT_READ', 'SCOPE_DI_OAUTH_2_TOKEN_ADMIN', 'ROLE_CONNECTUSER', 'ROLE_FITNESS_USER', 'ROLE_WELLNESS_USER']","{'typeId': 4, 'typeKey': 'groups'}",False,False,149,1711916767000,1,2.5,0.800000011920929,129.34000244140626,60.0,3461278113,5.0,25.0,176.0,{'summarizedDiveGases': []},0.6000003814697266,GARMIN,Bristol,2,41.65433091111481,-71.26127150841057,202.0,TEMPO,56.04280090332031,277.8869934082031,MAINTAINING_TEMPO_21,NO_ANAEROBIC_BENEFIT_0,"[{'noOfSplits': 1, 'totalAscent': 27.0, 'duration': 729.2379760742188, 'splitType': 'INTERVAL_ACTIVE', 'numClimbSends': 0, 'maxElevationGain': 27.0, 'averageElevationGain': 27.0, 'maxDistance': 2664, 'distance': 2664.93994140625, 'averageSpeed': 3.6540000438690186, 'maxSpeed': 4.703000068664551, 'numFalls': 0, 'elevationLoss': 17.0}, {'noOfSplits': 2, 'totalAscent': 27.0, 'duration': 724.1279907226562, 'splitType': 'RWD_RUN', 'numClimbSends': 0, 'maxElevationGain': 19.0, 'averageElevationGain': 14.0, 'maxDistance': 2049, 'distance': 2652.22998046875, 'averageSpeed': 3.6630001068115234, 'maxSpeed': 4.703000068664551, 'numFalls': 0, 'elevationLoss': 17.0}, {'noOfSplits': 1, 'totalAscent': 0.0, 'duration': 5.0, 'splitType': 'RWD_WALK', 'numClimbSends': 0, 'maxElevationGain': 0.0, 'averageElevationGain': 0.0, 'maxDistance': 12, 'distance': 12.710000038146973, 'averageSpeed': 2.5420000553131104, 'maxSpeed': 1.7450000047683716, 'numFalls': 0, 'elevationLoss': 0.0}]",True,1,10,-2.0,False,,,,,,False,False,False,False,False,False,False,False,False,407.0,603.0,427.0,9.819999694824219,250.6999969482422,7.639999866485596,3.661000013351441,,,,,,,,,,,,,,,
14673792145,Bristol Running,2024-03-31 16:00:33,2024-03-31 20:00:33,"{'typeId': 1, 'typeKey': 'running', 'parentTypeId': 17, 'isHidden': False, 'trimmable': True, 'restricted': False}","{'typeId': 9, 'typeKey': 'uncategorized', 'sortOrder': 10}",4855.43017578125,1238.9420166015625,1238.9420166015625,1238.4429931640625,30.0,42.0,3.9189999103546147,4.684000015258789,41.6555574350059,-71.260622497648,True,False,118790142,ae52ea07-2874-4bde-8648-ac48be0f708d,Riley King,https://s3.amazonaws.com/garmin-connect-prod/profile_images/249fcc8d-9898-4d4a-abf5-ba07581a6fcd-prth.png,https://s3.amazonaws.com/garmin-connect-prod/profile_images/249fcc8d-9898-4d4a-abf5-ba07581a6fcd-prfr.png,https://s3.amazonaws.com/garmin-connect-prod/profile_images/249fcc8d-9898-4d4a-abf5-ba07581a6fcd-prof.png,334.0,31.0,159.0,173.0,167.46875,176.0,3454.0,"['SCOPE_GOLF_API_READ', 'SCOPE_ATP_READ', 'SCOPE_DIVE_API_WRITE', 'SCOPE_COMMUNITY_COURSE_ADMIN_READ', 'SCOPE_DIVE_API_READ', 'SCOPE_DI_OAUTH_2_CLIENT_READ', 'SCOPE_CONNECT_WRITE', 'SCOPE_COMMUNITY_COURSE_WRITE', 'SCOPE_MESSAGE_GENERATION_READ', 'SCOPE_DI_OAUTH_2_CLIENT_REVOCATION_ADMIN', 'SCOPE_CONNECT_WEB_TEMPLATE_RENDER', 'SCOPE_OMT_SUBSCRIPTION_ADMIN_READ', 'SCOPE_CONNECT_NON_SOCIAL_SHARED_READ', 'SCOPE_CONNECT_READ', 'SCOPE_DI_OAUTH_2_TOKEN_ADMIN', 'ROLE_CONNECTUSER', 'ROLE_FITNESS_USER', 'ROLE_WELLNESS_USER']","{'typeId': 4, 'typeKey': 'groups'}",False,False,149,1711915233000,1,3.200000047683716,0.0,140.1300048828125,60.0,3461278113,2.5999999046325684,28.799999237060547,176.0,{'summarizedDiveGases': []},0.4000005722045899,GARMIN,Bristol,4,41.669789319857955,-71.24487885273993,343.0,TEMPO,86.51950073242188,8.178999900817871,IMPACTING_TEMPO_22,NO_ANAEROBIC_BENEFIT_0,"[{'noOfSplits': 1, 'totalAscent': 30.0, 'duration': 1238.9420166015625, 'splitType': 'INTERVAL_ACTIVE', 'numClimbSends': 0, 'maxElevationGain': 30.0, 'averageElevationGain': 30.0, 'maxDistance': 4855, 'distance': 4855.43017578125, 'averageSpeed': 3.9189999103546143, 'maxSpeed': 4.684000015258789, 'numFalls': 0, 'elevationLoss': 42.0}, {'noOfSplits': 1, 'totalAscent': 0.0, 'duration': 4.0, 'splitType': 'RWD_STAND', 'numClimbSends': 0, 'maxElevationGain': 0.0, 'averageElevationGain': 0.0, 'maxDistance': 10, 'distance': 10.869999885559082, 'averageSpeed': 2.7179999351501465, 'maxSpeed': 1.8380000591278076, 'numFalls': 0, 'elevationLoss': 0.0}, {'noOfSplits': 1, 'totalAscent': 30.0, 'duration': 1238.8170166015625, 'splitType': 'RWD_RUN', 'numClimbSends': 0, 'maxElevationGain': 30.0, 'averageElevationGain': 30.0, 'maxDistance': 4844, 'distance': 4844.56005859375, 'averageSpeed': 3.9110000133514404, 'maxSpeed': 4.684000015258789, 'numFalls': 0, 'elevationLoss': 42.0}]",True,0,18,-5.0,False,,,,,,False,False,False,False,False,False,False,False,False,427.0,551.0,434.0,10.290000152587892,244.0,7.349999904632568,3.9079999923706055,,,,,,,,,,,,,,,
14658351407,Concord Cycling,2024-03-30 16:17:17,2024-03-30 20:17:17,"{'typeId': 2, 'typeKey': 'cycling', 'parentTypeId': 17, 'isHidden': False, 'trimmable': True, 'restricted': False}","{'typeId': 9, 'typeKey': 'uncategorized', 'sortOrder': 10}",14406.9296875,3948.447998046875,3948.447998046875,3699.0,191.0,178.0,3.6489999294281006,9.116000175476074,43.25189743191004,-71.5236553363502,True,False,118790142,ae52ea07-2874-4bde-8648-ac48be0f708d,Riley King,https://s3.amazonaws.com/garmin-connect-prod/profile_images/249fcc8d-9898-4d4a-abf5-ba07581a6fcd-prth.png,https://s3.amazonaws.com/garmin-connect-prod/profile_images/249fcc8d-9898-4d4a-abf5-ba07581a6fcd-prfr.png,https://s3.amazonaws.com/garmin-connect-prod/profile_images/249fcc8d-9898-4d4a-abf5-ba07581a6fcd-prof.png,625.0,99.0,129.0,179.0,,,,"['SCOPE_GOLF_API_READ', 'SCOPE_ATP_READ', 'SCOPE_DIVE_API_WRITE', 'SCOPE_COMMUNITY_COURSE_ADMIN_READ', 'SCOPE_DIVE_API_READ', 'SCOPE_DI_OAUTH_2_CLIENT_READ', 'SCOPE_CONNECT_WRITE', 'SCOPE_COMMUNITY_COURSE_WRITE', 'SCOPE_MESSAGE_GENERATION_READ', 'SCOPE_DI_OAUTH_2_CLIENT_REVOCATION_ADMIN', 'SCOPE_CONNECT_WEB_TEMPLATE_RENDER', 'SCOPE_OMT_SUBSCRIPTION_ADMIN_READ', 'SCOPE_CONNECT_NON_SOCIAL_SHARED_READ', 'SCOPE_CONNECT_READ', 'SCOPE_DI_OAUTH_2_TOKEN_ADMIN', 'ROLE_CONNECTUSER', 'ROLE_FITNESS_USER', 'ROLE_WELLNESS_USER']","{'typeId': 4, 'typeKey': 'groups'}",False,False,149,1711829837000,2,2.5,2.0,,,3461278113,88.4000015258789,163.1999969482422,,{'summarizedDiveGases': []},1.7999954223632812,GARMIN,Concord,2,43.26156545430422,-71.52126322500408,568.0,AEROBIC_BASE,69.07131958007812,1493.5469970703125,MAINTAINING_AEROBIC_BASE_7,MAINTAINING_ANAEROBIC_BASE_1,"[{'totalAscent': 191.0, 'duration': 3948.4478759765625, 'splitType': 'INTERVAL_ACTIVE', 'numClimbSends': 0, 'maxElevationGain': 191.0, 'averageElevationGain': 191.0, 'maxDistance': 14406, 'distance': 14406.93017578125, 'averageSpeed': 3.6487578482261234, 'maxSpeed': 9.116000175476074, 'numFalls': 0, 'elevationLoss': 178.0}]",False,22,37,-8.0,False,,,,,,False,False,False,False,False,False,False,False,False,,,,,,,,,,,,,,,,,,,,,,
14637668304,Concord - Sprint,2024-03-29 10:54:26,2024-03-29 14:54:26,"{'typeId': 1, 'typeKey': 'running', 'parentTypeId': 17, 'isHidden': False, 'trimmable': True, 'restricted': False}","{'typeId': 9, 'typeKey': 'uncategorized', 'sortOrder': 10}",10619.0400390625,4589.6708984375,4589.6708984375,4586.867004394531,107.0,94.0,2.313999891281128,8.267000198364258,43.2609292678535,-71.52095896191895,True,False,118790142,ae52ea07-2874-4bde-8648-ac48be0f708d,Riley King,https://s3.amazonaws.com/garmin-connect-prod/profile_images/249fcc8d-9898-4d4a-abf5-ba07581a6fcd-prth.png,https://s3.amazonaws.com/garmin-connect-prod/profile_images/249fcc8d-9898-4d4a-abf5-ba07581a6fcd-prfr.png,https://s3.amazonaws.com/garmin-connect-prod/profile_images/249fcc8d-9898-4d4a-abf5-ba07581a6fcd-prof.png,738.0,116.0,126.0,164.0,135.125,248.0,10372.0,"['SCOPE_GOLF_API_READ', 'SCOPE_ATP_READ', 'SCOPE_DIVE_API_WRITE', 'SCOPE_COMMUNITY_COURSE_ADMIN_READ', 'SCOPE_DIVE_API_READ', 'SCOPE_DI_OAUTH_2_CLIENT_READ', 'SCOPE_CONNECT_WRITE', 'SCOPE_COMMUNITY_COURSE_WRITE', 'SCOPE_MESSAGE_GENERATION_READ', 'SCOPE_DI_OAUTH_2_CLIENT_REVOCATION_ADMIN', 'SCOPE_CONNECT_WEB_TEMPLATE_RENDER', 'SCOPE_OMT_SUBSCRIPTION_ADMIN_READ', 'SCOPE_CONNECT_NON_SOCIAL_SHARED_READ', 'SCOPE_CONNECT_READ', 'SCOPE_DI_OAUTH_2_TOKEN_ADMIN', 'ROLE_CONNECTUSER', 'ROLE_FITNESS_USER', 'ROLE_WELLNESS_USER']","{'typeId': 4, 'typeKey': 'groups'}",False,False,149,1711724066000,1,3.0,2.799999952316284,96.54000244140626,60.0,3461278113,97.5999984741211,125.19999694824219,248.0,{'summarizedDiveGases': []},1.0,GARMIN,Concord,20,43.26143033802509,-71.52091009542346,841.0,SPEED,123.4505615234375,10.0,IMPROVING_AEROBIC_BASE_8,MAINTAINING_FAST_FORCE_PRODUCTION_6,"[{'noOfSplits': 7, 'totalAscent': 5.0, 'duration': 70.0, 'splitType': 'INTERVAL_ACTIVE', 'numClimbSends': 0, 'maxElevationGain': 5.0, 'averageElevationGain': 1.0, 'maxDistance': 83, 'distance': 445.69000244140625, 'averageSpeed': 6.367000102996826, 'maxSpeed': 8.267000198364258, 'numFalls': 0, 'elevationLoss': 7.0}, {'noOfSplits': 1, 'totalAscent': 0.0, 'duration': 4.0, 'splitType': 'RWD_STAND', 'numClimbSends': 0, 'maxElevationGain': 0.0, 'averageElevationGain': 0.0, 'maxDistance': 8, 'distance': 8.899999618530273, 'averageSpeed': 2.2249999046325684, 'maxSpeed': 1.847000002861023, 'numFalls': 0, 'elevationLoss': 0.0}, {'noOfSplits': 9, 'totalAscent': 50.0, 'duration': 2886.56591796875, 'splitType': 'RWD_WALK', 'numClimbSends': 0, 'maxElevationGain': 19.0, 'averageElevationGain': 6.0, 'maxDistance': 2380, 'distance': 4883.47021484375, 'averageSpeed': 1.6920000314712524, 'maxSpeed': 2.071000099182129, 'numFalls': 0, 'elevationLoss': 51.0}, {'noOfSplits': 1, 'totalAscent': 23.0, 'duration': 900.0, 'splitType': 'INTERVAL_WARMUP', 'numClimbSends': 0, 'maxElevationGain': 23.0, 'averageElevationGain': 23.0, 'maxDistance': 3052, 'distance': 3052.1201171875, 'averageSpeed': 3.3910000324249268, 'maxSpeed': 3.6019999980926514, 'numFalls': 0, 'elevationLoss': 25.0}, {'noOfSplits': 9, 'totalAscent': 57.0, 'duration': 1703.0009765625, 'splitType': 'RWD_RUN', 'numClimbSends': 0, 'maxElevationGain': 32.0, 'averageElevationGain': 6.0, 'maxDistance': 3131, 'distance': 5726.669921875, 'averageSpeed': 3.36299991607666, 'maxSpeed': 8.267000198364258, 'numFalls': 0, 'elevationLoss': 42.0}, {'noOfSplits': 6, 'totalAscent': 20.0, 'duration': 1080.0, 'splitType': 'INTERVAL_REST', 'numClimbSends': 0, 'maxElevationGain': 8.0, 'averageElevationGain': 3.0, 'maxDistance': 321, 'distance': 1844.6400146484375, 'averageSpeed': 1.7079999446868896, 'maxSpeed': 8.267000198364258, 'numFalls': 0, 'elevationLoss': 28.0}, {'noOfSplits': 1, 'totalAscent': 59.0, 'duration': 2539.548095703125, 'splitType': 'INTERVAL_COOLDOWN', 'numClimbSends': 0, 'maxElevationGain': 59.0, 'averageElevationGain': 59.0, 'maxDistance': 5282, 'distance': 5282.4501953125, 'averageSpeed': 2.0799999237060547, 'maxSpeed': 5.281000137329102, 'numFalls': 0, 'elevationLoss': 33.0}]",True,41,33,-16.0,False,,,,,,False,False,False,False,False,False,False,False,False,229.0,888.0,290.0,7.540000152587891,334.3999938964844,7.860000133514404,2.3369998931884766,,,,,,,,,,,,,,,
14611038098,Treadmill Running,2024-03-27 15:33:49,2024-03-27 19:33:49,"{'typeId': 18, 'typeKey': 'treadmill_running', 'parentTypeId': 1, 'isHidden': False, 'trimmable': True, 'restricted': False}","{'typeId': 9, 'typeKey': 'uncategorized', 'sortOrder': 10}",3296.02001953125,848.9609985351562,848.9609985351562,834.0,,,3.881999969482422,6.046000003814697,,,False,False,118790142,ae52ea07-2874-4bde-8648-ac48be0f708d,Riley King,https://s3.amazonaws.com/garmin-connect-prod/profile_images/249fcc8d-9898-4d4a-abf5-ba07581a6fcd-prth.png,https://s3.amazonaws.com/garmin-connect-prod/profile_images/249fcc8d-9898-4d4a-abf5-ba07581a6fcd-prfr.png,https://s3.amazonaws.com/garmin-connect-prod/profile_images/249fcc8d-9898-4d4a-abf5-ba07581a6fcd-prof.png,179.0,21.0,134.0,155.0,163.53125,231.0,2288.0,"['SCOPE_GOLF_API_READ', 'SCOPE_ATP_READ', 'SCOPE_DIVE_API_WRITE', 'SCOPE_COMMUNITY_COURSE_ADMIN_READ', 'SCOPE_DIVE_API_READ', 'SCOPE_DI_OAUTH_2_CLIENT_READ', 'SCOPE_CONNECT_WRITE', 'SCOPE_COMMUNITY_COURSE_WRITE', 'SCOPE_MESSAGE_GENERATION_READ', 'SCOPE_DI_OAUTH_2_CLIENT_REVOCATION_ADMIN', 'SCOPE_CONNECT_WEB_TEMPLATE_RENDER', 'SCOPE_OMT_SUBSCRIPTION_ADMIN_READ', 'SCOPE_CONNECT_NON_SOCIAL_SHARED_READ', 'SCOPE_CONNECT_READ', 'SCOPE_DI_OAUTH_2_TOKEN_ADMIN', 'ROLE_CONNECTUSER', 'ROLE_FITNESS_USER', 'ROLE_WELLNESS_USER']","{'typeId': 4, 'typeKey': 'groups'}",False,False,149,1711568029000,1,2.0999999046325684,0.10000000149011612,143.45999755859376,,3461278113,,,231.0,{'summarizedDiveGases': []},,GARMIN,,3,,,235.0,RECOVERY,30.614349365234375,21.229000091552734,MINOR_AEROBIC_BENEFIT_0,NO_ANAEROBIC_BENEFIT_0,"[{'noOfSplits': 1, 'duration': 848.9609985351562, 'splitType': 'INTERVAL_ACTIVE', 'numClimbSends': 0, 'maxDistance': 3296, 'distance': 3296.02001953125, 'averageSpeed': 3.881999969482422, 'maxSpeed': 6.046000003814697, 'numFalls': 0}, {'noOfSplits': 2, 'duration': 834.8569946289062, 'splitType': 'RWD_RUN', 'numClimbSends': 0, 'maxDistance': 3290, 'distance': 3291.909912109375, 'averageSpeed': 3.943000078201294, 'maxSpeed': 6.046000003814697, 'numFalls': 0}, {'noOfSplits': 2, 'duration': 16.0, 'splitType': 'RWD_WALK', 'numClimbSends': 0, 'maxDistance': 4, 'distance': 4.119999885559082, 'averageSpeed': 0.25699999928474426, 'maxSpeed': 1.6799999475479126, 'numFalls': 0}, {'noOfSplits': 1, 'duration': 5.0, 'splitType': 'RWD_STAND', 'numClimbSends': 0, 'maxDistance': 0, 'distance': 0.0, 'averageSpeed': 0.0, 'maxSpeed': 0.0, 'numFalls': 0}]",True,1,10,-3.0,False,,,,,,False,False,False,False,False,False,False,False,False,406.0,569.0,420.0,10.35999984741211,247.1999969482422,7.349999904632568,,,,,,,,,,,,,,,,
14596766931,Treadmill Running,2024-03-26 17:04:29,2024-03-26 21:04:29,"{'typeId': 18, 'typeKey': 'treadmill_running', 'parentTypeId': 1, 'isHidden': False, 'trimmable': True, 'restricted': False}","{'typeId': 9, 'typeKey': 'uncategorized', 'sortOrder': 10}",1622.699951171875,432.85400390625,432.85400390625,425.0,,,3.749000072479248,4.7870001792907715,,,False,False,118790142,ae52ea07-2874-4bde-8648-ac48be0f708d,Riley King,https://s3.amazonaws.com/garmin-connect-prod/profile_images/249fcc8d-9898-4d4a-abf5-ba07581a6fcd-prth.png,https://s3.amazonaws.com/garmin-connect-prod/profile_images/249fcc8d-9898-4d4a-abf5-ba07581a6fcd-prfr.png,https://s3.amazonaws.com/garmin-connect-prod/profile_images/249fcc8d-9898-4d4a-abf5-ba07581a6fcd-prof.png,95.0,11.0,136.0,152.0,157.171875,218.0,1118.0,"['SCOPE_GOLF_API_READ', 'SCOPE_ATP_READ', 'SCOPE_DIVE_API_WRITE', 'SCOPE_COMMUNITY_COURSE_ADMIN_READ', 'SCOPE_DIVE_API_READ', 'SCOPE_DI_OAUTH_2_CLIENT_READ', 'SCOPE_CONNECT_WRITE', 'SCOPE_COMMUNITY_COURSE_WRITE', 'SCOPE_MESSAGE_GENERATION_READ', 'SCOPE_DI_OAUTH_2_CLIENT_REVOCATION_ADMIN', 'SCOPE_CONNECT_WEB_TEMPLATE_RENDER', 'SCOPE_OMT_SUBSCRIPTION_ADMIN_READ', 'SCOPE_CONNECT_NON_SOCIAL_SHARED_READ', 'SCOPE_CONNECT_READ', 'SCOPE_DI_OAUTH_2_TOKEN_ADMIN', 'ROLE_CONNECTUSER', 'ROLE_FITNESS_USER', 'ROLE_WELLNESS_USER']","{'typeId': 4, 'typeKey': 'groups'}",False,False,149,1711487069000,1,1.7000000476837158,0.0,144.4199951171875,,3461278113,,,218.0,{'summarizedDiveGases': []},,GARMIN,,2,,,120.0,RECOVERY,18.451171875,4.189000129699707,RECOVERY_5,NO_ANAEROBIC_BENEFIT_0,"[{'noOfSplits': 1, 'duration': 432.85400390625, 'splitType': 'INTERVAL_ACTIVE', 'numClimbSends': 0, 'maxDistance': 1622, 'distance': 1622.699951171875, 'averageSpeed': 3.749000072479248, 'maxSpeed': 4.7870001792907715, 'numFalls': 0}, {'noOfSplits': 2, 'duration': 426.739013671875, 'splitType': 'RWD_RUN', 'numClimbSends': 0, 'maxDistance': 1618, 'distance': 1618.8599853515625, 'averageSpeed': 3.7939999103546143, 'maxSpeed': 4.7870001792907715, 'numFalls': 0}, {'noOfSplits': 1, 'duration': 13.0, 'splitType': 'RWD_WALK', 'numClimbSends': 0, 'maxDistance': 3, 'distance': 3.8399999141693115, 'averageSpeed': 0.29600000381469727, 'maxSpeed': 1.2970000505447388, 'numFalls': 0}]",True,0,4,-1.0,False,,,,,,False,False,False,False,False,False,False,False,False,400.0,542.0,414.0,10.950000000000001,259.20001220703125,7.650000095367432,,,,,,,,,,,,,,,,
14552868968,New York Running,2024-03-23 17:51:39,2024-03-23 21:51:39,"{'typeId': 1, 'typeKey': 'running', 'parentTypeId': 17, 'isHidden': False, 'trimmable': True, 'restricted': False}","{'typeId': 9, 'typeKey': 'uncategorized', 'sortOrder': 10}",4858.7998046875,1303.1400146484375,1303.1400146484375,1301.2529907226562,17.0,32.0,3.7290000915527344,5.374000072479248,40.70231753401458,-74.01304570958018,True,False,118790142,ae52ea07-2874-4bde-8648-ac48be0f708d,Riley King,https://s3.amazonaws.com/garmin-connect-prod/profile_images/249fcc8d-9898-4d4a-abf5-ba07581a6fcd-prth.png,https://s3.amazonaws.com/garmin-connect-prod/profile_images/249fcc8d-9898-4d4a-abf5-ba07581a6fcd-prfr.png,https://s3.amazonaws.com/garmin-connect-prod/profile_images/249fcc8d-9898-4d4a-abf5-ba07581a6fcd-prof.png,348.0,33.0,158.0,172.0,162.953125,172.0,3544.0,"['SCOPE_GOLF_API_READ', 'SCOPE_ATP_READ', 'SCOPE_DIVE_API_WRITE', 'SCOPE_COMMUNITY_COURSE_ADMIN_READ', 'SCOPE_DIVE_API_READ', 'SCOPE_DI_OAUTH_2_CLIENT_READ', 'SCOPE_CONNECT_WRITE', 'SCOPE_COMMUNITY_COURSE_WRITE', 'SCOPE_MESSAGE_GENERATION_READ', 'SCOPE_DI_OAUTH_2_CLIENT_REVOCATION_ADMIN', 'SCOPE_CONNECT_WEB_TEMPLATE_RENDER', 'SCOPE_OMT_SUBSCRIPTION_ADMIN_READ', 'SCOPE_CONNECT_NON_SOCIAL_SHARED_READ', 'SCOPE_CONNECT_READ', 'SCOPE_DI_OAUTH_2_TOKEN_ADMIN', 'ROLE_CONNECTUSER', 'ROLE_FITNESS_USER', 'ROLE_WELLNESS_USER']","{'typeId': 4, 'typeKey': 'groups'}",False,False,149,1711230699000,1,3.200000047683716,0.30000001192092896,137.04000244140624,60.0,3461278113,-8.199999809265137,11.199999809265137,172.0,{'summarizedDiveGases': []},1.2000000476837158,GARMIN,New York,4,40.728390449658036,-74.01127310469747,361.0,TEMPO,90.34779357910156,8.611000061035156,IMPACTING_TEMPO_22,NO_ANAEROBIC_BENEFIT_0,"[{'noOfSplits': 1, 'totalAscent': 17.0, 'duration': 1303.1400146484375, 'splitType': 'INTERVAL_ACTIVE', 'numClimbSends': 0, 'maxElevationGain': 17.0, 'averageElevationGain': 17.0, 'maxDistance': 4858, 'distance': 4858.7998046875, 'averageSpeed': 3.7290000915527344, 'maxSpeed': 5.374000072479248, 'numFalls': 0, 'elevationLoss': 32.0}, {'noOfSplits': 1, 'totalAscent': 0.0, 'duration': 5.0, 'splitType': 'RWD_WALK', 'numClimbSends': 0, 'maxElevationGain': 0.0, 'averageElevationGain': 0.0, 'maxDistance': 12, 'distance': 12.300000190734863, 'averageSpeed': 2.4600000381469727, 'maxSpeed': 1.9869999885559082, 'numFalls': 0, 'elevationLoss': 0.0}, {'noOfSplits': 1, 'totalAscent': 17.0, 'duration': 1303.0469970703125, 'splitType': 'RWD_RUN', 'numClimbSends': 0, 'maxElevationGain': 17.0, 'averageElevationGain': 17.0, 'maxDistance': 4846, 'distance': 4846.5, 'averageSpeed': 3.7190001010894775, 'maxSpeed': 5.374000072479248, 'numFalls': 0, 'elevationLoss': 32.0}]",True,0,21,-5.0,False,,,,,,False,False,False,False,False,False,False,False,False,424.0,594.0,431.0,10.5,255.8000030517578,7.670000076293945,3.710999965667725,,,,,,,,,,,,,,,
14489630642,Treadmill Running,2024-03-19 17:22:49,2024-03-19 21:22:49,"{'typeId': 18, 'typeKey': 'treadmill_running', 'parentTypeId': 1, 'isHidden': False, 'trimmable': True, 'restricted': False}","{'typeId': 9, 'typeKey': 'uncategorized', 'sortOrder': 10}",1541.699951171875,341.4960021972656,341.4960021972656,341.0,,,4.514999866485596,5.860000133514404,,,False,False,118790142,ae52ea07-2874-4bde-8648-ac48be0f708d,Riley King,https://s3.amazonaws.com/garmin-connect-prod/profile_images/249fcc8d-9898-4d4a-abf5-ba07581a6fcd-prth.png,https://s3.amazonaws.com/garmin-connect-prod/profile_images/249fcc8d-9898-4d4a-abf5-ba07581a6fcd-prfr.png,https://s3.amazonaws.com/garmin-connect-prod/profile_images/249fcc8d-9898-4d4a-abf5-ba07581a6fcd-prof.png,86.0,9.0,151.0,167.0,168.390625,240.0,842.0,"['SCOPE_GOLF_API_READ', 'SCOPE_ATP_READ', 'SCOPE_DIVE_API_WRITE', 'SCOPE_COMMUNITY_COURSE_ADMIN_READ', 'SCOPE_DIVE_API_READ', 'SCOPE_DI_OAUTH_2_CLIENT_READ', 'SCOPE_CONNECT_WRITE', 'SCOPE_COMMUNITY_COURSE_WRITE', 'SCOPE_MESSAGE_GENERATION_READ', 'SCOPE_DI_OAUTH_2_CLIENT_REVOCATION_ADMIN', 'SCOPE_CONNECT_WEB_TEMPLATE_RENDER', 'SCOPE_OMT_SUBSCRIPTION_ADMIN_READ', 'SCOPE_CONNECT_NON_SOCIAL_SHARED_READ', 'SCOPE_CONNECT_READ', 'SCOPE_DI_OAUTH_2_TOKEN_ADMIN', 'ROLE_CONNECTUSER', 'ROLE_FITNESS_USER', 'ROLE_WELLNESS_USER']","{'typeId': 4, 'typeKey': 'groups'}",False,False,149,1710883369000,1,2.0,0.0,160.58000488281252,,3461278113,,,240.0,{'summarizedDiveGases': []},,GARMIN,,1,,,94.0,TEMPO,22.670455932617188,341.4960021972656,MAINTAINING_TEMPO_21,NO_ANAEROBIC_BENEFIT_0,"[{'noOfSplits': 1, 'duration': 341.4960021972656, 'splitType': 'INTERVAL_ACTIVE', 'numClimbSends': 0, 'maxDistance': 1541, 'distance': 1541.699951171875, 'averageSpeed': 4.514999866485596, 'maxSpeed': 5.860000133514404, 'numFalls': 0}, {'noOfSplits': 1, 'duration': 341.3689880371094, 'splitType': 'RWD_RUN', 'numClimbSends': 0, 'maxDistance': 1541, 'distance': 1541.699951171875, 'averageSpeed': 4.515999794006348, 'maxSpeed': 5.860000133514404, 'numFalls': 0}]",True,0,3,-2.0,False,,,,,,False,False,False,False,False,False,False,False,False,457.0,556.0,466.0,10.600000000000001,230.1999969482422,6.679999828338623,,,,,,,,,,,,,,,,
14471940971,Bristol - Base,2024-03-18 14:27:42,2024-03-18 18:27:42,"{'typeId': 1, 'typeKey': 'running', 'parentTypeId': 17, 'isHidden': False, 'trimmable': True, 'restricted': False}","{'typeId': 9, 'typeKey': 'uncategorized', 'sortOrder': 10}",17308.439453125,4862.31689453125,5128.2001953125,4858.091033935547,100.0,87.0,3.5599999427795415,4.468999862670898,41.65358550846577,-71.25979587435722,True,False,118790142,ae52ea07-2874-4bde-8648-ac48be0f708d,Riley King,https://s3.amazonaws.com/garmin-connect-prod/profile_images/249fcc8d-9898-4d4a-abf5-ba07581a6fcd-prth.png,https://s3.amazonaws.com/garmin-connect-prod/profile_images/249fcc8d-9898-4d4a-abf5-ba07581a6fcd-prfr.png,https://s3.amazonaws.com/garmin-connect-prod/profile_images/249fcc8d-9898-4d4a-abf5-ba07581a6fcd-prof.png,1215.0,122.0,154.0,171.0,163.640625,240.0,13276.0,"['SCOPE_GOLF_API_READ', 'SCOPE_ATP_READ', 'SCOPE_DIVE_API_WRITE', 'SCOPE_COMMUNITY_COURSE_ADMIN_READ', 'SCOPE_DIVE_API_READ', 'SCOPE_DI_OAUTH_2_CLIENT_READ', 'SCOPE_CONNECT_WRITE', 'SCOPE_COMMUNITY_COURSE_WRITE', 'SCOPE_MESSAGE_GENERATION_READ', 'SCOPE_DI_OAUTH_2_CLIENT_REVOCATION_ADMIN', 'SCOPE_CONNECT_WEB_TEMPLATE_RENDER', 'SCOPE_OMT_SUBSCRIPTION_ADMIN_READ', 'SCOPE_CONNECT_NON_SOCIAL_SHARED_READ', 'SCOPE_CONNECT_READ', 'SCOPE_DI_OAUTH_2_TOKEN_ADMIN', 'ROLE_CONNECTUSER', 'ROLE_FITNESS_USER', 'ROLE_WELLNESS_USER']","{'typeId': 4, 'typeKey': 'groups'}",False,False,149,1710786462000,1,4.199999809265137,0.0,130.1199951171875,60.0,3461278113,5.599999904632568,44.20000076293945,240.0,{'summarizedDiveGases': []},0.6000003814697266,GARMIN,Bristol,12,41.65075259283185,-71.2584986910224,1344.0,TEMPO,178.4649658203125,72.55799865722656,HIGHLY_IMPACTING_TEMPO_23,NO_ANAEROBIC_BENEFIT_0,"[{'noOfSplits': 1, 'totalAscent': 100.0, 'duration': 4862.31689453125, 'splitType': 'INTERVAL_ACTIVE', 'numClimbSends': 0, 'maxElevationGain': 100.0, 'averageElevationGain': 100.0, 'maxDistance': 17308, 'distance': 17308.4296875, 'averageSpeed': 3.559999942779541, 'maxSpeed': 4.468999862670898, 'numFalls': 0, 'elevationLoss': 87.0}, {'noOfSplits': 5, 'totalAscent': 95.0, 'duration': 4585.76123046875, 'splitType': 'RWD_RUN', 'numClimbSends': 0, 'maxElevationGain': 37.0, 'averageElevationGain': 19.0, 'maxDistance': 7782, 'distance': 16802.6796875, 'averageSpeed': 3.6640000343322754, 'maxSpeed': 4.468999862670898, 'numFalls': 0, 'elevationLoss': 87.0}, {'noOfSplits': 1, 'duration': 0.164000004529953, 'splitType': 'RWD_STAND', 'numClimbSends': 0, 'numFalls': 0}, {'noOfSplits': 4, 'totalAscent': 5.0, 'duration': 276.3710021972656, 'splitType': 'RWD_WALK', 'numClimbSends': 0, 'maxElevationGain': 5.0, 'averageElevationGain': 1.0, 'maxDistance': 487, 'distance': 505.760009765625, 'averageSpeed': 1.8300000429153442, 'maxSpeed': 2.118000030517578, 'numFalls': 0, 'elevationLoss': 0.0}]",True,5,80,-20.0,False,,,,,,False,False,False,False,False,False,False,False,False,391.0,625.0,402.0,9.91999969482422,257.0,7.639999866485596,3.5789999961853027,,,,,,,,,,,,,,,
14457143694,Concord Walking,2024-03-17 13:57:00,2024-03-17 17:57:00,"{'typeId': 9, 'typeKey': 'walking', 'parentTypeId': 17, 'isHidden': False, 'trimmable': True, 'restricted': False}","{'typeId': 9, 'typeKey': 'uncategorized', 'sortOrder': 10}",4843.52978515625,3543.7939453125,3543.7939453125,3219.0,46.0,17.0,1.3669999837875364,12.838999748229982,43.23338055051863,-71.53140138834715,True,False,118790142,ae52ea07-2874-4bde-8648-ac48be0f708d,Riley King,https://s3.amazonaws.com/garmin-connect-prod/profile_images/249fcc8d-9898-4d4a-abf5-ba07581a6fcd-prth.png,https://s3.amazonaws.com/garmin-connect-prod/profile_images/249fcc8d-9898-4d4a-abf5-ba07581a6fcd-prfr.png,https://s3.amazonaws.com/garmin-connect-prod/profile_images/249fcc8d-9898-4d4a-abf5-ba07581a6fcd-prof.png,273.0,89.0,82.0,121.0,92.375,177.0,5750.0,"['SCOPE_GOLF_API_READ', 'SCOPE_ATP_READ', 'SCOPE_DIVE_API_WRITE', 'SCOPE_COMMUNITY_COURSE_ADMIN_READ', 'SCOPE_DIVE_API_READ', 'SCOPE_DI_OAUTH_2_CLIENT_READ', 'SCOPE_CONNECT_WRITE', 'SCOPE_COMMUNITY_COURSE_WRITE', 'SCOPE_MESSAGE_GENERATION_READ', 'SCOPE_DI_OAUTH_2_CLIENT_REVOCATION_ADMIN', 'SCOPE_CONNECT_WEB_TEMPLATE_RENDER', 'SCOPE_OMT_SUBSCRIPTION_ADMIN_READ', 'SCOPE_CONNECT_NON_SOCIAL_SHARED_READ', 'SCOPE_CONNECT_READ', 'SCOPE_DI_OAUTH_2_TOKEN_ADMIN', 'ROLE_CONNECTUSER', 'ROLE_FITNESS_USER', 'ROLE_WELLNESS_USER']","{'typeId': 4, 'typeKey': 'groups'}",False,False,149,1710698220000,11,0.30000001192092896,0.0,88.0653464075173,60.0,3461278113,68.5999984741211,102.0,177.0,{'summarizedDiveGases': []},1.4000015258789062,GARMIN,Concord,4,43.233840465545654,-71.52321092784405,364.0,UNKNOWN,4.2137298583984375,1.5290000438690186,NO_AEROBIC_BENEFIT_18,NO_ANAEROBIC_BENEFIT_0,"[{'totalAscent': 46.0, 'duration': 3543.7939536571503, 'splitType': 'INTERVAL_ACTIVE', 'numClimbSends': 0, 'maxElevationGain': 46.0, 'averageElevationGain': 46.0, 'maxDistance': 4843, 'distance': 4843.529897689819, 'averageSpeed': 1.3667639713339874, 'maxSpeed': 12.83899974822998, 'numFalls': 0, 'elevationLoss': 17.0}]",False,30,0,-5.0,False,,,,,,False,False,False,False,False,False,False,False,False,,,,,,,,,,,,,,,,,,,,,,
14440886689,Concord - Base,2024-03-16 15:12:41,2024-03-16 19:12:41,"{'typeId': 6, 'typeKey': 'trail_running', 'parentTypeId': 1, 'isHidden': False, 'trimmable': True, 'restricted': False}","{'typeId': 9, 'typeKey': 'uncategorized', 'sortOrder': 10}",10566.419921875,3687.4560546875,3805.705078125,3685.509033203125,343.0,363.0,2.865999937057495,5.317999839782715,43.26193006709218,-71.51913849636912,True,False,118790142,ae52ea07-2874-4bde-8648-ac48be0f708d,Riley King,https://s3.amazonaws.com/garmin-connect-prod/profile_images/249fcc8d-9898-4d4a-abf5-ba07581a6fcd-prth.png,https://s3.amazonaws.com/garmin-connect-prod/profile_images/249fcc8d-9898-4d4a-abf5-ba07581a6fcd-prfr.png,https://s3.amazonaws.com/garmin-connect-prod/profile_images/249fcc8d-9898-4d4a-abf5-ba07581a6fcd-prof.png,917.0,93.0,158.0,179.0,155.28125,225.0,9914.0,"['SCOPE_GOLF_API_READ', 'SCOPE_ATP_READ', 'SCOPE_DIVE_API_WRITE', 'SCOPE_COMMUNITY_COURSE_ADMIN_READ', 'SCOPE_DIVE_API_READ', 'SCOPE_DI_OAUTH_2_CLIENT_READ', 'SCOPE_CONNECT_WRITE', 'SCOPE_COMMUNITY_COURSE_WRITE', 'SCOPE_MESSAGE_GENERATION_READ', 'SCOPE_DI_OAUTH_2_CLIENT_REVOCATION_ADMIN', 'SCOPE_CONNECT_WEB_TEMPLATE_RENDER', 'SCOPE_OMT_SUBSCRIPTION_ADMIN_READ', 'SCOPE_CONNECT_NON_SOCIAL_SHARED_READ', 'SCOPE_CONNECT_READ', 'SCOPE_DI_OAUTH_2_TOKEN_ADMIN', 'ROLE_CONNECTUSER', 'ROLE_FITNESS_USER', 'ROLE_WELLNESS_USER']","{'typeId': 4, 'typeKey': 'groups'}",False,False,149,1710616361000,1,3.9000000953674316,0.0,107.96999511718751,60.0,3461278113,121.0,292.3999938964844,225.0,{'summarizedDiveGases': []},1.1999969482421875,GARMIN,Concord,8,43.26132665388286,-71.5208438783884,1015.0,LACTATE_THRESHOLD,142.7041473388672,119.2239990234375,IMPROVING_LACTATE_THRESHOLD_12,NO_ANAEROBIC_BENEFIT_0,"[{'noOfSplits': 1, 'totalAscent': 343.0, 'duration': 3687.4560546875, 'splitType': 'INTERVAL_ACTIVE', 'numClimbSends': 0, 'maxElevationGain': 343.0, 'averageElevationGain': 343.0, 'maxDistance': 10566, 'distance': 10566.41015625, 'averageSpeed': 2.865999937057495, 'maxSpeed': 5.317999839782715, 'numFalls': 0, 'elevationLoss': 363.0}, {'noOfSplits': 11, 'totalAscent': 298.0, 'duration': 3454.1669921875, 'splitType': 'RWD_RUN', 'numClimbSends': 0, 'maxElevationGain': 88.0, 'averageElevationGain': 27.0, 'maxDistance': 5414, 'distance': 10226.2197265625, 'averageSpeed': 2.9609999656677246, 'maxSpeed': 5.317999839782715, 'numFalls': 0, 'elevationLoss': 363.0}, {'noOfSplits': 1, 'totalAscent': 0.0, 'duration': 5.0, 'splitType': 'RWD_STAND', 'numClimbSends': 0, 'maxElevationGain': 0.0, 'averageElevationGain': 0.0, 'maxDistance': 12, 'distance': 12.170000076293945, 'averageSpeed': 2.434000015258789, 'maxSpeed': 2.444999933242798, 'numFalls': 0, 'elevationLoss': 0.0}, {'noOfSplits': 10, 'totalAscent': 45.0, 'duration': 233.18600463867188, 'splitType': 'RWD_WALK', 'numClimbSends': 0, 'maxElevationGain': 14.0, 'averageElevationGain': 5.0, 'maxDistance': 100, 'distance': 328.0299987792969, 'averageSpeed': 1.406999945640564, 'maxSpeed': 2.052999973297119, 'numFalls': 0, 'elevationLoss': 0.0}]",True,1,62,-15.0,False,,,,,,False,False,False,False,False,False,False,False,False,325.0,628.0,355.0,8.990000152587891,271.20001220703125,8.529999732971191,3.127000093460083,,,,,,,,,,,,,,,
14410994174,Concord Trail Running,2024-03-14 17:16:24,2024-03-14 21:16:24,"{'typeId': 6, 'typeKey': 'trail_running', 'parentTypeId': 1, 'isHidden': False, 'trimmable': True, 'restricted': False}","{'typeId': 9, 'typeKey': 'uncategorized', 'sortOrder': 10}",1250.949951171875,284.72900390625,284.72900390625,284.0,6.0,17.0,4.39300012588501,5.328000068664551,43.23590132407844,-71.51293027214706,True,False,118790142,ae52ea07-2874-4bde-8648-ac48be0f708d,Riley King,https://s3.amazonaws.com/garmin-connect-prod/profile_images/249fcc8d-9898-4d4a-abf5-ba07581a6fcd-prth.png,https://s3.amazonaws.com/garmin-connect-prod/profile_images/249fcc8d-9898-4d4a-abf5-ba07581a6fcd-prfr.png,https://s3.amazonaws.com/garmin-connect-prod/profile_images/249fcc8d-9898-4d4a-abf5-ba07581a6fcd-prof.png,78.0,7.0,161.0,174.0,166.90625,187.0,804.0,"['SCOPE_GOLF_API_READ', 'SCOPE_ATP_READ', 'SCOPE_DIVE_API_WRITE', 'SCOPE_COMMUNITY_COURSE_ADMIN_READ', 'SCOPE_DIVE_API_READ', 'SCOPE_DI_OAUTH_2_CLIENT_READ', 'SCOPE_CONNECT_WRITE', 'SCOPE_COMMUNITY_COURSE_WRITE', 'SCOPE_MESSAGE_GENERATION_READ', 'SCOPE_DI_OAUTH_2_CLIENT_REVOCATION_ADMIN', 'SCOPE_CONNECT_WEB_TEMPLATE_RENDER', 'SCOPE_OMT_SUBSCRIPTION_ADMIN_READ', 'SCOPE_CONNECT_NON_SOCIAL_SHARED_READ', 'SCOPE_CONNECT_READ', 'SCOPE_DI_OAUTH_2_TOKEN_ADMIN', 'ROLE_CONNECTUSER', 'ROLE_FITNESS_USER', 'ROLE_WELLNESS_USER']","{'typeId': 4, 'typeKey': 'groups'}",False,False,149,1710450984000,1,2.0999999046325684,0.20000000298023224,152.4300048828125,60.0,3461278113,94.4000015258789,112.19999694824219,187.0,{'summarizedDiveGases': []},0.5999984741210938,GARMIN,Concord,1,43.24023300781846,-71.52581132948399,78.0,TEMPO,31.5792236328125,284.72900390625,MAINTAINING_TEMPO_21,NO_ANAEROBIC_BENEFIT_0,"[{'noOfSplits': 1, 'totalAscent': 6.0, 'duration': 284.72900390625, 'splitType': 'INTERVAL_ACTIVE', 'numClimbSends': 0, 'maxElevationGain': 6.0, 'averageElevationGain': 6.0, 'maxDistance': 1250, 'distance': 1250.949951171875, 'averageSpeed': 4.39300012588501, 'maxSpeed': 5.328000068664551, 'numFalls': 0, 'elevationLoss': 17.0}, {'noOfSplits': 1, 'totalAscent': 0.0, 'duration': 4.0, 'splitType': 'RWD_WALK', 'numClimbSends': 0, 'maxElevationGain': 0.0, 'averageElevationGain': 0.0, 'maxDistance': 10, 'distance': 10.289999961853027, 'averageSpeed': 2.572999954223633, 'maxSpeed': 1.7359999418258667, 'numFalls': 0, 'elevationLoss': 0.0}, {'noOfSplits': 1, 'totalAscent': 6.0, 'duration': 284.7099914550781, 'splitType': 'RWD_RUN', 'numClimbSends': 0, 'maxElevationGain': 6.0, 'averageElevationGain': 6.0, 'maxDistance': 1240, 'distance': 1240.6600341796875, 'averageSpeed': 4.357999801635742, 'maxSpeed': 5.328000068664551, 'numFalls': 0, 'elevationLoss': 17.0}]",True,0,2,-1.0,False,,,,,,False,False,False,False,False,False,False,False,False,448.0,733.0,452.0,10.450000000000001,229.5,6.869999885559082,4.294000148773193,,,,,,,,,,,,,,,
14410827937,Concord - Base,2024-03-14 16:16:49,2024-03-14 20:16:49,"{'typeId': 1, 'typeKey': 'running', 'parentTypeId': 17, 'isHidden': False, 'trimmable': True, 'restricted': False}","{'typeId': 9, 'typeKey': 'uncategorized', 'sortOrder': 10}",9957.1796875,2851.610107421875,2925.138916015625,2847.416015625,115.0,108.0,3.492000102996826,4.580999851226807,43.26114728115499,-71.5208266954869,True,False,118790142,ae52ea07-2874-4bde-8648-ac48be0f708d,Riley King,https://s3.amazonaws.com/garmin-connect-prod/profile_images/249fcc8d-9898-4d4a-abf5-ba07581a6fcd-prth.png,https://s3.amazonaws.com/garmin-connect-prod/profile_images/249fcc8d-9898-4d4a-abf5-ba07581a6fcd-prfr.png,https://s3.amazonaws.com/garmin-connect-prod/profile_images/249fcc8d-9898-4d4a-abf5-ba07581a6fcd-prof.png,724.0,72.0,155.0,175.0,162.328125,179.0,7774.0,"['SCOPE_GOLF_API_READ', 'SCOPE_ATP_READ', 'SCOPE_DIVE_API_WRITE', 'SCOPE_COMMUNITY_COURSE_ADMIN_READ', 'SCOPE_DIVE_API_READ', 'SCOPE_DI_OAUTH_2_CLIENT_READ', 'SCOPE_CONNECT_WRITE', 'SCOPE_COMMUNITY_COURSE_WRITE', 'SCOPE_MESSAGE_GENERATION_READ', 'SCOPE_DI_OAUTH_2_CLIENT_REVOCATION_ADMIN', 'SCOPE_CONNECT_WEB_TEMPLATE_RENDER', 'SCOPE_OMT_SUBSCRIPTION_ADMIN_READ', 'SCOPE_CONNECT_NON_SOCIAL_SHARED_READ', 'SCOPE_CONNECT_READ', 'SCOPE_DI_OAUTH_2_TOKEN_ADMIN', 'ROLE_CONNECTUSER', 'ROLE_FITNESS_USER', 'ROLE_WELLNESS_USER']","{'typeId': 4, 'typeKey': 'groups'}",False,False,149,1710447409000,1,3.9000000953674316,0.0,128.1,60.0,3461278113,94.19999694824219,163.0,179.0,{'summarizedDiveGases': []},1.0,GARMIN,Concord,7,43.22989694774151,-71.50638417340815,771.0,TEMPO,145.38023376464844,219.01400756835938,IMPACTING_TEMPO_22,NO_ANAEROBIC_BENEFIT_0,"[{'noOfSplits': 2, 'totalAscent': 0.0, 'duration': 6.395999908447266, 'splitType': 'RWD_STAND', 'numClimbSends': 0, 'maxElevationGain': 0.0, 'averageElevationGain': 0.0, 'maxDistance': 7, 'distance': 13.449999809265137, 'averageSpeed': 2.1029999256134033, 'maxSpeed': 2.062000036239624, 'numFalls': 0, 'elevationLoss': 0.0}, {'noOfSplits': 3, 'totalAscent': 115.0, 'duration': 2696.5869140625, 'splitType': 'RWD_RUN', 'numClimbSends': 0, 'maxElevationGain': 62.0, 'averageElevationGain': 38.0, 'maxDistance': 4932, 'distance': 9668.5595703125, 'averageSpeed': 3.5850000381469727, 'maxSpeed': 4.580999851226807, 'numFalls': 0, 'elevationLoss': 106.0}, {'noOfSplits': 1, 'totalAscent': 115.0, 'duration': 2851.610107421875, 'splitType': 'INTERVAL_ACTIVE', 'numClimbSends': 0, 'maxElevationGain': 115.0, 'averageElevationGain': 115.0, 'maxDistance': 9957, 'distance': 9957.1796875, 'averageSpeed': 3.492000102996826, 'maxSpeed': 4.580999851226807, 'numFalls': 0, 'elevationLoss': 108.0}, {'noOfSplits': 3, 'totalAscent': 0.0, 'duration': 152.61000061035156, 'splitType': 'RWD_WALK', 'numClimbSends': 0, 'maxElevationGain': 0.0, 'averageElevationGain': 0.0, 'maxDistance': 265, 'distance': 275.1700134277344, 'averageSpeed': 1.8029999732971191, 'maxSpeed': 2.1089999675750732, 'numFalls': 0, 'elevationLoss': 2.0}]",True,1,47,-13.0,False,,,,,,False,False,False,False,False,False,False,False,False,380.0,701.0,399.0,9.850000000000001,257.29998779296875,7.710000038146973,3.539000034332276,,,,,,,,,,,,,,,
14380621961,Treadmill Running,2024-03-12 20:36:45,2024-03-13 00:36:45,"{'typeId': 18, 'typeKey': 'treadmill_running', 'parentTypeId': 1, 'isHidden': False, 'trimmable': True, 'restricted': False}","{'typeId': 9, 'typeKey': 'uncategorized', 'sortOrder': 10}",4387.91015625,1072.3399658203125,1072.3399658203125,1044.0,,,4.0920000076293945,5.374000072479248,,,False,False,118790142,ae52ea07-2874-4bde-8648-ac48be0f708d,Riley King,https://s3.amazonaws.com/garmin-connect-prod/profile_images/249fcc8d-9898-4d4a-abf5-ba07581a6fcd-prth.png,https://s3.amazonaws.com/garmin-connect-prod/profile_images/249fcc8d-9898-4d4a-abf5-ba07581a6fcd-prfr.png,https://s3.amazonaws.com/garmin-connect-prod/profile_images/249fcc8d-9898-4d4a-abf5-ba07581a6fcd-prof.png,272.0,27.0,153.0,176.0,159.046875,175.0,2702.0,"['SCOPE_GOLF_API_READ', 'SCOPE_ATP_READ', 'SCOPE_DIVE_API_WRITE', 'SCOPE_COMMUNITY_COURSE_ADMIN_READ', 'SCOPE_DIVE_API_READ', 'SCOPE_DI_OAUTH_2_CLIENT_READ', 'SCOPE_CONNECT_WRITE', 'SCOPE_COMMUNITY_COURSE_WRITE', 'SCOPE_MESSAGE_GENERATION_READ', 'SCOPE_DI_OAUTH_2_CLIENT_REVOCATION_ADMIN', 'SCOPE_CONNECT_WEB_TEMPLATE_RENDER', 'SCOPE_OMT_SUBSCRIPTION_ADMIN_READ', 'SCOPE_CONNECT_NON_SOCIAL_SHARED_READ', 'SCOPE_CONNECT_READ', 'SCOPE_DI_OAUTH_2_TOKEN_ADMIN', 'ROLE_CONNECTUSER', 'ROLE_FITNESS_USER', 'ROLE_WELLNESS_USER']","{'typeId': 4, 'typeKey': 'groups'}",False,False,149,1710290205000,1,3.0,0.10000000149011612,155.7800048828125,,3461278113,,,175.0,{'summarizedDiveGases': []},,GARMIN,,3,,,290.0,TEMPO,68.00048828125,285.0979919433594,IMPACTING_TEMPO_22,NO_ANAEROBIC_BENEFIT_0,"[{'noOfSplits': 1, 'duration': 1072.3399658203125, 'splitType': 'INTERVAL_ACTIVE', 'numClimbSends': 0, 'maxDistance': 4387, 'distance': 4387.91015625, 'averageSpeed': 4.0920000076293945, 'maxSpeed': 5.374000072479248, 'numFalls': 0}, {'noOfSplits': 3, 'duration': 28.23699951171875, 'splitType': 'RWD_WALK', 'numClimbSends': 0, 'maxDistance': 10, 'distance': 12.460000038146973, 'averageSpeed': 0.4410000145435333, 'maxSpeed': 1.930999994277954, 'numFalls': 0}, {'noOfSplits': 1, 'duration': 1035.0, 'splitType': 'RWD_RUN', 'numClimbSends': 0, 'maxDistance': 4374, 'distance': 4374.5400390625, 'averageSpeed': 4.2270002365112305, 'maxSpeed': 5.374000072479248, 'numFalls': 0}, {'noOfSplits': 3, 'duration': 16.0, 'splitType': 'RWD_STAND', 'numClimbSends': 0, 'maxDistance': 0, 'distance': 0.9100000262260437, 'averageSpeed': 0.05700000002980232, 'maxSpeed': 0.6899999976158142, 'numFalls': 0}]",True,1,14,-4.0,False,,,,,,False,False,False,False,False,False,False,False,False,429.0,552.0,444.0,11.069999694824219,243.8000030517578,7.150000095367432,,,,,,,,,,,,,,,,
14374129049,Concord Walking,2024-03-12 12:12:05,2024-03-12 16:12:05,"{'typeId': 9, 'typeKey': 'walking', 'parentTypeId': 17, 'isHidden': False, 'trimmable': True, 'restricted': False}","{'typeId': 9, 'typeKey': 'uncategorized', 'sortOrder': 10}",6159.25,3590.56396484375,3590.56396484375,3445.0,90.0,79.0,1.715000033378601,2.369999885559082,43.26087989844382,-71.52102626860142,True,False,118790142,ae52ea07-2874-4bde-8648-ac48be0f708d,Riley King,https://s3.amazonaws.com/garmin-connect-prod/profile_images/249fcc8d-9898-4d4a-abf5-ba07581a6fcd-prth.png,https://s3.amazonaws.com/garmin-connect-prod/profile_images/249fcc8d-9898-4d4a-abf5-ba07581a6fcd-prfr.png,https://s3.amazonaws.com/garmin-connect-prod/profile_images/249fcc8d-9898-4d4a-abf5-ba07581a6fcd-prof.png,403.0,90.0,90.0,108.0,113.4375,231.0,6928.0,"['SCOPE_GOLF_API_READ', 'SCOPE_ATP_READ', 'SCOPE_DIVE_API_WRITE', 'SCOPE_COMMUNITY_COURSE_ADMIN_READ', 'SCOPE_DIVE_API_READ', 'SCOPE_DI_OAUTH_2_CLIENT_READ', 'SCOPE_CONNECT_WRITE', 'SCOPE_COMMUNITY_COURSE_WRITE', 'SCOPE_MESSAGE_GENERATION_READ', 'SCOPE_DI_OAUTH_2_CLIENT_REVOCATION_ADMIN', 'SCOPE_CONNECT_WEB_TEMPLATE_RENDER', 'SCOPE_OMT_SUBSCRIPTION_ADMIN_READ', 'SCOPE_CONNECT_NON_SOCIAL_SHARED_READ', 'SCOPE_CONNECT_READ', 'SCOPE_DI_OAUTH_2_TOKEN_ADMIN', 'ROLE_CONNECTUSER', 'ROLE_FITNESS_USER', 'ROLE_WELLNESS_USER']","{'typeId': 4, 'typeKey': 'groups'}",False,False,149,1710259925000,11,1.2000000476837158,0.0,90.67421156131593,60.0,3461278113,96.4000015258789,129.39999389648438,231.0,{'summarizedDiveGases': []},0.6000010172526041,GARMIN,Concord,4,43.26161189004779,-71.52119834907353,362.0,RECOVERY,12.814132690429688,711.3419799804688,RECOVERY_5,NO_ANAEROBIC_BENEFIT_0,"[{'totalAscent': 90.0, 'duration': 3590.5640258789062, 'splitType': 'INTERVAL_ACTIVE', 'numClimbSends': 0, 'maxElevationGain': 90.0, 'averageElevationGain': 90.0, 'maxDistance': 6159, 'distance': 6159.2498779296875, 'averageSpeed': 1.7153989828720608, 'maxSpeed': 2.369999885559082, 'numFalls': 0, 'elevationLoss': 80.0}]",False,51,0,-7.0,False,,,,,,False,False,False,False,False,False,False,False,False,,,,,,,,,,,,,,,,,,,,,,
14363162224,Concord Walking,2024-03-11 17:35:54,2024-03-11 21:35:54,"{'typeId': 9, 'typeKey': 'walking', 'parentTypeId': 17, 'isHidden': False, 'trimmable': True, 'restricted': False}","{'typeId': 9, 'typeKey': 'uncategorized', 'sortOrder': 10}",5404.25,3475.8701171875,3475.8701171875,3396.7379760742188,70.0,71.0,1.5549999475479126,2.444999933242798,43.261334113776684,-71.5208869613707,True,False,118790142,ae52ea07-2874-4bde-8648-ac48be0f708d,Riley King,https://s3.amazonaws.com/garmin-connect-prod/profile_images/249fcc8d-9898-4d4a-abf5-ba07581a6fcd-prth.png,https://s3.amazonaws.com/garmin-connect-prod/profile_images/249fcc8d-9898-4d4a-abf5-ba07581a6fcd-prfr.png,https://s3.amazonaws.com/garmin-connect-prod/profile_images/249fcc8d-9898-4d4a-abf5-ba07581a6fcd-prof.png,344.0,88.0,101.0,124.0,109.890625,245.0,6526.0,"['SCOPE_GOLF_API_READ', 'SCOPE_ATP_READ', 'SCOPE_DIVE_API_WRITE', 'SCOPE_COMMUNITY_COURSE_ADMIN_READ', 'SCOPE_DIVE_API_READ', 'SCOPE_DI_OAUTH_2_CLIENT_READ', 'SCOPE_CONNECT_WRITE', 'SCOPE_COMMUNITY_COURSE_WRITE', 'SCOPE_MESSAGE_GENERATION_READ', 'SCOPE_DI_OAUTH_2_CLIENT_REVOCATION_ADMIN', 'SCOPE_CONNECT_WEB_TEMPLATE_RENDER', 'SCOPE_OMT_SUBSCRIPTION_ADMIN_READ', 'SCOPE_CONNECT_NON_SOCIAL_SHARED_READ', 'SCOPE_CONNECT_READ', 'SCOPE_DI_OAUTH_2_TOKEN_ADMIN', 'ROLE_CONNECTUSER', 'ROLE_FITNESS_USER', 'ROLE_WELLNESS_USER']","{'typeId': 4, 'typeKey': 'groups'}",False,False,149,1710192954000,11,0.8999999761581421,0.0,84.87956715487542,60.0,3461278113,99.19999694824219,119.80000305175781,245.0,{'summarizedDiveGases': []},1.5999984741210938,GARMIN,Concord,4,43.261437211185694,-71.52097782120109,420.0,RECOVERY,11.034759521484375,377.8169860839844,RECOVERY_5,NO_ANAEROBIC_BENEFIT_0,"[{'totalAscent': 70.0, 'duration': 3475.8700256347656, 'splitType': 'INTERVAL_ACTIVE', 'numClimbSends': 0, 'maxElevationGain': 70.0, 'averageElevationGain': 70.0, 'maxDistance': 5404, 'distance': 5404.2498779296875, 'averageSpeed': 1.5547905526020813, 'maxSpeed': 2.444999933242798, 'numFalls': 0, 'elevationLoss': 71.0}]",False,53,0,-4.0,False,,,,,,False,False,False,False,False,False,False,False,False,,,,,,,,,,,,,,,,,,,,,,
14359108927,Concord - Base,2024-03-11 13:05:23,2024-03-11 17:05:23,"{'typeId': 1, 'typeKey': 'running', 'parentTypeId': 17, 'isHidden': False, 'trimmable': True, 'restricted': False}","{'typeId': 9, 'typeKey': 'uncategorized', 'sortOrder': 10}",8521.099609375,2445.969970703125,2445.969970703125,2444.43798828125,94.0,95.0,3.4839999675750732,4.861000061035156,43.261194387450814,-71.52089660055935,True,False,118790142,ae52ea07-2874-4bde-8648-ac48be0f708d,Riley King,https://s3.amazonaws.com/garmin-connect-prod/profile_images/249fcc8d-9898-4d4a-abf5-ba07581a6fcd-prth.png,https://s3.amazonaws.com/garmin-connect-prod/profile_images/249fcc8d-9898-4d4a-abf5-ba07581a6fcd-prfr.png,https://s3.amazonaws.com/garmin-connect-prod/profile_images/249fcc8d-9898-4d4a-abf5-ba07581a6fcd-prof.png,613.0,62.0,149.0,180.0,169.109375,176.0,6888.0,"['SCOPE_GOLF_API_READ', 'SCOPE_ATP_READ', 'SCOPE_DIVE_API_WRITE', 'SCOPE_COMMUNITY_COURSE_ADMIN_READ', 'SCOPE_DIVE_API_READ', 'SCOPE_DI_OAUTH_2_CLIENT_READ', 'SCOPE_CONNECT_WRITE', 'SCOPE_COMMUNITY_COURSE_WRITE', 'SCOPE_MESSAGE_GENERATION_READ', 'SCOPE_DI_OAUTH_2_CLIENT_REVOCATION_ADMIN', 'SCOPE_CONNECT_WEB_TEMPLATE_RENDER', 'SCOPE_OMT_SUBSCRIPTION_ADMIN_READ', 'SCOPE_CONNECT_NON_SOCIAL_SHARED_READ', 'SCOPE_CONNECT_READ', 'SCOPE_DI_OAUTH_2_TOKEN_ADMIN', 'ROLE_CONNECTUSER', 'ROLE_FITNESS_USER', 'ROLE_WELLNESS_USER']","{'typeId': 4, 'typeKey': 'groups'}",False,False,149,1710176723000,1,3.5,0.20000000298023224,123.95,60.0,3461278113,95.0,119.80000305175781,176.0,{'summarizedDiveGases': []},2.0,GARMIN,Concord,6,43.261255659163,-71.52071161195636,679.0,TEMPO,114.86250305175781,162.79600524902344,IMPROVING_AEROBIC_FITNESS_2,NO_ANAEROBIC_BENEFIT_0,"[{'noOfSplits': 1, 'totalAscent': 94.0, 'duration': 2445.969970703125, 'splitType': 'INTERVAL_ACTIVE', 'numClimbSends': 0, 'maxElevationGain': 94.0, 'averageElevationGain': 94.0, 'maxDistance': 8521, 'distance': 8521.099609375, 'averageSpeed': 3.4839999675750732, 'maxSpeed': 4.861000061035156, 'numFalls': 0, 'elevationLoss': 95.0}, {'noOfSplits': 2, 'totalAscent': 94.0, 'duration': 2444.843994140625, 'splitType': 'RWD_RUN', 'numClimbSends': 0, 'maxElevationGain': 94.0, 'averageElevationGain': 47.0, 'maxDistance': 8503, 'distance': 8521.099609375, 'averageSpeed': 3.484999895095825, 'maxSpeed': 4.861000061035156, 'numFalls': 0, 'elevationLoss': 95.0}, {'noOfSplits': 1, 'totalAscent': 0.0, 'duration': 8.0, 'splitType': 'RWD_WALK', 'numClimbSends': 0, 'maxElevationGain': 0.0, 'averageElevationGain': 0.0, 'maxDistance': 0, 'distance': 0.0, 'averageSpeed': 0.0, 'maxSpeed': 2.2209999561309814, 'numFalls': 0, 'elevationLoss': 0.0}]",True,0,38,-12.0,False,,,,,,False,False,False,False,False,False,False,False,False,397.0,709.0,416.0,9.600000000000001,253.1999969482422,7.769999980926514,3.523999929428101,,,,,,,,,,,,,,,
14346198384,Concord Walking,2024-03-10 13:46:53,2024-03-10 17:46:53,"{'typeId': 9, 'typeKey': 'walking', 'parentTypeId': 17, 'isHidden': False, 'trimmable': True, 'restricted': False}","{'typeId': 9, 'typeKey': 'uncategorized', 'sortOrder': 10}",2862.919921875,2029.178955078125,2029.178955078125,2014.5240478515625,107.0,110.0,1.4110000133514404,2.7809998989105225,43.26177257113159,-71.51955222710967,True,False,118790142,ae52ea07-2874-4bde-8648-ac48be0f708d,Riley King,https://s3.amazonaws.com/garmin-connect-prod/profile_images/249fcc8d-9898-4d4a-abf5-ba07581a6fcd-prth.png,https://s3.amazonaws.com/garmin-connect-prod/profile_images/249fcc8d-9898-4d4a-abf5-ba07581a6fcd-prfr.png,https://s3.amazonaws.com/garmin-connect-prod/profile_images/249fcc8d-9898-4d4a-abf5-ba07581a6fcd-prof.png,209.0,51.0,105.0,133.0,105.625,244.0,3766.0,"['SCOPE_GOLF_API_READ', 'SCOPE_ATP_READ', 'SCOPE_DIVE_API_WRITE', 'SCOPE_COMMUNITY_COURSE_ADMIN_READ', 'SCOPE_DIVE_API_READ', 'SCOPE_DI_OAUTH_2_CLIENT_READ', 'SCOPE_CONNECT_WRITE', 'SCOPE_COMMUNITY_COURSE_WRITE', 'SCOPE_MESSAGE_GENERATION_READ', 'SCOPE_DI_OAUTH_2_CLIENT_REVOCATION_ADMIN', 'SCOPE_CONNECT_WEB_TEMPLATE_RENDER', 'SCOPE_OMT_SUBSCRIPTION_ADMIN_READ', 'SCOPE_CONNECT_NON_SOCIAL_SHARED_READ', 'SCOPE_CONNECT_READ', 'SCOPE_DI_OAUTH_2_TOKEN_ADMIN', 'ROLE_CONNECTUSER', 'ROLE_FITNESS_USER', 'ROLE_WELLNESS_USER']","{'typeId': 4, 'typeKey': 'groups'}",False,False,149,1710092813000,11,0.699999988079071,0.0,80.15938918569415,60.0,3461278113,114.80000305175781,200.39999389648438,244.0,{'summarizedDiveGases': []},0.4000091552734375,GARMIN,Concord,2,43.26170979067683,-71.52114219032228,250.0,RECOVERY,7.6898193359375,867.655029296875,RECOVERY_5,NO_ANAEROBIC_BENEFIT_0,"[{'totalAscent': 107.0, 'duration': 2029.1790771484375, 'splitType': 'INTERVAL_ACTIVE', 'numClimbSends': 0, 'maxElevationGain': 107.0, 'averageElevationGain': 107.0, 'maxDistance': 2862, 'distance': 2862.919921875, 'averageSpeed': 1.4108759321026516, 'maxSpeed': 2.7809998989105225, 'numFalls': 0, 'elevationLoss': 110.0}]",False,25,1,-5.0,False,,,,,,False,False,False,False,False,False,False,False,False,,,,,,,,,,,,,,,,,,,,,,
14328262634,Concord - Base,2024-03-09 09:56:54,2024-03-09 14:56:54,"{'typeId': 1, 'typeKey': 'running', 'parentTypeId': 17, 'isHidden': False, 'trimmable': True, 'restricted': False}","{'typeId': 9, 'typeKey': 'uncategorized', 'sortOrder': 10}",14237.91015625,5502.13916015625,5506.248046875,5498.283996582031,111.0,101.0,2.5880000591278076,3.638999938964844,43.261177875101566,-71.52089199051261,True,False,118790142,ae52ea07-2874-4bde-8648-ac48be0f708d,Riley King,https://s3.amazonaws.com/garmin-connect-prod/profile_images/249fcc8d-9898-4d4a-abf5-ba07581a6fcd-prth.png,https://s3.amazonaws.com/garmin-connect-prod/profile_images/249fcc8d-9898-4d4a-abf5-ba07581a6fcd-prfr.png,https://s3.amazonaws.com/garmin-connect-prod/profile_images/249fcc8d-9898-4d4a-abf5-ba07581a6fcd-prof.png,968.0,139.0,121.0,159.0,148.296875,244.0,13564.0,"['SCOPE_GOLF_API_READ', 'SCOPE_ATP_READ', 'SCOPE_DIVE_API_WRITE', 'SCOPE_COMMUNITY_COURSE_ADMIN_READ', 'SCOPE_DIVE_API_READ', 'SCOPE_DI_OAUTH_2_CLIENT_READ', 'SCOPE_CONNECT_WRITE', 'SCOPE_COMMUNITY_COURSE_WRITE', 'SCOPE_MESSAGE_GENERATION_READ', 'SCOPE_DI_OAUTH_2_CLIENT_REVOCATION_ADMIN', 'SCOPE_CONNECT_WEB_TEMPLATE_RENDER', 'SCOPE_OMT_SUBSCRIPTION_ADMIN_READ', 'SCOPE_CONNECT_NON_SOCIAL_SHARED_READ', 'SCOPE_CONNECT_READ', 'SCOPE_DI_OAUTH_2_TOKEN_ADMIN', 'ROLE_CONNECTUSER', 'ROLE_FITNESS_USER', 'ROLE_WELLNESS_USER']","{'typeId': 4, 'typeKey': 'groups'}",False,False,149,1709996214000,1,3.0999999046325684,0.0,102.55999755859375,60.0,3461278113,76.4000015258789,124.19999694824219,244.0,{'summarizedDiveGases': []},0.5999984741210938,GARMIN,Concord,10,43.26173451729119,-71.52115224860609,1252.0,AEROBIC_BASE,74.99018859863281,23.07200050354004,IMPROVING_AEROBIC_BASE_8,NO_ANAEROBIC_BENEFIT_0,"[{'noOfSplits': 1, 'totalAscent': 111.0, 'duration': 5502.13916015625, 'splitType': 'INTERVAL_ACTIVE', 'numClimbSends': 0, 'maxElevationGain': 111.0, 'averageElevationGain': 111.0, 'maxDistance': 14237, 'distance': 14237.900390625, 'averageSpeed': 2.5880000591278076, 'maxSpeed': 3.6389999389648438, 'numFalls': 0, 'elevationLoss': 101.0}, {'noOfSplits': 3, 'totalAscent': 57.0, 'duration': 2378.0009765625, 'splitType': 'RWD_WALK', 'numClimbSends': 0, 'maxElevationGain': 53.0, 'averageElevationGain': 19.0, 'maxDistance': 4081, 'distance': 4181.580078125, 'averageSpeed': 1.7580000162124634, 'maxSpeed': 2.1740000247955322, 'numFalls': 0, 'elevationLoss': 22.0}, {'noOfSplits': 3, 'totalAscent': 54.0, 'duration': 3130.1220703125, 'splitType': 'RWD_RUN', 'numClimbSends': 0, 'maxElevationGain': 33.0, 'averageElevationGain': 18.0, 'maxDistance': 8351, 'distance': 10056.330078125, 'averageSpeed': 3.2130000591278076, 'maxSpeed': 3.6389999389648438, 'numFalls': 0, 'elevationLoss': 79.0}]",True,37,51,-20.0,False,,,,,,False,False,False,False,False,False,False,False,False,274.0,563.0,319.0,8.15,309.20001220703125,7.920000076293945,2.614000082015991,,,,,,,,,,,,,,,
14286628990,Base,2024-03-06 16:04:41,2024-03-06 21:04:41,"{'typeId': 18, 'typeKey': 'treadmill_running', 'parentTypeId': 1, 'isHidden': False, 'trimmable': True, 'restricted': False}","{'typeId': 9, 'typeKey': 'uncategorized', 'sortOrder': 10}",8386.6298828125,2599.157958984375,2599.157958984375,2572.2450256347656,,,3.2269999980926514,4.375999927520752,,,False,False,118790142,ae52ea07-2874-4bde-8648-ac48be0f708d,Riley King,https://s3.amazonaws.com/garmin-connect-prod/profile_images/249fcc8d-9898-4d4a-abf5-ba07581a6fcd-prth.png,https://s3.amazonaws.com/garmin-connect-prod/profile_images/249fcc8d-9898-4d4a-abf5-ba07581a6fcd-prfr.png,https://s3.amazonaws.com/garmin-connect-prod/profile_images/249fcc8d-9898-4d4a-abf5-ba07581a6fcd-prof.png,477.0,66.0,131.0,166.0,161.484375,197.0,6970.0,"['SCOPE_GOLF_API_READ', 'SCOPE_ATP_READ', 'SCOPE_DIVE_API_WRITE', 'SCOPE_COMMUNITY_COURSE_ADMIN_READ', 'SCOPE_DIVE_API_READ', 'SCOPE_DI_OAUTH_2_CLIENT_READ', 'SCOPE_CONNECT_WRITE', 'SCOPE_COMMUNITY_COURSE_WRITE', 'SCOPE_MESSAGE_GENERATION_READ', 'SCOPE_DI_OAUTH_2_CLIENT_REVOCATION_ADMIN', 'SCOPE_CONNECT_WEB_TEMPLATE_RENDER', 'SCOPE_OMT_SUBSCRIPTION_ADMIN_READ', 'SCOPE_CONNECT_NON_SOCIAL_SHARED_READ', 'SCOPE_CONNECT_READ', 'SCOPE_DI_OAUTH_2_TOKEN_ADMIN', 'ROLE_CONNECTUSER', 'ROLE_FITNESS_USER', 'ROLE_WELLNESS_USER']","{'typeId': 4, 'typeKey': 'groups'}",False,False,149,1709759081000,1,2.0999999046325684,0.20000000298023224,120.98000488281251,,3461278113,,,197.0,{'summarizedDiveGases': []},,GARMIN,,6,,,710.0,AEROBIC_BASE,33.956085205078125,199.1580047607422,MAINTAINING_AEROBIC_BASE_7,NO_ANAEROBIC_BENEFIT_0,"[{'noOfSplits': 1, 'duration': 2599.157958984375, 'splitType': 'INTERVAL_ACTIVE', 'numClimbSends': 0, 'maxDistance': 8386, 'distance': 8386.6298828125, 'averageSpeed': 3.2269999980926514, 'maxSpeed': 4.375999927520752, 'numFalls': 0}, {'noOfSplits': 3, 'duration': 7.000999927520752, 'splitType': 'RWD_STAND', 'numClimbSends': 0, 'maxDistance': 0, 'distance': 0.0, 'averageSpeed': 0.0, 'maxSpeed': 0.0, 'numFalls': 0}, {'noOfSplits': 2, 'duration': 33.138999938964844, 'splitType': 'RWD_WALK', 'numClimbSends': 0, 'maxDistance': 32, 'distance': 40.720001220703125, 'averageSpeed': 1.2289999723434448, 'maxSpeed': 1.875, 'numFalls': 0}, {'noOfSplits': 3, 'duration': 2561.0, 'splitType': 'RWD_RUN', 'numClimbSends': 0, 'maxDistance': 8318, 'distance': 8345.91015625, 'averageSpeed': 3.259000062942505, 'maxSpeed': 4.375999927520752, 'numFalls': 0}]",True,0,41,-7.0,False,,,,,,False,False,False,False,False,False,False,False,False,346.0,488.0,355.0,9.84000015258789,268.0,8.199999809265137,,,,,,,,,,,,,,,,
14270582444,Treadmill Running,2024-03-05 16:30:04,2024-03-05 21:30:04,"{'typeId': 18, 'typeKey': 'treadmill_running', 'parentTypeId': 1, 'isHidden': False, 'trimmable': True, 'restricted': False}","{'typeId': 9, 'typeKey': 'uncategorized', 'sortOrder': 10}",1674.9300537109375,410.947998046875,410.947998046875,389.0,,,4.076000213623047,5.710000038146973,,,False,False,118790142,ae52ea07-2874-4bde-8648-ac48be0f708d,Riley King,https://s3.amazonaws.com/garmin-connect-prod/profile_images/249fcc8d-9898-4d4a-abf5-ba07581a6fcd-prth.png,https://s3.amazonaws.com/garmin-connect-prod/profile_images/249fcc8d-9898-4d4a-abf5-ba07581a6fcd-prfr.png,https://s3.amazonaws.com/garmin-connect-prod/profile_images/249fcc8d-9898-4d4a-abf5-ba07581a6fcd-prof.png,99.0,10.0,147.0,167.0,161.296875,250.0,1054.0,"['SCOPE_GOLF_API_READ', 'SCOPE_ATP_READ', 'SCOPE_DIVE_API_WRITE', 'SCOPE_COMMUNITY_COURSE_ADMIN_READ', 'SCOPE_DIVE_API_READ', 'SCOPE_DI_OAUTH_2_CLIENT_READ', 'SCOPE_CONNECT_WRITE', 'SCOPE_COMMUNITY_COURSE_WRITE', 'SCOPE_MESSAGE_GENERATION_READ', 'SCOPE_DI_OAUTH_2_CLIENT_REVOCATION_ADMIN', 'SCOPE_CONNECT_WEB_TEMPLATE_RENDER', 'SCOPE_OMT_SUBSCRIPTION_ADMIN_READ', 'SCOPE_CONNECT_NON_SOCIAL_SHARED_READ', 'SCOPE_CONNECT_READ', 'SCOPE_DI_OAUTH_2_TOKEN_ADMIN', 'ROLE_CONNECTUSER', 'ROLE_FITNESS_USER', 'ROLE_WELLNESS_USER']","{'typeId': 4, 'typeKey': 'groups'}",False,False,149,1709674204000,1,2.0,0.0,154.35000000000002,,3461278113,,,250.0,{'summarizedDiveGases': []},,GARMIN,,2,,,113.0,TEMPO,26.233413696289062,15.534000396728516,MAINTAINING_TEMPO_21,NO_ANAEROBIC_BENEFIT_0,"[{'noOfSplits': 1, 'duration': 410.947998046875, 'splitType': 'INTERVAL_ACTIVE', 'numClimbSends': 0, 'maxDistance': 1674, 'distance': 1674.9300537109375, 'averageSpeed': 4.076000213623047, 'maxSpeed': 5.710000038146973, 'numFalls': 0}, {'noOfSplits': 2, 'duration': 1.9980000257492065, 'splitType': 'RWD_STAND', 'numClimbSends': 0, 'maxDistance': 0, 'distance': 0.0, 'averageSpeed': 0.0, 'maxSpeed': 0.0, 'numFalls': 0}, {'noOfSplits': 1, 'duration': 389.8489990234375, 'splitType': 'RWD_RUN', 'numClimbSends': 0, 'maxDistance': 1673, 'distance': 1673.43994140625, 'averageSpeed': 4.293000221252441, 'maxSpeed': 5.710000038146973, 'numFalls': 0}, {'noOfSplits': 3, 'duration': 19.00200080871582, 'splitType': 'RWD_WALK', 'numClimbSends': 0, 'maxDistance': 1, 'distance': 1.4900000095367432, 'averageSpeed': 0.07900000363588333, 'maxSpeed': 0.9610000252723694, 'numFalls': 0}]",True,0,3,0.0,False,,,,,,False,False,False,False,False,False,False,False,False,421.0,560.0,450.0,10.5,237.0,6.949999809265137,,,,,,,,,,,,,,,,
14250386396,Bristol - Threshold,2024-03-04 10:38:14,2024-03-04 15:38:14,"{'typeId': 1, 'typeKey': 'running', 'parentTypeId': 17, 'isHidden': False, 'trimmable': True, 'restricted': False}","{'typeId': 9, 'typeKey': 'uncategorized', 'sortOrder': 10}",15758.76953125,5117.375,6153.619140625,5114.1340255737305,95.0,86.0,3.078999996185303,4.301000118255615,41.653689946979284,-71.26005948521197,True,False,118790142,ae52ea07-2874-4bde-8648-ac48be0f708d,Riley King,https://s3.amazonaws.com/garmin-connect-prod/profile_images/249fcc8d-9898-4d4a-abf5-ba07581a6fcd-prth.png,https://s3.amazonaws.com/garmin-connect-prod/profile_images/249fcc8d-9898-4d4a-abf5-ba07581a6fcd-prfr.png,https://s3.amazonaws.com/garmin-connect-prod/profile_images/249fcc8d-9898-4d4a-abf5-ba07581a6fcd-prof.png,1103.0,129.0,142.0,175.0,153.359375,239.0,13104.0,"['SCOPE_GOLF_API_READ', 'SCOPE_ATP_READ', 'SCOPE_DIVE_API_WRITE', 'SCOPE_COMMUNITY_COURSE_ADMIN_READ', 'SCOPE_DIVE_API_READ', 'SCOPE_DI_OAUTH_2_CLIENT_READ', 'SCOPE_CONNECT_WRITE', 'SCOPE_COMMUNITY_COURSE_WRITE', 'SCOPE_MESSAGE_GENERATION_READ', 'SCOPE_DI_OAUTH_2_CLIENT_REVOCATION_ADMIN', 'SCOPE_CONNECT_WEB_TEMPLATE_RENDER', 'SCOPE_OMT_SUBSCRIPTION_ADMIN_READ', 'SCOPE_CONNECT_NON_SOCIAL_SHARED_READ', 'SCOPE_CONNECT_READ', 'SCOPE_DI_OAUTH_2_TOKEN_ADMIN', 'ROLE_CONNECTUSER', 'ROLE_FITNESS_USER', 'ROLE_WELLNESS_USER']","{'typeId': 4, 'typeKey': 'groups'}",False,False,149,1709566694000,1,4.199999809265137,0.0,117.50999755859375,60.0,3461278113,6.599999904632568,44.20000076293945,239.0,{'summarizedDiveGases': []},0.8000001907348633,GARMIN,Bristol,13,41.65459921583533,-71.26114494167268,1222.0,LACTATE_THRESHOLD,173.63352966308594,83.98799896240234,HIGHLY_IMPROVING_LACTATE_THRESHOLD_13,NO_ANAEROBIC_BENEFIT_0,"[{'noOfSplits': 1, 'totalAscent': 3.0, 'duration': 600.0, 'splitType': 'INTERVAL_WARMUP', 'numClimbSends': 0, 'maxElevationGain': 3.0, 'averageElevationGain': 3.0, 'maxDistance': 2067, 'distance': 2067.97998046875, 'averageSpeed': 3.447000026702881, 'maxSpeed': 3.881999969482422, 'numFalls': 0, 'elevationLoss': 14.0}, {'noOfSplits': 2, 'totalAscent': 52.0, 'duration': 2040.0, 'splitType': 'INTERVAL_ACTIVE', 'numClimbSends': 0, 'maxElevationGain': 38.0, 'averageElevationGain': 26.0, 'maxDistance': 4048, 'distance': 8089.64013671875, 'averageSpeed': 3.9660000801086426, 'maxSpeed': 4.263999938964844, 'numFalls': 0, 'elevationLoss': 53.0}, {'noOfSplits': 1, 'totalAscent': 8.0, 'duration': 300.0, 'splitType': 'INTERVAL_RECOVERY', 'numClimbSends': 0, 'maxElevationGain': 8.0, 'averageElevationGain': 8.0, 'maxDistance': 921, 'distance': 921.9299926757812, 'averageSpeed': 3.072999954223633, 'maxSpeed': 4.301000118255615, 'numFalls': 0, 'elevationLoss': 1.0}, {'noOfSplits': 3, 'totalAscent': 71.0, 'duration': 3558.8369140625, 'splitType': 'RWD_RUN', 'numClimbSends': 0, 'maxElevationGain': 41.0, 'averageElevationGain': 24.0, 'maxDistance': 6383, 'distance': 12997.8203125, 'averageSpeed': 3.6519999504089355, 'maxSpeed': 4.301000118255615, 'numFalls': 0, 'elevationLoss': 72.0}, {'noOfSplits': 2, 'totalAscent': 24.0, 'duration': 1558.3900146484375, 'splitType': 'RWD_WALK', 'numClimbSends': 0, 'maxElevationGain': 24.0, 'averageElevationGain': 12.0, 'maxDistance': 2756, 'distance': 2760.949951171875, 'averageSpeed': 1.7719999551773071, 'maxSpeed': 2.0250000953674316, 'numFalls': 0, 'elevationLoss': 14.0}, {'noOfSplits': 1, 'totalAscent': 31.0, 'duration': 2177.282958984375, 'splitType': 'INTERVAL_COOLDOWN', 'numClimbSends': 0, 'maxElevationGain': 31.0, 'averageElevationGain': 31.0, 'maxDistance': 4680, 'distance': 4680.10009765625, 'averageSpeed': 2.1500000953674316, 'maxSpeed': 4.14300012588501, 'numFalls': 0, 'elevationLoss': 18.0}]",True,24,75,-19.0,False,,,,,,False,False,False,False,False,False,False,False,False,329.0,652.0,382.0,8.85,273.79998779296875,7.559999942779541,3.0980000495910645,,,,,,,,,,,,,,,
14215943627,Bristol Running,2024-03-02 08:13:06,2024-03-02 13:13:06,"{'typeId': 1, 'typeKey': 'running', 'parentTypeId': 17, 'isHidden': False, 'trimmable': True, 'restricted': False}","{'typeId': 9, 'typeKey': 'uncategorized', 'sortOrder': 10}",8128.52978515625,2432.907958984375,2433.843017578125,2430.8369750976562,63.0,59.0,3.3410000801086426,3.742000102996826,41.65445831604302,-71.261214511469,True,False,118790142,ae52ea07-2874-4bde-8648-ac48be0f708d,Riley King,https://s3.amazonaws.com/garmin-connect-prod/profile_images/249fcc8d-9898-4d4a-abf5-ba07581a6fcd-prth.png,https://s3.amazonaws.com/garmin-connect-prod/profile_images/249fcc8d-9898-4d4a-abf5-ba07581a6fcd-prfr.png,https://s3.amazonaws.com/garmin-connect-prod/profile_images/249fcc8d-9898-4d4a-abf5-ba07581a6fcd-prof.png,551.0,61.0,137.0,158.0,169.65625,174.0,6860.0,"['SCOPE_GOLF_API_READ', 'SCOPE_ATP_READ', 'SCOPE_DIVE_API_WRITE', 'SCOPE_COMMUNITY_COURSE_ADMIN_READ', 'SCOPE_DIVE_API_READ', 'SCOPE_DI_OAUTH_2_CLIENT_READ', 'SCOPE_CONNECT_WRITE', 'SCOPE_COMMUNITY_COURSE_WRITE', 'SCOPE_MESSAGE_GENERATION_READ', 'SCOPE_DI_OAUTH_2_CLIENT_REVOCATION_ADMIN', 'SCOPE_CONNECT_WEB_TEMPLATE_RENDER', 'SCOPE_OMT_SUBSCRIPTION_ADMIN_READ', 'SCOPE_CONNECT_NON_SOCIAL_SHARED_READ', 'SCOPE_CONNECT_READ', 'SCOPE_DI_OAUTH_2_TOKEN_ADMIN', 'ROLE_CONNECTUSER', 'ROLE_FITNESS_USER', 'ROLE_WELLNESS_USER']","{'typeId': 4, 'typeKey': 'groups'}",False,False,149,1709385186000,1,2.9000000953674316,0.0,118.19000244140625,59.0,3461278113,5.199999809265137,30.0,174.0,{'summarizedDiveGases': []},0.5999999046325684,GARMIN,Bristol,6,41.65439276956022,-71.26125114038587,675.0,AEROBIC_BASE,67.74772644042969,22.738000869750977,MAINTAINING_AEROBIC_BASE_7,NO_ANAEROBIC_BENEFIT_0,"[{'noOfSplits': 1, 'totalAscent': 63.0, 'duration': 2432.907958984375, 'splitType': 'INTERVAL_ACTIVE', 'numClimbSends': 0, 'maxElevationGain': 63.0, 'averageElevationGain': 63.0, 'maxDistance': 8128, 'distance': 8128.5400390625, 'averageSpeed': 3.3410000801086426, 'maxSpeed': 3.742000102996826, 'numFalls': 0, 'elevationLoss': 59.0}, {'noOfSplits': 1, 'totalAscent': 63.0, 'duration': 2432.77099609375, 'splitType': 'RWD_RUN', 'numClimbSends': 0, 'maxElevationGain': 63.0, 'averageElevationGain': 63.0, 'maxDistance': 8128, 'distance': 8128.5400390625, 'averageSpeed': 3.3410000801086426, 'maxSpeed': 3.742000102996826, 'numFalls': 0, 'elevationLoss': 59.0}]",True,1,38,-13.0,False,,,,,,False,False,False,False,False,False,False,False,False,372.0,531.0,378.0,9.380000305175782,256.79998779296875,7.949999809265137,3.3510000705718994,,,,,,,,,,,,,,,
14193297246,Treadmill Running,2024-02-29 16:42:30,2024-02-29 21:42:30,"{'typeId': 18, 'typeKey': 'treadmill_running', 'parentTypeId': 1, 'isHidden': False, 'trimmable': True, 'restricted': False}","{'typeId': 9, 'typeKey': 'uncategorized', 'sortOrder': 10}",1637.199951171875,499.97100830078125,499.97100830078125,490.0,,,3.2750000953674316,4.506999969482422,,,False,False,118790142,ae52ea07-2874-4bde-8648-ac48be0f708d,Riley King,https://s3.amazonaws.com/garmin-connect-prod/profile_images/249fcc8d-9898-4d4a-abf5-ba07581a6fcd-prth.png,https://s3.amazonaws.com/garmin-connect-prod/profile_images/249fcc8d-9898-4d4a-abf5-ba07581a6fcd-prfr.png,https://s3.amazonaws.com/garmin-connect-prod/profile_images/249fcc8d-9898-4d4a-abf5-ba07581a6fcd-prof.png,93.0,13.0,126.0,148.0,160.046875,175.0,1288.0,"['SCOPE_GOLF_API_READ', 'SCOPE_ATP_READ', 'SCOPE_DIVE_API_WRITE', 'SCOPE_COMMUNITY_COURSE_ADMIN_READ', 'SCOPE_DIVE_API_READ', 'SCOPE_DI_OAUTH_2_CLIENT_READ', 'SCOPE_CONNECT_WRITE', 'SCOPE_COMMUNITY_COURSE_WRITE', 'SCOPE_MESSAGE_GENERATION_READ', 'SCOPE_DI_OAUTH_2_CLIENT_REVOCATION_ADMIN', 'SCOPE_CONNECT_WEB_TEMPLATE_RENDER', 'SCOPE_OMT_SUBSCRIPTION_ADMIN_READ', 'SCOPE_CONNECT_NON_SOCIAL_SHARED_READ', 'SCOPE_CONNECT_READ', 'SCOPE_DI_OAUTH_2_TOKEN_ADMIN', 'ROLE_CONNECTUSER', 'ROLE_FITNESS_USER', 'ROLE_WELLNESS_USER']","{'typeId': 4, 'typeKey': 'groups'}",False,False,149,1709242950000,1,0.8999999761581421,0.0,123.9,,3461278113,,,175.0,{'summarizedDiveGases': []},,GARMIN,,2,,,138.0,RECOVERY,10.402679443359375,9.774999618530273,RECOVERY_5,NO_ANAEROBIC_BENEFIT_0,"[{'noOfSplits': 1, 'duration': 499.97100830078125, 'splitType': 'INTERVAL_ACTIVE', 'numClimbSends': 0, 'maxDistance': 1637, 'distance': 1637.199951171875, 'averageSpeed': 3.2750000953674316, 'maxSpeed': 4.506999969482422, 'numFalls': 0}, {'noOfSplits': 2, 'duration': 489.9460144042969, 'splitType': 'RWD_RUN', 'numClimbSends': 0, 'maxDistance': 1628, 'distance': 1628.7900390625, 'averageSpeed': 3.3239998817443848, 'maxSpeed': 4.506999969482422, 'numFalls': 0}, {'noOfSplits': 1, 'duration': 17.0, 'splitType': 'RWD_WALK', 'numClimbSends': 0, 'maxDistance': 8, 'distance': 8.40999984741211, 'averageSpeed': 0.4950000047683716, 'maxSpeed': 1.3339999914169312, 'numFalls': 0}]",True,0,5,-2.0,False,,,,,,False,False,False,False,False,False,False,False,False,351.0,472.0,369.0,9.9,265.3999938964844,8.109999656677246,,,,,,,,,,,,,,,,
14192984806,Treadmill Running,2024-02-29 16:09:40,2024-02-29 21:09:40,"{'typeId': 18, 'typeKey': 'treadmill_running', 'parentTypeId': 1, 'isHidden': False, 'trimmable': True, 'restricted': False}","{'typeId': 9, 'typeKey': 'uncategorized', 'sortOrder': 10}",1642.3199462890625,452.28900146484375,452.28900146484375,442.0,,,3.63100004196167,4.422999858856201,,,False,False,118790142,ae52ea07-2874-4bde-8648-ac48be0f708d,Riley King,https://s3.amazonaws.com/garmin-connect-prod/profile_images/249fcc8d-9898-4d4a-abf5-ba07581a6fcd-prth.png,https://s3.amazonaws.com/garmin-connect-prod/profile_images/249fcc8d-9898-4d4a-abf5-ba07581a6fcd-prfr.png,https://s3.amazonaws.com/garmin-connect-prod/profile_images/249fcc8d-9898-4d4a-abf5-ba07581a6fcd-prof.png,88.0,11.0,128.0,146.0,159.9375,174.0,1138.0,"['SCOPE_GOLF_API_READ', 'SCOPE_ATP_READ', 'SCOPE_DIVE_API_WRITE', 'SCOPE_COMMUNITY_COURSE_ADMIN_READ', 'SCOPE_DIVE_API_READ', 'SCOPE_DI_OAUTH_2_CLIENT_READ', 'SCOPE_CONNECT_WRITE', 'SCOPE_COMMUNITY_COURSE_WRITE', 'SCOPE_MESSAGE_GENERATION_READ', 'SCOPE_DI_OAUTH_2_CLIENT_REVOCATION_ADMIN', 'SCOPE_CONNECT_WEB_TEMPLATE_RENDER', 'SCOPE_OMT_SUBSCRIPTION_ADMIN_READ', 'SCOPE_CONNECT_NON_SOCIAL_SHARED_READ', 'SCOPE_CONNECT_READ', 'SCOPE_DI_OAUTH_2_TOKEN_ADMIN', 'ROLE_CONNECTUSER', 'ROLE_FITNESS_USER', 'ROLE_WELLNESS_USER']","{'typeId': 4, 'typeKey': 'groups'}",False,False,149,1709240980000,1,0.8999999761581421,0.0,137.70000000000002,,3461278113,,,174.0,{'summarizedDiveGases': []},,GARMIN,,2,,,125.0,RECOVERY,10.94537353515625,8.342000007629395,RECOVERY_5,NO_ANAEROBIC_BENEFIT_0,"[{'noOfSplits': 1, 'duration': 452.28900146484375, 'splitType': 'INTERVAL_ACTIVE', 'numClimbSends': 0, 'maxDistance': 1642, 'distance': 1642.3199462890625, 'averageSpeed': 3.63100004196167, 'maxSpeed': 4.422999858856201, 'numFalls': 0}, {'noOfSplits': 1, 'duration': 7.0, 'splitType': 'RWD_STAND', 'numClimbSends': 0, 'maxDistance': 0, 'distance': 0.0, 'averageSpeed': 0.0, 'maxSpeed': 0.0, 'numFalls': 0}, {'noOfSplits': 1, 'duration': 4.0, 'splitType': 'RWD_WALK', 'numClimbSends': 0, 'maxDistance': 0, 'distance': 0.0, 'averageSpeed': 0.0, 'maxSpeed': 0.0, 'numFalls': 0}, {'noOfSplits': 1, 'duration': 441.27099609375, 'splitType': 'RWD_RUN', 'numClimbSends': 0, 'maxDistance': 1642, 'distance': 1642.3199462890625, 'averageSpeed': 3.7219998836517334, 'maxSpeed': 4.422999858856201, 'numFalls': 0}]",True,1,6,-1.0,False,,,,,,False,False,False,False,False,False,False,False,False,391.0,489.0,403.0,10.569999694824219,258.3999938964844,7.730000019073486,,,,,,,,,,,,,,,,
14187280483,Treadmill Running,2024-02-29 09:26:22,2024-02-29 14:26:22,"{'typeId': 18, 'typeKey': 'treadmill_running', 'parentTypeId': 1, 'isHidden': False, 'trimmable': True, 'restricted': False}","{'typeId': 9, 'typeKey': 'uncategorized', 'sortOrder': 10}",3277.469970703125,903.8930053710938,903.8930053710938,900.0,,,3.625999927520752,4.544000148773193,,,False,False,118790142,ae52ea07-2874-4bde-8648-ac48be0f708d,Riley King,https://s3.amazonaws.com/garmin-connect-prod/profile_images/249fcc8d-9898-4d4a-abf5-ba07581a6fcd-prth.png,https://s3.amazonaws.com/garmin-connect-prod/profile_images/249fcc8d-9898-4d4a-abf5-ba07581a6fcd-prfr.png,https://s3.amazonaws.com/garmin-connect-prod/profile_images/249fcc8d-9898-4d4a-abf5-ba07581a6fcd-prof.png,178.0,23.0,133.0,156.0,165.75,191.0,2490.0,"['SCOPE_GOLF_API_READ', 'SCOPE_ATP_READ', 'SCOPE_DIVE_API_WRITE', 'SCOPE_COMMUNITY_COURSE_ADMIN_READ', 'SCOPE_DIVE_API_READ', 'SCOPE_DI_OAUTH_2_CLIENT_READ', 'SCOPE_CONNECT_WRITE', 'SCOPE_COMMUNITY_COURSE_WRITE', 'SCOPE_MESSAGE_GENERATION_READ', 'SCOPE_DI_OAUTH_2_CLIENT_REVOCATION_ADMIN', 'SCOPE_CONNECT_WEB_TEMPLATE_RENDER', 'SCOPE_OMT_SUBSCRIPTION_ADMIN_READ', 'SCOPE_CONNECT_NON_SOCIAL_SHARED_READ', 'SCOPE_CONNECT_READ', 'SCOPE_DI_OAUTH_2_TOKEN_ADMIN', 'ROLE_CONNECTUSER', 'ROLE_FITNESS_USER', 'ROLE_WELLNESS_USER']","{'typeId': 4, 'typeKey': 'groups'}",False,False,149,1709216782000,1,2.0,0.0,131.6800048828125,,3461278113,,,191.0,{'summarizedDiveGases': []},,GARMIN,,3,,,250.0,RECOVERY,23.7327880859375,15.383000373840332,MINOR_AEROBIC_BENEFIT_0,NO_ANAEROBIC_BENEFIT_0,"[{'noOfSplits': 1, 'duration': 903.8930053710938, 'splitType': 'INTERVAL_ACTIVE', 'numClimbSends': 0, 'maxDistance': 3277, 'distance': 3277.469970703125, 'averageSpeed': 3.625999927520752, 'maxSpeed': 4.544000148773193, 'numFalls': 0}, {'noOfSplits': 1, 'duration': 7.0, 'splitType': 'RWD_STAND', 'numClimbSends': 0, 'maxDistance': 1, 'distance': 1.7400000095367432, 'averageSpeed': 0.24899999797344208, 'maxSpeed': 1.0920000076293945, 'numFalls': 0}, {'noOfSplits': 1, 'duration': 12.0, 'splitType': 'RWD_WALK', 'numClimbSends': 0, 'maxDistance': 7, 'distance': 7.53000020980835, 'averageSpeed': 0.6269999742507935, 'maxSpeed': 1.6610000133514404, 'numFalls': 0}, {'noOfSplits': 1, 'duration': 891.7760009765625, 'splitType': 'RWD_RUN', 'numClimbSends': 0, 'maxDistance': 3268, 'distance': 3268.199951171875, 'averageSpeed': 3.6649999618530273, 'maxSpeed': 4.544000148773193, 'numFalls': 0}]",True,0,12,-3.0,False,,,,,,False,False,False,False,False,False,False,False,False,386.0,510.0,401.0,10.0,252.89999389648438,7.699999809265137,,,,,,,,,,,,,,,,
14146573764,Bristol - Base,2024-02-26 14:09:37,2024-02-26 19:09:37,"{'typeId': 1, 'typeKey': 'running', 'parentTypeId': 17, 'isHidden': False, 'trimmable': True, 'restricted': False}","{'typeId': 9, 'typeKey': 'uncategorized', 'sortOrder': 10}",13423.5703125,5306.06689453125,5969.9599609375,5075.125,81.0,88.0,2.5299999713897705,4.301000118255615,41.651240922510624,-71.25760107301176,True,False,118790142,ae52ea07-2874-4bde-8648-ac48be0f708d,Riley King,https://s3.amazonaws.com/garmin-connect-prod/profile_images/249fcc8d-9898-4d4a-abf5-ba07581a6fcd-prth.png,https://s3.amazonaws.com/garmin-connect-prod/profile_images/249fcc8d-9898-4d4a-abf5-ba07581a6fcd-prfr.png,https://s3.amazonaws.com/garmin-connect-prod/profile_images/249fcc8d-9898-4d4a-abf5-ba07581a6fcd-prof.png,952.0,134.0,125.0,163.0,138.421875,236.0,12330.0,"['SCOPE_GOLF_API_READ', 'SCOPE_ATP_READ', 'SCOPE_DIVE_API_WRITE', 'SCOPE_COMMUNITY_COURSE_ADMIN_READ', 'SCOPE_DIVE_API_READ', 'SCOPE_DI_OAUTH_2_CLIENT_READ', 'SCOPE_CONNECT_WRITE', 'SCOPE_COMMUNITY_COURSE_WRITE', 'SCOPE_MESSAGE_GENERATION_READ', 'SCOPE_DI_OAUTH_2_CLIENT_REVOCATION_ADMIN', 'SCOPE_CONNECT_WEB_TEMPLATE_RENDER', 'SCOPE_OMT_SUBSCRIPTION_ADMIN_READ', 'SCOPE_CONNECT_NON_SOCIAL_SHARED_READ', 'SCOPE_CONNECT_READ', 'SCOPE_DI_OAUTH_2_TOKEN_ADMIN', 'ROLE_CONNECTUSER', 'ROLE_FITNESS_USER', 'ROLE_WELLNESS_USER']","{'typeId': 4, 'typeKey': 'groups'}",False,False,149,1708974577000,1,3.0999999046325684,0.0,106.5,59.0,3461278113,5.599999904632568,28.0,236.0,{'summarizedDiveGases': []},0.7999992370605469,GARMIN,Bristol,9,41.65110253728926,-71.25767642632127,1109.0,AEROBIC_BASE,88.30635070800781,339.3299865722656,IMPROVING_AEROBIC_BASE_8,NO_ANAEROBIC_BENEFIT_0,"[{'noOfSplits': 1, 'totalAscent': 81.0, 'duration': 5306.06689453125, 'splitType': 'INTERVAL_ACTIVE', 'numClimbSends': 0, 'maxElevationGain': 81.0, 'averageElevationGain': 81.0, 'maxDistance': 13423, 'distance': 13423.5498046875, 'averageSpeed': 2.5299999713897705, 'maxSpeed': 4.301000118255615, 'numFalls': 0, 'elevationLoss': 88.0}, {'noOfSplits': 9, 'totalAscent': 27.0, 'duration': 2229.958984375, 'splitType': 'RWD_WALK', 'numClimbSends': 0, 'maxElevationGain': 14.0, 'averageElevationGain': 3.0, 'maxDistance': 2150, 'distance': 3960.110107421875, 'averageSpeed': 1.7760000228881836, 'maxSpeed': 2.1459999084472656, 'numFalls': 0, 'elevationLoss': 19.0}, {'noOfSplits': 3, 'totalAscent': 54.0, 'duration': 2869.0009765625, 'splitType': 'RWD_RUN', 'numClimbSends': 0, 'maxElevationGain': 53.0, 'averageElevationGain': 18.0, 'maxDistance': 8540, 'distance': 9386.6103515625, 'averageSpeed': 3.2720000743865967, 'maxSpeed': 4.301000118255615, 'numFalls': 0, 'elevationLoss': 70.0}, {'noOfSplits': 4, 'totalAscent': 0.0, 'duration': 210.00100708007812, 'splitType': 'RWD_STAND', 'numClimbSends': 0, 'maxElevationGain': 0.0, 'averageElevationGain': 0.0, 'maxDistance': 42, 'distance': 76.8499984741211, 'averageSpeed': 0.3659999966621399, 'maxSpeed': 0.0, 'numFalls': 0, 'elevationLoss': 0.0}]",True,35,48,-12.0,False,,,,,,False,False,False,False,False,False,False,False,False,264.0,592.0,324.0,8.290000152587892,294.20001220703125,7.739999771118164,2.5269999504089355,,,,,,,,,,,,,,,
14099840178,Treadmill Running,2024-02-23 15:02:27,2024-02-23 20:02:27,"{'typeId': 18, 'typeKey': 'treadmill_running', 'parentTypeId': 1, 'isHidden': False, 'trimmable': True, 'restricted': False}","{'typeId': 9, 'typeKey': 'uncategorized', 'sortOrder': 10}",8173.0,1995.3680419921875,1995.3680419921875,1970.3689880371094,,,4.0960001945495605,6.316999912261963,,,False,False,118790142,ae52ea07-2874-4bde-8648-ac48be0f708d,Riley King,https://s3.amazonaws.com/garmin-connect-prod/profile_images/249fcc8d-9898-4d4a-abf5-ba07581a6fcd-prth.png,https://s3.amazonaws.com/garmin-connect-prod/profile_images/249fcc8d-9898-4d4a-abf5-ba07581a6fcd-prfr.png,https://s3.amazonaws.com/garmin-connect-prod/profile_images/249fcc8d-9898-4d4a-abf5-ba07581a6fcd-prof.png,491.0,50.0,152.0,177.0,169.734375,248.0,5584.0,"['SCOPE_GOLF_API_READ', 'SCOPE_ATP_READ', 'SCOPE_DIVE_API_WRITE', 'SCOPE_COMMUNITY_COURSE_ADMIN_READ', 'SCOPE_DIVE_API_READ', 'SCOPE_DI_OAUTH_2_CLIENT_READ', 'SCOPE_CONNECT_WRITE', 'SCOPE_COMMUNITY_COURSE_WRITE', 'SCOPE_MESSAGE_GENERATION_READ', 'SCOPE_DI_OAUTH_2_CLIENT_REVOCATION_ADMIN', 'SCOPE_CONNECT_WEB_TEMPLATE_RENDER', 'SCOPE_OMT_SUBSCRIPTION_ADMIN_READ', 'SCOPE_CONNECT_NON_SOCIAL_SHARED_READ', 'SCOPE_CONNECT_READ', 'SCOPE_DI_OAUTH_2_TOKEN_ADMIN', 'ROLE_CONNECTUSER', 'ROLE_FITNESS_USER', 'ROLE_WELLNESS_USER']","{'typeId': 4, 'typeKey': 'groups'}",False,False,149,1708718547000,1,3.200000047683716,2.5999999046325684,144.4199951171875,,3461278113,,,248.0,{'summarizedDiveGases': []},,GARMIN,,6,,,553.0,TEMPO,150.4005126953125,21.131000518798828,IMPACTING_TEMPO_22,MAINTAINING_ANAEROBIC_BASE_1,"[{'noOfSplits': 1, 'duration': 1995.3680419921875, 'splitType': 'INTERVAL_ACTIVE', 'numClimbSends': 0, 'maxDistance': 8173, 'distance': 8173.0, 'averageSpeed': 4.0960001945495605, 'maxSpeed': 6.316999912261963, 'numFalls': 0}, {'noOfSplits': 1, 'duration': 7.000999927520752, 'splitType': 'RWD_WALK', 'numClimbSends': 0, 'maxDistance': 0, 'distance': 0.0, 'averageSpeed': 0.0, 'maxSpeed': 0.0, 'numFalls': 0}, {'noOfSplits': 1, 'duration': 19.0, 'splitType': 'RWD_STAND', 'numClimbSends': 0, 'maxDistance': 0, 'distance': 0.0, 'averageSpeed': 0.0, 'maxSpeed': 0.0, 'numFalls': 0}, {'noOfSplits': 1, 'duration': 1976.22705078125, 'splitType': 'RWD_RUN', 'numClimbSends': 0, 'maxDistance': 8173, 'distance': 8173.0, 'averageSpeed': 4.136000156402588, 'maxSpeed': 6.316999912261963, 'numFalls': 0}]",True,1,31,-7.0,False,,,,,,False,False,False,False,False,False,False,False,False,421.0,602.0,440.0,9.84000015258789,237.89999389648438,7.070000171661377,,,,,,,,,,,,,,,,
14087349753,Treadmill Running,2024-02-22 17:28:52,2024-02-22 22:28:52,"{'typeId': 18, 'typeKey': 'treadmill_running', 'parentTypeId': 1, 'isHidden': False, 'trimmable': True, 'restricted': False}","{'typeId': 9, 'typeKey': 'uncategorized', 'sortOrder': 10}",1709.260009765625,385.6860046386719,385.6860046386719,384.1340026855469,,,4.432000160217285,5.86899995803833,,,False,False,118790142,ae52ea07-2874-4bde-8648-ac48be0f708d,Riley King,https://s3.amazonaws.com/garmin-connect-prod/profile_images/249fcc8d-9898-4d4a-abf5-ba07581a6fcd-prth.png,https://s3.amazonaws.com/garmin-connect-prod/profile_images/249fcc8d-9898-4d4a-abf5-ba07581a6fcd-prfr.png,https://s3.amazonaws.com/garmin-connect-prod/profile_images/249fcc8d-9898-4d4a-abf5-ba07581a6fcd-prof.png,106.0,10.0,165.0,176.0,166.625,184.0,942.0,"['SCOPE_GOLF_API_READ', 'SCOPE_ATP_READ', 'SCOPE_DIVE_API_WRITE', 'SCOPE_COMMUNITY_COURSE_ADMIN_READ', 'SCOPE_DIVE_API_READ', 'SCOPE_DI_OAUTH_2_CLIENT_READ', 'SCOPE_CONNECT_WRITE', 'SCOPE_COMMUNITY_COURSE_WRITE', 'SCOPE_MESSAGE_GENERATION_READ', 'SCOPE_DI_OAUTH_2_CLIENT_REVOCATION_ADMIN', 'SCOPE_CONNECT_WEB_TEMPLATE_RENDER', 'SCOPE_OMT_SUBSCRIPTION_ADMIN_READ', 'SCOPE_CONNECT_NON_SOCIAL_SHARED_READ', 'SCOPE_CONNECT_READ', 'SCOPE_DI_OAUTH_2_TOKEN_ADMIN', 'ROLE_CONNECTUSER', 'ROLE_FITNESS_USER', 'ROLE_WELLNESS_USER']","{'typeId': 4, 'typeKey': 'groups'}",False,False,149,1708640932000,1,2.200000047683716,0.0,157.09000244140626,,3461278113,,,184.0,{'summarizedDiveGases': []},,GARMIN,,2,,,106.0,TEMPO,32.99507141113281,33.551998138427734,MAINTAINING_TEMPO_21,NO_ANAEROBIC_BENEFIT_0,"[{'noOfSplits': 1, 'duration': 385.6860046386719, 'splitType': 'INTERVAL_ACTIVE', 'numClimbSends': 0, 'maxDistance': 1709, 'distance': 1709.260009765625, 'averageSpeed': 4.432000160217285, 'maxSpeed': 5.86899995803833, 'numFalls': 0}, {'noOfSplits': 1, 'duration': 10.0, 'splitType': 'RWD_WALK', 'numClimbSends': 0, 'maxDistance': 16, 'distance': 16.799999237060547, 'averageSpeed': 1.6799999475479126, 'maxSpeed': 1.8660000562667847, 'numFalls': 0}, {'noOfSplits': 1, 'duration': 375.6679992675781, 'splitType': 'RWD_RUN', 'numClimbSends': 0, 'maxDistance': 1692, 'distance': 1692.469970703125, 'averageSpeed': 4.505000114440918, 'maxSpeed': 5.86899995803833, 'numFalls': 0}]",True,1,5,-2.0,False,,,,,,False,False,False,False,False,False,False,False,False,443.0,585.0,469.0,10.190000152587892,232.3000030517578,6.690000057220459,,,,,,,,,,,,,,,,
14087086616,Threshold,2024-02-22 16:24:47,2024-02-22 21:24:47,"{'typeId': 18, 'typeKey': 'treadmill_running', 'parentTypeId': 1, 'isHidden': False, 'trimmable': True, 'restricted': False}","{'typeId': 9, 'typeKey': 'uncategorized', 'sortOrder': 10}",6416.06982421875,1659.4420166015625,1659.4420166015625,1641.2470092773438,,,3.865999937057495,4.544000148773193,,,False,False,118790142,ae52ea07-2874-4bde-8648-ac48be0f708d,Riley King,https://s3.amazonaws.com/garmin-connect-prod/profile_images/249fcc8d-9898-4d4a-abf5-ba07581a6fcd-prth.png,https://s3.amazonaws.com/garmin-connect-prod/profile_images/249fcc8d-9898-4d4a-abf5-ba07581a6fcd-prfr.png,https://s3.amazonaws.com/garmin-connect-prod/profile_images/249fcc8d-9898-4d4a-abf5-ba07581a6fcd-prof.png,366.0,42.0,141.0,158.0,164.953125,174.0,4534.0,"['SCOPE_GOLF_API_READ', 'SCOPE_ATP_READ', 'SCOPE_DIVE_API_WRITE', 'SCOPE_COMMUNITY_COURSE_ADMIN_READ', 'SCOPE_DIVE_API_READ', 'SCOPE_DI_OAUTH_2_CLIENT_READ', 'SCOPE_CONNECT_WRITE', 'SCOPE_COMMUNITY_COURSE_WRITE', 'SCOPE_MESSAGE_GENERATION_READ', 'SCOPE_DI_OAUTH_2_CLIENT_REVOCATION_ADMIN', 'SCOPE_CONNECT_WEB_TEMPLATE_RENDER', 'SCOPE_OMT_SUBSCRIPTION_ADMIN_READ', 'SCOPE_CONNECT_NON_SOCIAL_SHARED_READ', 'SCOPE_CONNECT_READ', 'SCOPE_DI_OAUTH_2_TOKEN_ADMIN', 'ROLE_CONNECTUSER', 'ROLE_FITNESS_USER', 'ROLE_WELLNESS_USER']","{'typeId': 4, 'typeKey': 'groups'}",False,False,149,1708637087000,1,2.700000047683716,0.0,140.94000244140625,,3461278113,,,174.0,{'summarizedDiveGases': []},,GARMIN,,6,,,460.0,AEROBIC_BASE,58.45011901855469,109.75199890136719,MAINTAINING_AEROBIC_FITNESS_1,NO_ANAEROBIC_BENEFIT_0,"[{'noOfSplits': 1, 'duration': 600.0, 'splitType': 'INTERVAL_WARMUP', 'numClimbSends': 0, 'maxDistance': 1986, 'distance': 1986.800048828125, 'averageSpeed': 3.311000108718872, 'maxSpeed': 4.050000190734863, 'numFalls': 0}, {'noOfSplits': 1, 'duration': 16.000999450683594, 'splitType': 'RWD_STAND', 'numClimbSends': 0, 'maxDistance': 0, 'distance': 0.0, 'averageSpeed': 0.0, 'maxSpeed': 0.0, 'numFalls': 0}, {'noOfSplits': 1, 'duration': 1643.322021484375, 'splitType': 'RWD_RUN', 'numClimbSends': 0, 'maxDistance': 6416, 'distance': 6416.06005859375, 'averageSpeed': 3.9040000438690186, 'maxSpeed': 4.544000148773193, 'numFalls': 0}, {'noOfSplits': 1, 'duration': 900.0, 'splitType': 'INTERVAL_ACTIVE', 'numClimbSends': 0, 'maxDistance': 3893, 'distance': 3893.64990234375, 'averageSpeed': 4.326000213623047, 'maxSpeed': 4.544000148773193, 'numFalls': 0}, {'noOfSplits': 1, 'duration': 159.3470001220703, 'splitType': 'INTERVAL_RECOVERY', 'numClimbSends': 0, 'maxDistance': 535, 'distance': 535.6099853515625, 'averageSpeed': 3.3610000610351562, 'maxSpeed': 4.124000072479248, 'numFalls': 0}]",True,0,25,-5.0,False,,,,,,False,False,False,False,False,False,False,False,False,412.0,510.0,424.0,10.35999984741211,246.60000610351562,7.429999828338623,,,,,,,,,,,,,,,,
14072629861,Anaerobic,2024-02-21 16:13:57,2024-02-21 21:13:57,"{'typeId': 18, 'typeKey': 'treadmill_running', 'parentTypeId': 1, 'isHidden': False, 'trimmable': True, 'restricted': False}","{'typeId': 9, 'typeKey': 'uncategorized', 'sortOrder': 10}",3151.919921875,898.843994140625,898.843994140625,893.0,,,3.506999969482422,4.105999946594238,,,False,False,118790142,ae52ea07-2874-4bde-8648-ac48be0f708d,Riley King,https://s3.amazonaws.com/garmin-connect-prod/profile_images/249fcc8d-9898-4d4a-abf5-ba07581a6fcd-prth.png,https://s3.amazonaws.com/garmin-connect-prod/profile_images/249fcc8d-9898-4d4a-abf5-ba07581a6fcd-prfr.png,https://s3.amazonaws.com/garmin-connect-prod/profile_images/249fcc8d-9898-4d4a-abf5-ba07581a6fcd-prof.png,185.0,23.0,133.0,138.0,164.15625,233.0,2450.0,"['SCOPE_GOLF_API_READ', 'SCOPE_ATP_READ', 'SCOPE_DIVE_API_WRITE', 'SCOPE_COMMUNITY_COURSE_ADMIN_READ', 'SCOPE_DIVE_API_READ', 'SCOPE_DI_OAUTH_2_CLIENT_READ', 'SCOPE_CONNECT_WRITE', 'SCOPE_COMMUNITY_COURSE_WRITE', 'SCOPE_MESSAGE_GENERATION_READ', 'SCOPE_DI_OAUTH_2_CLIENT_REVOCATION_ADMIN', 'SCOPE_CONNECT_WEB_TEMPLATE_RENDER', 'SCOPE_OMT_SUBSCRIPTION_ADMIN_READ', 'SCOPE_CONNECT_NON_SOCIAL_SHARED_READ', 'SCOPE_CONNECT_READ', 'SCOPE_DI_OAUTH_2_TOKEN_ADMIN', 'ROLE_CONNECTUSER', 'ROLE_FITNESS_USER', 'ROLE_WELLNESS_USER']","{'typeId': 4, 'typeKey': 'groups'}",False,False,149,1708550037000,1,1.7999999523162842,0.0,129.49000244140626,,3461278113,,,233.0,{'summarizedDiveGases': []},,GARMIN,,2,,,249.0,RECOVERY,22.234481811523438,416.0790100097656,RECOVERY_5,NO_ANAEROBIC_BENEFIT_0,"[{'noOfSplits': 1, 'duration': 898.843994140625, 'splitType': 'INTERVAL_WARMUP', 'numClimbSends': 0, 'maxDistance': 3151, 'distance': 3151.919921875, 'averageSpeed': 3.506999969482422, 'maxSpeed': 4.105999946594238, 'numFalls': 0}, {'noOfSplits': 1, 'duration': 7.0, 'splitType': 'RWD_STAND', 'numClimbSends': 0, 'maxDistance': 0, 'distance': 0.0, 'averageSpeed': 0.0, 'maxSpeed': 0.0, 'numFalls': 0}, {'noOfSplits': 1, 'duration': 8.0, 'splitType': 'RWD_WALK', 'numClimbSends': 0, 'maxDistance': 4, 'distance': 4.739999771118164, 'averageSpeed': 0.5920000076293945, 'maxSpeed': 0.8769999742507935, 'numFalls': 0}, {'noOfSplits': 1, 'duration': 883.8270263671875, 'splitType': 'RWD_RUN', 'numClimbSends': 0, 'maxDistance': 3147, 'distance': 3147.179931640625, 'averageSpeed': 3.561000108718872, 'maxSpeed': 4.105999946594238, 'numFalls': 0}]",True,0,12,-4.0,False,,,,,,False,False,False,False,False,False,False,False,False,375.0,468.0,383.0,10.01999969482422,257.0,7.800000190734863,,,,,,,,,,,,,,,,
14055732548,Threshold,2024-02-20 13:53:50,2024-02-20 18:53:50,"{'typeId': 18, 'typeKey': 'treadmill_running', 'parentTypeId': 1, 'isHidden': False, 'trimmable': True, 'restricted': False}","{'typeId': 9, 'typeKey': 'uncategorized', 'sortOrder': 10}",10171.41015625,2803.5849609375,2803.5849609375,2745.4219970703125,,,3.628000020980835,4.552999973297119,,,False,False,118790142,ae52ea07-2874-4bde-8648-ac48be0f708d,Riley King,https://s3.amazonaws.com/garmin-connect-prod/profile_images/249fcc8d-9898-4d4a-abf5-ba07581a6fcd-prth.png,https://s3.amazonaws.com/garmin-connect-prod/profile_images/249fcc8d-9898-4d4a-abf5-ba07581a6fcd-prfr.png,https://s3.amazonaws.com/garmin-connect-prod/profile_images/249fcc8d-9898-4d4a-abf5-ba07581a6fcd-prof.png,594.0,71.0,143.0,169.0,162.546875,233.0,7524.0,"['SCOPE_GOLF_API_READ', 'SCOPE_ATP_READ', 'SCOPE_DIVE_API_WRITE', 'SCOPE_COMMUNITY_COURSE_ADMIN_READ', 'SCOPE_DIVE_API_READ', 'SCOPE_DI_OAUTH_2_CLIENT_READ', 'SCOPE_CONNECT_WRITE', 'SCOPE_COMMUNITY_COURSE_WRITE', 'SCOPE_MESSAGE_GENERATION_READ', 'SCOPE_DI_OAUTH_2_CLIENT_REVOCATION_ADMIN', 'SCOPE_CONNECT_WEB_TEMPLATE_RENDER', 'SCOPE_OMT_SUBSCRIPTION_ADMIN_READ', 'SCOPE_CONNECT_NON_SOCIAL_SHARED_READ', 'SCOPE_CONNECT_READ', 'SCOPE_DI_OAUTH_2_TOKEN_ADMIN', 'ROLE_CONNECTUSER', 'ROLE_FITNESS_USER', 'ROLE_WELLNESS_USER']","{'typeId': 4, 'typeKey': 'groups'}",False,False,149,1708455230000,1,3.0999999046325684,0.30000001192092896,135.65,,3461278113,,,233.0,{'summarizedDiveGases': []},,GARMIN,,13,,,761.0,AEROBIC_BASE,90.54707336425781,29.089000701904297,IMPROVING_AEROBIC_BASE_8,NO_ANAEROBIC_BENEFIT_0,"[{'noOfSplits': 4, 'duration': 18.0049991607666, 'splitType': 'RWD_STAND', 'numClimbSends': 0, 'maxDistance': 0, 'distance': 0.0, 'averageSpeed': 0.0, 'maxSpeed': 0.0, 'numFalls': 0}, {'noOfSplits': 1, 'duration': 600.0, 'splitType': 'INTERVAL_WARMUP', 'numClimbSends': 0, 'maxDistance': 1929, 'distance': 1929.4599609375, 'averageSpeed': 3.2160000801086426, 'maxSpeed': 4.105999946594238, 'numFalls': 0}, {'noOfSplits': 5, 'duration': 74.47000122070312, 'splitType': 'RWD_WALK', 'numClimbSends': 0, 'maxDistance': 21, 'distance': 53.47999954223633, 'averageSpeed': 0.7179999947547913, 'maxSpeed': 1.6890000104904175, 'numFalls': 0}, {'noOfSplits': 2, 'duration': 2711.0009765625, 'splitType': 'RWD_RUN', 'numClimbSends': 0, 'maxDistance': 10101, 'distance': 10117.919921875, 'averageSpeed': 3.7320001125335693, 'maxSpeed': 4.552999973297119, 'numFalls': 0}, {'noOfSplits': 3, 'duration': 1260.0, 'splitType': 'INTERVAL_ACTIVE', 'numClimbSends': 0, 'maxDistance': 1841, 'distance': 5335.2998046875, 'averageSpeed': 4.234000205993652, 'maxSpeed': 4.552999973297119, 'numFalls': 0}, {'noOfSplits': 2, 'duration': 240.0, 'splitType': 'INTERVAL_RECOVERY', 'numClimbSends': 0, 'maxDistance': 401, 'distance': 757.0700073242188, 'averageSpeed': 3.1540000438690186, 'maxSpeed': 4.198999881744385, 'numFalls': 0}, {'noOfSplits': 1, 'duration': 703.5819702148438, 'splitType': 'INTERVAL_COOLDOWN', 'numClimbSends': 0, 'maxDistance': 2149, 'distance': 2149.610107421875, 'averageSpeed': 3.055000066757202, 'maxSpeed': 4.451000213623047, 'numFalls': 0}]",True,2,44,-9.0,False,,,,,,False,False,False,False,False,False,False,False,False,386.0,497.0,407.0,10.11999969482422,251.1999969482422,7.599999904632568,,,,,,,,,,,,,,,,
14039166889,Base,2024-02-19 13:49:01,2024-02-19 18:49:01,"{'typeId': 18, 'typeKey': 'treadmill_running', 'parentTypeId': 1, 'isHidden': False, 'trimmable': True, 'restricted': False}","{'typeId': 9, 'typeKey': 'uncategorized', 'sortOrder': 10}",7599.7001953125,2167.01904296875,2167.01904296875,2161.1240234375,,,3.506999969482422,5.047999858856201,,,False,False,118790142,ae52ea07-2874-4bde-8648-ac48be0f708d,Riley King,https://s3.amazonaws.com/garmin-connect-prod/profile_images/249fcc8d-9898-4d4a-abf5-ba07581a6fcd-prth.png,https://s3.amazonaws.com/garmin-connect-prod/profile_images/249fcc8d-9898-4d4a-abf5-ba07581a6fcd-prfr.png,https://s3.amazonaws.com/garmin-connect-prod/profile_images/249fcc8d-9898-4d4a-abf5-ba07581a6fcd-prof.png,432.0,55.0,136.0,141.0,166.28125,233.0,5990.0,"['SCOPE_GOLF_API_READ', 'SCOPE_ATP_READ', 'SCOPE_DIVE_API_WRITE', 'SCOPE_COMMUNITY_COURSE_ADMIN_READ', 'SCOPE_DIVE_API_READ', 'SCOPE_DI_OAUTH_2_CLIENT_READ', 'SCOPE_CONNECT_WRITE', 'SCOPE_COMMUNITY_COURSE_WRITE', 'SCOPE_MESSAGE_GENERATION_READ', 'SCOPE_DI_OAUTH_2_CLIENT_REVOCATION_ADMIN', 'SCOPE_CONNECT_WEB_TEMPLATE_RENDER', 'SCOPE_OMT_SUBSCRIPTION_ADMIN_READ', 'SCOPE_CONNECT_NON_SOCIAL_SHARED_READ', 'SCOPE_CONNECT_READ', 'SCOPE_DI_OAUTH_2_TOKEN_ADMIN', 'ROLE_CONNECTUSER', 'ROLE_FITNESS_USER', 'ROLE_WELLNESS_USER']","{'typeId': 4, 'typeKey': 'groups'}",False,False,149,1708368541000,1,2.299999952316284,0.0,127.10000000000001,,3461278113,,,233.0,{'summarizedDiveGases': []},,GARMIN,,6,,,601.0,RECOVERY,36.70021057128906,7.019000053405762,MINOR_AEROBIC_BENEFIT_0,NO_ANAEROBIC_BENEFIT_0,"[{'noOfSplits': 1, 'duration': 2167.01904296875, 'splitType': 'INTERVAL_ACTIVE', 'numClimbSends': 0, 'maxDistance': 7599, 'distance': 7599.7001953125, 'averageSpeed': 3.506999969482422, 'maxSpeed': 5.047999858856201, 'numFalls': 0}, {'noOfSplits': 1, 'duration': 10.0, 'splitType': 'RWD_WALK', 'numClimbSends': 0, 'maxDistance': 2, 'distance': 2.7899999618530273, 'averageSpeed': 0.27900001406669617, 'maxSpeed': 1.0260000228881836, 'numFalls': 0}, {'noOfSplits': 1, 'duration': 2156.9990234375, 'splitType': 'RWD_RUN', 'numClimbSends': 0, 'maxDistance': 7596, 'distance': 7596.91015625, 'averageSpeed': 3.5220000743865967, 'maxSpeed': 5.047999858856201, 'numFalls': 0}]",True,1,34,-8.0,False,,,,,,False,False,False,False,False,False,False,False,False,376.0,533.0,379.0,9.9,256.5,7.829999923706055,,,,,,,,,,,,,,,,
14026580533,Bristol Walking,2024-02-18 15:38:42,2024-02-18 20:38:42,"{'typeId': 9, 'typeKey': 'walking', 'parentTypeId': 17, 'isHidden': False, 'trimmable': True, 'restricted': False}","{'typeId': 9, 'typeKey': 'uncategorized', 'sortOrder': 10}",3588.840087890625,2274.512939453125,2274.512939453125,2202.0,66.0,65.0,1.5779999494552612,3.742000102996826,41.650906316936016,-71.25753334723413,True,False,118790142,ae52ea07-2874-4bde-8648-ac48be0f708d,Riley King,https://s3.amazonaws.com/garmin-connect-prod/profile_images/249fcc8d-9898-4d4a-abf5-ba07581a6fcd-prth.png,https://s3.amazonaws.com/garmin-connect-prod/profile_images/249fcc8d-9898-4d4a-abf5-ba07581a6fcd-prfr.png,https://s3.amazonaws.com/garmin-connect-prod/profile_images/249fcc8d-9898-4d4a-abf5-ba07581a6fcd-prof.png,238.0,57.0,97.0,125.0,111.625,240.0,4302.0,"['SCOPE_GOLF_API_READ', 'SCOPE_ATP_READ', 'SCOPE_DIVE_API_WRITE', 'SCOPE_COMMUNITY_COURSE_ADMIN_READ', 'SCOPE_DIVE_API_READ', 'SCOPE_DI_OAUTH_2_CLIENT_READ', 'SCOPE_CONNECT_WRITE', 'SCOPE_COMMUNITY_COURSE_WRITE', 'SCOPE_MESSAGE_GENERATION_READ', 'SCOPE_DI_OAUTH_2_CLIENT_REVOCATION_ADMIN', 'SCOPE_CONNECT_WEB_TEMPLATE_RENDER', 'SCOPE_OMT_SUBSCRIPTION_ADMIN_READ', 'SCOPE_CONNECT_NON_SOCIAL_SHARED_READ', 'SCOPE_CONNECT_READ', 'SCOPE_DI_OAUTH_2_TOKEN_ADMIN', 'ROLE_CONNECTUSER', 'ROLE_FITNESS_USER', 'ROLE_WELLNESS_USER']","{'typeId': 4, 'typeKey': 'groups'}",False,False,149,1708288722000,11,0.699999988079071,0.0,84.94387316376495,59.0,3461278113,3.200000047683716,38.400001525878906,240.0,{'summarizedDiveGases': []},1.0,GARMIN,Bristol,3,41.65110974572599,-71.25807079486549,245.0,RECOVERY,8.639556884765625,247.468994140625,RECOVERY_5,NO_ANAEROBIC_BENEFIT_0,"[{'totalAscent': 65.0, 'duration': 2274.5130004882812, 'splitType': 'INTERVAL_ACTIVE', 'numClimbSends': 0, 'maxElevationGain': 65.0, 'averageElevationGain': 65.0, 'maxDistance': 3588, 'distance': 3588.8399353027344, 'averageSpeed': 1.5778498230312599, 'maxSpeed': 3.742000102996826, 'numFalls': 0, 'elevationLoss': 65.0}]",False,34,0,-3.0,False,,,,,,False,False,False,False,False,False,False,False,False,,,,,,,,,,,,,,,,,,,,,,
14009418374,Bristol - Base,2024-02-17 13:19:10,2024-02-17 18:19:10,"{'typeId': 1, 'typeKey': 'running', 'parentTypeId': 17, 'isHidden': False, 'trimmable': True, 'restricted': False}","{'typeId': 9, 'typeKey': 'uncategorized', 'sortOrder': 10}",14140.2802734375,5210.51513671875,5245.0400390625,5201.0469970703125,87.0,86.0,2.7139999866485596,4.01200008392334,41.651174956932664,-71.25752437859774,True,False,118790142,ae52ea07-2874-4bde-8648-ac48be0f708d,Riley King,https://s3.amazonaws.com/garmin-connect-prod/profile_images/249fcc8d-9898-4d4a-abf5-ba07581a6fcd-prth.png,https://s3.amazonaws.com/garmin-connect-prod/profile_images/249fcc8d-9898-4d4a-abf5-ba07581a6fcd-prfr.png,https://s3.amazonaws.com/garmin-connect-prod/profile_images/249fcc8d-9898-4d4a-abf5-ba07581a6fcd-prof.png,996.0,132.0,129.0,170.0,147.75,247.0,12902.0,"['SCOPE_GOLF_API_READ', 'SCOPE_ATP_READ', 'SCOPE_DIVE_API_WRITE', 'SCOPE_COMMUNITY_COURSE_ADMIN_READ', 'SCOPE_DIVE_API_READ', 'SCOPE_DI_OAUTH_2_CLIENT_READ', 'SCOPE_CONNECT_WRITE', 'SCOPE_COMMUNITY_COURSE_WRITE', 'SCOPE_MESSAGE_GENERATION_READ', 'SCOPE_DI_OAUTH_2_CLIENT_REVOCATION_ADMIN', 'SCOPE_CONNECT_WEB_TEMPLATE_RENDER', 'SCOPE_OMT_SUBSCRIPTION_ADMIN_READ', 'SCOPE_CONNECT_NON_SOCIAL_SHARED_READ', 'SCOPE_CONNECT_READ', 'SCOPE_DI_OAUTH_2_TOKEN_ADMIN', 'ROLE_CONNECTUSER', 'ROLE_FITNESS_USER', 'ROLE_WELLNESS_USER']","{'typeId': 4, 'typeKey': 'groups'}",False,False,149,1708193950000,1,3.4000000953674316,0.0,107.40999755859376,59.0,3461278113,3.200000047683716,28.0,247.0,{'summarizedDiveGases': []},0.8000011444091798,GARMIN,Bristol,9,41.651178896427155,-71.25760207884014,1079.0,AEROBIC_BASE,107.69898986816406,463.1650085449219,IMPROVING_AEROBIC_BASE_8,NO_ANAEROBIC_BENEFIT_0,"[{'noOfSplits': 1, 'totalAscent': 87.0, 'duration': 5210.51513671875, 'splitType': 'INTERVAL_ACTIVE', 'numClimbSends': 0, 'maxElevationGain': 87.0, 'averageElevationGain': 87.0, 'maxDistance': 14140, 'distance': 14140.2900390625, 'averageSpeed': 2.7139999866485596, 'maxSpeed': 4.01200008392334, 'numFalls': 0, 'elevationLoss': 86.0}, {'noOfSplits': 9, 'totalAscent': 14.0, 'duration': 1916.9620361328125, 'splitType': 'RWD_WALK', 'numClimbSends': 0, 'maxElevationGain': 7.0, 'averageElevationGain': 2.0, 'maxDistance': 1109, 'distance': 3218.7900390625, 'averageSpeed': 1.6790000200271606, 'maxSpeed': 2.2300000190734863, 'numFalls': 0, 'elevationLoss': 7.0}, {'noOfSplits': 9, 'totalAscent': 72.0, 'duration': 3293.47412109375, 'splitType': 'RWD_RUN', 'numClimbSends': 0, 'maxElevationGain': 40.0, 'averageElevationGain': 8.0, 'maxDistance': 4729, 'distance': 10918.419921875, 'averageSpeed': 3.315000057220459, 'maxSpeed': 4.01200008392334, 'numFalls': 0, 'elevationLoss': 79.0}, {'noOfSplits': 1, 'totalAscent': 0.0, 'duration': 3.000999927520752, 'splitType': 'RWD_STAND', 'numClimbSends': 0, 'maxElevationGain': 0.0, 'averageElevationGain': 0.0, 'maxDistance': 3, 'distance': 3.069999933242798, 'averageSpeed': 1.0230000019073486, 'maxSpeed': 0.0, 'numFalls': 0, 'elevationLoss': 0.0}]",True,31,55,-15.0,False,,,,,,False,False,False,False,False,False,False,False,False,285.0,549.0,336.0,8.44000015258789,286.79998779296875,7.860000133514404,2.740000009536743,,,,,,,,,,,,,,,
13994651188,Base,2024-02-16 16:40:27,2024-02-16 21:40:27,"{'typeId': 18, 'typeKey': 'treadmill_running', 'parentTypeId': 1, 'isHidden': False, 'trimmable': True, 'restricted': False}","{'typeId': 9, 'typeKey': 'uncategorized', 'sortOrder': 10}",2172.3701171875,671.7849731445312,671.7849731445312,666.0,,,3.2339999675750732,4.114999771118164,,,False,False,118790142,ae52ea07-2874-4bde-8648-ac48be0f708d,Riley King,https://s3.amazonaws.com/garmin-connect-prod/profile_images/249fcc8d-9898-4d4a-abf5-ba07581a6fcd-prth.png,https://s3.amazonaws.com/garmin-connect-prod/profile_images/249fcc8d-9898-4d4a-abf5-ba07581a6fcd-prfr.png,https://s3.amazonaws.com/garmin-connect-prod/profile_images/249fcc8d-9898-4d4a-abf5-ba07581a6fcd-prof.png,138.0,17.0,133.0,143.0,159.328125,180.0,1774.0,"['SCOPE_GOLF_API_READ', 'SCOPE_ATP_READ', 'SCOPE_DIVE_API_WRITE', 'SCOPE_COMMUNITY_COURSE_ADMIN_READ', 'SCOPE_DIVE_API_READ', 'SCOPE_DI_OAUTH_2_CLIENT_READ', 'SCOPE_CONNECT_WRITE', 'SCOPE_COMMUNITY_COURSE_WRITE', 'SCOPE_MESSAGE_GENERATION_READ', 'SCOPE_DI_OAUTH_2_CLIENT_REVOCATION_ADMIN', 'SCOPE_CONNECT_WEB_TEMPLATE_RENDER', 'SCOPE_OMT_SUBSCRIPTION_ADMIN_READ', 'SCOPE_CONNECT_NON_SOCIAL_SHARED_READ', 'SCOPE_CONNECT_READ', 'SCOPE_DI_OAUTH_2_TOKEN_ADMIN', 'ROLE_CONNECTUSER', 'ROLE_FITNESS_USER', 'ROLE_WELLNESS_USER']","{'typeId': 4, 'typeKey': 'groups'}",False,False,149,1708119627000,1,1.5,0.0,122.74000244140626,,3461278113,,,180.0,{'summarizedDiveGases': []},,GARMIN,,3,,,186.0,RECOVERY,18.017730712890625,1.1790000200271606,RECOVERY_5,NO_ANAEROBIC_BENEFIT_0,"[{'noOfSplits': 1, 'duration': 671.7849731445312, 'splitType': 'INTERVAL_ACTIVE', 'numClimbSends': 0, 'maxDistance': 2172, 'distance': 2172.3701171875, 'averageSpeed': 3.2339999675750732, 'maxSpeed': 4.114999771118164, 'numFalls': 0}, {'noOfSplits': 1, 'duration': 2.0, 'splitType': 'RWD_STAND', 'numClimbSends': 0, 'maxDistance': 0, 'distance': 0.0, 'averageSpeed': 0.0, 'maxSpeed': 0.0, 'numFalls': 0}, {'noOfSplits': 2, 'duration': 668.6829833984375, 'splitType': 'RWD_RUN', 'numClimbSends': 0, 'maxDistance': 2163, 'distance': 2168.469970703125, 'averageSpeed': 3.243000030517578, 'maxSpeed': 4.114999771118164, 'numFalls': 0}, {'noOfSplits': 1, 'duration': 3.0, 'splitType': 'RWD_WALK', 'numClimbSends': 0, 'maxDistance': 3, 'distance': 3.9000000953674316, 'averageSpeed': 1.3009999990463257, 'maxSpeed': 1.3250000476837158, 'numFalls': 0}]",True,1,9,-3.0,False,,,,,,False,False,False,False,False,False,False,False,False,349.0,468.0,358.0,10.09000015258789,272.5,8.270000457763672,,,,,,,,,,,,,,,,
13980572905,Treadmill Running,2024-02-15 16:24:36,2024-02-15 21:24:36,"{'typeId': 18, 'typeKey': 'treadmill_running', 'parentTypeId': 1, 'isHidden': False, 'trimmable': True, 'restricted': False}","{'typeId': 9, 'typeKey': 'uncategorized', 'sortOrder': 10}",4818.2998046875,1170.6710205078125,1170.6710205078125,1132.9519958496094,,,4.116000175476074,6.139999866485596,,,False,False,118790142,ae52ea07-2874-4bde-8648-ac48be0f708d,Riley King,https://s3.amazonaws.com/garmin-connect-prod/profile_images/249fcc8d-9898-4d4a-abf5-ba07581a6fcd-prth.png,https://s3.amazonaws.com/garmin-connect-prod/profile_images/249fcc8d-9898-4d4a-abf5-ba07581a6fcd-prfr.png,https://s3.amazonaws.com/garmin-connect-prod/profile_images/249fcc8d-9898-4d4a-abf5-ba07581a6fcd-prof.png,320.0,30.0,165.0,184.0,165.09375,240.0,3156.0,"['SCOPE_GOLF_API_READ', 'SCOPE_ATP_READ', 'SCOPE_DIVE_API_WRITE', 'SCOPE_COMMUNITY_COURSE_ADMIN_READ', 'SCOPE_DIVE_API_READ', 'SCOPE_DI_OAUTH_2_CLIENT_READ', 'SCOPE_CONNECT_WRITE', 'SCOPE_COMMUNITY_COURSE_WRITE', 'SCOPE_MESSAGE_GENERATION_READ', 'SCOPE_DI_OAUTH_2_CLIENT_REVOCATION_ADMIN', 'SCOPE_CONNECT_WEB_TEMPLATE_RENDER', 'SCOPE_OMT_SUBSCRIPTION_ADMIN_READ', 'SCOPE_CONNECT_NON_SOCIAL_SHARED_READ', 'SCOPE_CONNECT_READ', 'SCOPE_DI_OAUTH_2_TOKEN_ADMIN', 'ROLE_CONNECTUSER', 'ROLE_FITNESS_USER', 'ROLE_WELLNESS_USER']","{'typeId': 4, 'typeKey': 'groups'}",False,False,149,1708032276000,1,3.200000047683716,0.5,151.1699951171875,,3461278113,,,240.0,{'summarizedDiveGases': []},,GARMIN,,3,,,310.0,TEMPO,95.0888671875,367.9519958496094,IMPACTING_TEMPO_22,NO_ANAEROBIC_BENEFIT_0,"[{'noOfSplits': 1, 'duration': 1170.6710205078125, 'splitType': 'INTERVAL_ACTIVE', 'numClimbSends': 0, 'maxDistance': 4818, 'distance': 4818.2998046875, 'averageSpeed': 4.116000175476074, 'maxSpeed': 6.139999866485596, 'numFalls': 0}, {'noOfSplits': 4, 'duration': 54.54499816894531, 'splitType': 'RWD_WALK', 'numClimbSends': 0, 'maxDistance': 15, 'distance': 36.029998779296875, 'averageSpeed': 0.6610000133514404, 'maxSpeed': 1.6050000190734863, 'numFalls': 0}, {'noOfSplits': 2, 'duration': 1108.0, 'splitType': 'RWD_RUN', 'numClimbSends': 0, 'maxDistance': 4772, 'distance': 4782.27001953125, 'averageSpeed': 4.315999984741211, 'maxSpeed': 6.139999866485596, 'numFalls': 0}, {'noOfSplits': 2, 'duration': 8.00100040435791, 'splitType': 'RWD_STAND', 'numClimbSends': 0, 'maxDistance': 0, 'distance': 0.0, 'averageSpeed': 0.0, 'maxSpeed': 0.0, 'numFalls': 0}]",True,2,17,-4.0,False,,,,,,True,False,False,False,False,False,False,False,False,426.0,602.0,451.0,10.09000015258789,229.6999969482422,6.820000171661377,,,,,,,,,,,,,,,,
13973659567,Base,2024-02-15 07:57:40,2024-02-15 12:57:40,"{'typeId': 18, 'typeKey': 'treadmill_running', 'parentTypeId': 1, 'isHidden': False, 'trimmable': True, 'restricted': False}","{'typeId': 9, 'typeKey': 'uncategorized', 'sortOrder': 10}",7425.740234375,2209.785888671875,2209.785888671875,2207.5239868164062,,,3.359999895095825,4.114999771118164,,,False,False,118790142,ae52ea07-2874-4bde-8648-ac48be0f708d,Riley King,https://s3.amazonaws.com/garmin-connect-prod/profile_images/249fcc8d-9898-4d4a-abf5-ba07581a6fcd-prth.png,https://s3.amazonaws.com/garmin-connect-prod/profile_images/249fcc8d-9898-4d4a-abf5-ba07581a6fcd-prfr.png,https://s3.amazonaws.com/garmin-connect-prod/profile_images/249fcc8d-9898-4d4a-abf5-ba07581a6fcd-prof.png,403.0,56.0,131.0,139.0,165.03125,172.0,6094.0,"['SCOPE_GOLF_API_READ', 'SCOPE_ATP_READ', 'SCOPE_DIVE_API_WRITE', 'SCOPE_COMMUNITY_COURSE_ADMIN_READ', 'SCOPE_DIVE_API_READ', 'SCOPE_DI_OAUTH_2_CLIENT_READ', 'SCOPE_CONNECT_WRITE', 'SCOPE_COMMUNITY_COURSE_WRITE', 'SCOPE_MESSAGE_GENERATION_READ', 'SCOPE_DI_OAUTH_2_CLIENT_REVOCATION_ADMIN', 'SCOPE_CONNECT_WEB_TEMPLATE_RENDER', 'SCOPE_OMT_SUBSCRIPTION_ADMIN_READ', 'SCOPE_CONNECT_NON_SOCIAL_SHARED_READ', 'SCOPE_CONNECT_READ', 'SCOPE_DI_OAUTH_2_TOKEN_ADMIN', 'ROLE_CONNECTUSER', 'ROLE_FITNESS_USER', 'ROLE_WELLNESS_USER']","{'typeId': 4, 'typeKey': 'groups'}",False,False,149,1708001860000,1,2.0,0.0,122.45999755859376,,3461278113,,,172.0,{'summarizedDiveGases': []},,GARMIN,,6,,,608.0,RECOVERY,26.787368774414062,49.7859992980957,MINOR_AEROBIC_BENEFIT_0,NO_ANAEROBIC_BENEFIT_0,"[{'noOfSplits': 1, 'duration': 2209.785888671875, 'splitType': 'INTERVAL_ACTIVE', 'numClimbSends': 0, 'maxDistance': 7425, 'distance': 7425.740234375, 'averageSpeed': 3.359999895095825, 'maxSpeed': 4.114999771118164, 'numFalls': 0}, {'noOfSplits': 1, 'duration': 1.0010000467300415, 'splitType': 'RWD_STAND', 'numClimbSends': 0, 'maxDistance': 0, 'distance': 0.0, 'averageSpeed': 0.0, 'maxSpeed': 0.0, 'numFalls': 0}, {'noOfSplits': 1, 'duration': 2182.0, 'splitType': 'RWD_RUN', 'numClimbSends': 0, 'maxDistance': 7370, 'distance': 7370.31005859375, 'averageSpeed': 3.378000020980835, 'maxSpeed': 4.114999771118164, 'numFalls': 0}, {'noOfSplits': 1, 'duration': 27.768999099731445, 'splitType': 'RWD_WALK', 'numClimbSends': 0, 'maxDistance': 55, 'distance': 55.41999816894531, 'averageSpeed': 1.996000051498413, 'maxSpeed': 2.0250000953674316, 'numFalls': 0}]",True,2,34,-8.0,False,,,,,,False,False,False,False,False,False,False,False,False,359.0,474.0,363.0,9.76999969482422,261.79998779296875,7.989999771118164,,,,,,,,,,,,,,,,
13951516715,Base,2024-02-13 17:04:09,2024-02-13 22:04:09,"{'typeId': 18, 'typeKey': 'treadmill_running', 'parentTypeId': 1, 'isHidden': False, 'trimmable': True, 'restricted': False}","{'typeId': 9, 'typeKey': 'uncategorized', 'sortOrder': 10}",10506.5595703125,3085.5849609375,3085.5849609375,3027.6289978027344,,,3.4049999713897705,5.748000144958496,,,False,False,118790142,ae52ea07-2874-4bde-8648-ac48be0f708d,Riley King,https://s3.amazonaws.com/garmin-connect-prod/profile_images/249fcc8d-9898-4d4a-abf5-ba07581a6fcd-prth.png,https://s3.amazonaws.com/garmin-connect-prod/profile_images/249fcc8d-9898-4d4a-abf5-ba07581a6fcd-prfr.png,https://s3.amazonaws.com/garmin-connect-prod/profile_images/249fcc8d-9898-4d4a-abf5-ba07581a6fcd-prof.png,641.0,78.0,141.0,182.0,160.890625,240.0,8104.0,"['SCOPE_GOLF_API_READ', 'SCOPE_ATP_READ', 'SCOPE_DIVE_API_WRITE', 'SCOPE_COMMUNITY_COURSE_ADMIN_READ', 'SCOPE_DIVE_API_READ', 'SCOPE_DI_OAUTH_2_CLIENT_READ', 'SCOPE_CONNECT_WRITE', 'SCOPE_COMMUNITY_COURSE_WRITE', 'SCOPE_MESSAGE_GENERATION_READ', 'SCOPE_DI_OAUTH_2_CLIENT_REVOCATION_ADMIN', 'SCOPE_CONNECT_WEB_TEMPLATE_RENDER', 'SCOPE_OMT_SUBSCRIPTION_ADMIN_READ', 'SCOPE_CONNECT_NON_SOCIAL_SHARED_READ', 'SCOPE_CONNECT_READ', 'SCOPE_DI_OAUTH_2_TOKEN_ADMIN', 'ROLE_CONNECTUSER', 'ROLE_FITNESS_USER', 'ROLE_WELLNESS_USER']","{'typeId': 4, 'typeKey': 'groups'}",False,False,149,1707861849000,1,2.799999952316284,0.8999999761581421,128.0199951171875,,3461278113,,,240.0,{'summarizedDiveGases': []},,GARMIN,,7,,,844.0,AEROBIC_BASE,73.37644958496094,313.3219909667969,MAINTAINING_AEROBIC_BASE_7,NO_ANAEROBIC_BENEFIT_0,"[{'noOfSplits': 1, 'duration': 3085.5849609375, 'splitType': 'INTERVAL_ACTIVE', 'numClimbSends': 0, 'maxDistance': 10506, 'distance': 10506.5498046875, 'averageSpeed': 3.4049999713897705, 'maxSpeed': 5.748000144958496, 'numFalls': 0}, {'noOfSplits': 4, 'duration': 27.0, 'splitType': 'RWD_STAND', 'numClimbSends': 0, 'maxDistance': 0, 'distance': 0.0, 'averageSpeed': 0.0, 'maxSpeed': 0.0, 'numFalls': 0}, {'noOfSplits': 4, 'duration': 3029.447021484375, 'splitType': 'RWD_RUN', 'numClimbSends': 0, 'maxDistance': 10341, 'distance': 10497.9404296875, 'averageSpeed': 3.4649999141693115, 'maxSpeed': 5.748000144958496, 'numFalls': 0}, {'noOfSplits': 6, 'duration': 33.0, 'splitType': 'RWD_WALK', 'numClimbSends': 0, 'maxDistance': 4, 'distance': 8.609999656677246, 'averageSpeed': 0.26100000739097595, 'maxSpeed': 1.875, 'numFalls': 0}]",True,1,48,-10.0,False,,,,,,False,False,False,False,False,False,False,False,False,364.0,577.0,376.0,10.05999984741211,261.70001220703125,7.929999828338623,,,,,,,,,,,,,,,,
13920507104,Bristol - Base,2024-02-11 14:54:30,2024-02-11 19:54:30,"{'typeId': 1, 'typeKey': 'running', 'parentTypeId': 17, 'isHidden': False, 'trimmable': True, 'restricted': False}","{'typeId': 9, 'typeKey': 'uncategorized', 'sortOrder': 10}",8655.5595703125,2372.89501953125,2372.89501953125,2370.7919921875,59.0,69.0,3.6480000019073486,4.394999980926514,41.65490088053048,-71.26094821840525,True,False,118790142,ae52ea07-2874-4bde-8648-ac48be0f708d,Riley King,https://s3.amazonaws.com/garmin-connect-prod/profile_images/249fcc8d-9898-4d4a-abf5-ba07581a6fcd-prth.png,https://s3.amazonaws.com/garmin-connect-prod/profile_images/249fcc8d-9898-4d4a-abf5-ba07581a6fcd-prfr.png,https://s3.amazonaws.com/garmin-connect-prod/profile_images/249fcc8d-9898-4d4a-abf5-ba07581a6fcd-prof.png,611.0,60.0,153.0,169.0,168.359375,177.0,6632.0,"['SCOPE_GOLF_API_READ', 'SCOPE_ATP_READ', 'SCOPE_DIVE_API_WRITE', 'SCOPE_COMMUNITY_COURSE_ADMIN_READ', 'SCOPE_DIVE_API_READ', 'SCOPE_DI_OAUTH_2_CLIENT_READ', 'SCOPE_CONNECT_WRITE', 'SCOPE_COMMUNITY_COURSE_WRITE', 'SCOPE_MESSAGE_GENERATION_READ', 'SCOPE_DI_OAUTH_2_CLIENT_REVOCATION_ADMIN', 'SCOPE_CONNECT_WEB_TEMPLATE_RENDER', 'SCOPE_OMT_SUBSCRIPTION_ADMIN_READ', 'SCOPE_CONNECT_NON_SOCIAL_SHARED_READ', 'SCOPE_CONNECT_READ', 'SCOPE_DI_OAUTH_2_TOKEN_ADMIN', 'ROLE_CONNECTUSER', 'ROLE_FITNESS_USER', 'ROLE_WELLNESS_USER']","{'typeId': 4, 'typeKey': 'groups'}",False,False,149,1707681270000,1,3.5,0.0,130.0199951171875,59.0,3461278113,4.0,28.0,177.0,{'summarizedDiveGases': []},0.6000003814697266,GARMIN,Bristol,6,41.65121183730662,-71.25761725008488,658.0,TEMPO,114.91542053222656,212.89500427246094,IMPROVING_AEROBIC_FITNESS_2,NO_ANAEROBIC_BENEFIT_0,"[{'noOfSplits': 1, 'totalAscent': 59.0, 'duration': 2372.89501953125, 'splitType': 'INTERVAL_ACTIVE', 'numClimbSends': 0, 'maxElevationGain': 59.0, 'averageElevationGain': 59.0, 'maxDistance': 8655, 'distance': 8655.5595703125, 'averageSpeed': 3.6480000019073486, 'maxSpeed': 4.394999980926514, 'numFalls': 0, 'elevationLoss': 69.0}, {'noOfSplits': 1, 'totalAscent': 59.0, 'duration': 2372.8759765625, 'splitType': 'RWD_RUN', 'numClimbSends': 0, 'maxElevationGain': 59.0, 'averageElevationGain': 59.0, 'maxDistance': 8655, 'distance': 8655.5595703125, 'averageSpeed': 3.6480000019073486, 'maxSpeed': 4.394999980926514, 'numFalls': 0, 'elevationLoss': 69.0}]",True,0,39,-10.0,False,,,,,,False,False,False,False,False,False,False,False,False,405.0,585.0,412.0,9.90999984741211,250.89999389648438,7.630000114440918,3.6500000953674316,,,,,,,,,,,,,,,
13903280032,Concord - Base,2024-02-10 10:42:15,2024-02-10 15:42:15,"{'typeId': 1, 'typeKey': 'running', 'parentTypeId': 17, 'isHidden': False, 'trimmable': True, 'restricted': False}","{'typeId': 9, 'typeKey': 'uncategorized', 'sortOrder': 10}",19069.9609375,5820.06298828125,7510.4638671875,5805.593017578125,171.0,161.0,3.2769999504089355,4.552999973297119,43.26151750981808,-71.52115224860609,True,False,118790142,ae52ea07-2874-4bde-8648-ac48be0f708d,Riley King,https://s3.amazonaws.com/garmin-connect-prod/profile_images/249fcc8d-9898-4d4a-abf5-ba07581a6fcd-prth.png,https://s3.amazonaws.com/garmin-connect-prod/profile_images/249fcc8d-9898-4d4a-abf5-ba07581a6fcd-prfr.png,https://s3.amazonaws.com/garmin-connect-prod/profile_images/249fcc8d-9898-4d4a-abf5-ba07581a6fcd-prof.png,1351.0,147.0,144.0,161.0,166.75,214.0,16218.0,"['SCOPE_GOLF_API_READ', 'SCOPE_ATP_READ', 'SCOPE_DIVE_API_WRITE', 'SCOPE_COMMUNITY_COURSE_ADMIN_READ', 'SCOPE_DIVE_API_READ', 'SCOPE_DI_OAUTH_2_CLIENT_READ', 'SCOPE_CONNECT_WRITE', 'SCOPE_COMMUNITY_COURSE_WRITE', 'SCOPE_MESSAGE_GENERATION_READ', 'SCOPE_DI_OAUTH_2_CLIENT_REVOCATION_ADMIN', 'SCOPE_CONNECT_WEB_TEMPLATE_RENDER', 'SCOPE_OMT_SUBSCRIPTION_ADMIN_READ', 'SCOPE_CONNECT_NON_SOCIAL_SHARED_READ', 'SCOPE_CONNECT_READ', 'SCOPE_DI_OAUTH_2_TOKEN_ADMIN', 'ROLE_CONNECTUSER', 'ROLE_FITNESS_USER', 'ROLE_WELLNESS_USER']","{'typeId': 4, 'typeKey': 'groups'}",False,False,149,1707579735000,1,3.799999952316284,0.0,117.85999755859376,59.0,3461278113,77.19999694824219,148.60000610351562,214.0,{'summarizedDiveGases': []},0.600006103515625,GARMIN,Concord,13,43.2613072078675,-71.52072904631495,1616.0,AEROBIC_BASE,144.545654296875,180.06300354003906,IMPROVING_AEROBIC_ENDURANCE_9,NO_ANAEROBIC_BENEFIT_0,"[{'noOfSplits': 1, 'totalAscent': 171.0, 'duration': 5820.06298828125, 'splitType': 'INTERVAL_ACTIVE', 'numClimbSends': 0, 'maxElevationGain': 171.0, 'averageElevationGain': 171.0, 'maxDistance': 19069, 'distance': 19069.9609375, 'averageSpeed': 3.2769999504089355, 'maxSpeed': 4.552999973297119, 'numFalls': 0, 'elevationLoss': 161.0}, {'noOfSplits': 5, 'totalAscent': 0.0, 'duration': 30.989999771118164, 'splitType': 'RWD_WALK', 'numClimbSends': 0, 'maxElevationGain': 0.0, 'averageElevationGain': 0.0, 'maxDistance': 23, 'distance': 62.970001220703125, 'averageSpeed': 2.0320000648498535, 'maxSpeed': 1.9220000505447388, 'numFalls': 0, 'elevationLoss': 0.0}, {'noOfSplits': 11, 'totalAscent': 171.0, 'duration': 5778.94384765625, 'splitType': 'RWD_RUN', 'numClimbSends': 0, 'maxElevationGain': 67.0, 'averageElevationGain': 16.0, 'maxDistance': 7580, 'distance': 18980.9296875, 'averageSpeed': 3.2839999198913574, 'maxSpeed': 4.552999973297119, 'numFalls': 0, 'elevationLoss': 161.0}, {'noOfSplits': 4, 'totalAscent': 0.0, 'duration': 15.00100040435791, 'splitType': 'RWD_STAND', 'numClimbSends': 0, 'maxElevationGain': 0.0, 'averageElevationGain': 0.0, 'maxDistance': 11, 'distance': 26.059999465942383, 'averageSpeed': 1.7369999885559082, 'maxSpeed': 0.0, 'numFalls': 0, 'elevationLoss': 0.0}]",True,0,111,-28.0,False,,,,,,False,False,False,False,False,False,False,False,False,365.0,560.0,372.0,9.45999984741211,260.20001220703125,8.050000190734863,3.312999963760376,,,,,,,,,,,,,,,
13886440376,Concord - Sprint,2024-02-09 09:37:49,2024-02-09 14:37:49,"{'typeId': 1, 'typeKey': 'running', 'parentTypeId': 17, 'isHidden': False, 'trimmable': True, 'restricted': False}","{'typeId': 9, 'typeKey': 'uncategorized', 'sortOrder': 10}",14630.7001953125,5534.01513671875,5534.01513671875,5530.95503616333,108.0,109.0,2.6440000534057617,8.687000274658203,43.26131927780807,-71.52082057669759,True,False,118790142,ae52ea07-2874-4bde-8648-ac48be0f708d,Riley King,https://s3.amazonaws.com/garmin-connect-prod/profile_images/249fcc8d-9898-4d4a-abf5-ba07581a6fcd-prth.png,https://s3.amazonaws.com/garmin-connect-prod/profile_images/249fcc8d-9898-4d4a-abf5-ba07581a6fcd-prfr.png,https://s3.amazonaws.com/garmin-connect-prod/profile_images/249fcc8d-9898-4d4a-abf5-ba07581a6fcd-prof.png,1001.0,139.0,129.0,164.0,147.859375,245.0,13724.0,"['SCOPE_GOLF_API_READ', 'SCOPE_ATP_READ', 'SCOPE_DIVE_API_WRITE', 'SCOPE_COMMUNITY_COURSE_ADMIN_READ', 'SCOPE_DIVE_API_READ', 'SCOPE_DI_OAUTH_2_CLIENT_READ', 'SCOPE_CONNECT_WRITE', 'SCOPE_COMMUNITY_COURSE_WRITE', 'SCOPE_MESSAGE_GENERATION_READ', 'SCOPE_DI_OAUTH_2_CLIENT_REVOCATION_ADMIN', 'SCOPE_CONNECT_WEB_TEMPLATE_RENDER', 'SCOPE_OMT_SUBSCRIPTION_ADMIN_READ', 'SCOPE_CONNECT_NON_SOCIAL_SHARED_READ', 'SCOPE_CONNECT_READ', 'SCOPE_DI_OAUTH_2_TOKEN_ADMIN', 'ROLE_CONNECTUSER', 'ROLE_FITNESS_USER', 'ROLE_WELLNESS_USER']","{'typeId': 2, 'typeKey': 'private'}",False,False,149,1707489469000,1,3.200000047683716,2.4000000953674316,102.95,59.0,3461278113,75.4000015258789,119.5999984741211,245.0,{'summarizedDiveGases': []},1.0,GARMIN,Concord,20,43.261306369677186,-71.52075896970928,1134.0,SPEED,130.4923858642578,15.0,IMPROVING_AEROBIC_BASE_8,MAINTAINING_FAST_FORCE_PRODUCTION_6,"[{'noOfSplits': 15, 'totalAscent': 52.0, 'duration': 1827.9990234375, 'splitType': 'RWD_WALK', 'numClimbSends': 0, 'maxElevationGain': 29.0, 'averageElevationGain': 3.0, 'maxDistance': 760, 'distance': 2930.760009765625, 'averageSpeed': 1.6030000448226929, 'maxSpeed': 2.13700008392334, 'numFalls': 0, 'elevationLoss': 11.0}, {'noOfSplits': 1, 'totalAscent': 11.0, 'duration': 900.0, 'splitType': 'INTERVAL_WARMUP', 'numClimbSends': 0, 'maxElevationGain': 11.0, 'averageElevationGain': 11.0, 'maxDistance': 2917, 'distance': 2917.2900390625, 'averageSpeed': 3.240999937057495, 'maxSpeed': 3.555000066757202, 'numFalls': 0, 'elevationLoss': 28.0}, {'noOfSplits': 14, 'totalAscent': 56.0, 'duration': 3705.998046875, 'splitType': 'RWD_RUN', 'numClimbSends': 0, 'maxElevationGain': 11.0, 'averageElevationGain': 4.0, 'maxDistance': 3435, 'distance': 11699.9404296875, 'averageSpeed': 3.1570000648498535, 'maxSpeed': 8.687000274658203, 'numFalls': 0, 'elevationLoss': 98.0}, {'noOfSplits': 6, 'totalAscent': 0.0, 'duration': 90.0, 'splitType': 'INTERVAL_ACTIVE', 'numClimbSends': 0, 'maxElevationGain': 0.0, 'averageElevationGain': 0.0, 'maxDistance': 106, 'distance': 554.3200073242188, 'averageSpeed': 6.158999919891357, 'maxSpeed': 8.687000274658203, 'numFalls': 0, 'elevationLoss': 3.0}, {'noOfSplits': 4, 'totalAscent': 2.0, 'duration': 720.0, 'splitType': 'INTERVAL_REST', 'numClimbSends': 0, 'maxElevationGain': 1.0, 'averageElevationGain': 1.0, 'maxDistance': 501, 'distance': 1348.5, 'averageSpeed': 1.8730000257492065, 'maxSpeed': 8.687000274658203, 'numFalls': 0, 'elevationLoss': 25.0}, {'noOfSplits': 1, 'totalAscent': 10.0, 'duration': 300.0, 'splitType': 'INTERVAL_RECOVERY', 'numClimbSends': 0, 'maxElevationGain': 10.0, 'averageElevationGain': 10.0, 'maxDistance': 932, 'distance': 932.7999877929688, 'averageSpeed': 3.1089999675750732, 'maxSpeed': 6.857999801635742, 'numFalls': 0, 'elevationLoss': 9.0}, {'noOfSplits': 1, 'totalAscent': 85.0, 'duration': 3523.927978515625, 'splitType': 'INTERVAL_COOLDOWN', 'numClimbSends': 0, 'maxElevationGain': 85.0, 'averageElevationGain': 85.0, 'maxDistance': 8881, 'distance': 8881.330078125, 'averageSpeed': 2.5199999809265137, 'maxSpeed': 7.446000099182129, 'numFalls': 0, 'elevationLoss': 44.0}]",True,29,61,-21.0,False,,,,,,False,False,False,False,False,False,False,False,False,273.0,1091.0,316.0,8.1,270.0,7.920000076293945,2.6730000972747803,,,,,,,,,,,,,,,
13848267076,Base,2024-02-06 17:25:59,2024-02-06 22:25:59,"{'typeId': 18, 'typeKey': 'treadmill_running', 'parentTypeId': 1, 'isHidden': False, 'trimmable': True, 'restricted': False}","{'typeId': 9, 'typeKey': 'uncategorized', 'sortOrder': 10}",9760.9697265625,2722.113037109375,2722.113037109375,2701.3980102539062,,,3.5859999656677246,4.609000205993652,,,False,False,118790142,ae52ea07-2874-4bde-8648-ac48be0f708d,Riley King,https://s3.amazonaws.com/garmin-connect-prod/profile_images/249fcc8d-9898-4d4a-abf5-ba07581a6fcd-prth.png,https://s3.amazonaws.com/garmin-connect-prod/profile_images/249fcc8d-9898-4d4a-abf5-ba07581a6fcd-prfr.png,https://s3.amazonaws.com/garmin-connect-prod/profile_images/249fcc8d-9898-4d4a-abf5-ba07581a6fcd-prof.png,627.0,69.0,147.0,182.0,161.25,179.0,7218.0,"['SCOPE_GOLF_API_READ', 'SCOPE_ATP_READ', 'SCOPE_DIVE_API_WRITE', 'SCOPE_COMMUNITY_COURSE_ADMIN_READ', 'SCOPE_DIVE_API_READ', 'SCOPE_DI_OAUTH_2_CLIENT_READ', 'SCOPE_CONNECT_WRITE', 'SCOPE_COMMUNITY_COURSE_WRITE', 'SCOPE_MESSAGE_GENERATION_READ', 'SCOPE_DI_OAUTH_2_CLIENT_REVOCATION_ADMIN', 'SCOPE_CONNECT_WEB_TEMPLATE_RENDER', 'SCOPE_OMT_SUBSCRIPTION_ADMIN_READ', 'SCOPE_CONNECT_NON_SOCIAL_SHARED_READ', 'SCOPE_CONNECT_READ', 'SCOPE_DI_OAUTH_2_TOKEN_ADMIN', 'ROLE_CONNECTUSER', 'ROLE_FITNESS_USER', 'ROLE_WELLNESS_USER']","{'typeId': 2, 'typeKey': 'private'}",False,False,149,1707258359000,1,3.299999952316284,0.6000000238418579,133.8,,3461278113,,,179.0,{'summarizedDiveGases': []},,GARMIN,,7,,,752.0,TEMPO,103.70832824707031,168.33999633789062,IMPROVING_AEROBIC_FITNESS_2,NO_ANAEROBIC_BENEFIT_0,"[{'noOfSplits': 1, 'duration': 2722.113037109375, 'splitType': 'INTERVAL_ACTIVE', 'numClimbSends': 0, 'maxDistance': 9760, 'distance': 9760.98046875, 'averageSpeed': 3.5859999656677246, 'maxSpeed': 4.609000205993652, 'numFalls': 0}, {'noOfSplits': 2, 'duration': 15.0, 'splitType': 'RWD_WALK', 'numClimbSends': 0, 'maxDistance': 6, 'distance': 6.5, 'averageSpeed': 0.4339999854564667, 'maxSpeed': 1.437000036239624, 'numFalls': 0}, {'noOfSplits': 1, 'duration': 2702.0, 'splitType': 'RWD_RUN', 'numClimbSends': 0, 'maxDistance': 9754, 'distance': 9754.4697265625, 'averageSpeed': 3.609999895095825, 'maxSpeed': 4.609000205993652, 'numFalls': 0}, {'noOfSplits': 1, 'duration': 5.0229997634887695, 'splitType': 'RWD_STAND', 'numClimbSends': 0, 'maxDistance': 0, 'distance': 0.0, 'averageSpeed': 0.0, 'maxSpeed': 0.0, 'numFalls': 0}]",True,1,44,-9.0,False,,,,,,False,False,False,False,False,False,False,False,False,381.0,506.0,389.0,10.430000305175781,260.8999938964844,7.860000133514404,,,,,,,,,,,,,,,,
13831781364,Treadmill Running,2024-02-05 16:18:01,2024-02-05 21:18:01,"{'typeId': 18, 'typeKey': 'treadmill_running', 'parentTypeId': 1, 'isHidden': False, 'trimmable': True, 'restricted': False}","{'typeId': 9, 'typeKey': 'uncategorized', 'sortOrder': 10}",3357.840087890625,849.0289916992188,849.0289916992188,848.0959777832031,,,3.954999923706055,5.972000122070312,,,False,False,118790142,ae52ea07-2874-4bde-8648-ac48be0f708d,Riley King,https://s3.amazonaws.com/garmin-connect-prod/profile_images/249fcc8d-9898-4d4a-abf5-ba07581a6fcd-prth.png,https://s3.amazonaws.com/garmin-connect-prod/profile_images/249fcc8d-9898-4d4a-abf5-ba07581a6fcd-prfr.png,https://s3.amazonaws.com/garmin-connect-prod/profile_images/249fcc8d-9898-4d4a-abf5-ba07581a6fcd-prof.png,224.0,21.0,161.0,183.0,164.859375,188.0,2134.0,"['SCOPE_GOLF_API_READ', 'SCOPE_ATP_READ', 'SCOPE_DIVE_API_WRITE', 'SCOPE_COMMUNITY_COURSE_ADMIN_READ', 'SCOPE_DIVE_API_READ', 'SCOPE_DI_OAUTH_2_CLIENT_READ', 'SCOPE_CONNECT_WRITE', 'SCOPE_COMMUNITY_COURSE_WRITE', 'SCOPE_MESSAGE_GENERATION_READ', 'SCOPE_DI_OAUTH_2_CLIENT_REVOCATION_ADMIN', 'SCOPE_CONNECT_WEB_TEMPLATE_RENDER', 'SCOPE_OMT_SUBSCRIPTION_ADMIN_READ', 'SCOPE_CONNECT_NON_SOCIAL_SHARED_READ', 'SCOPE_CONNECT_READ', 'SCOPE_DI_OAUTH_2_TOKEN_ADMIN', 'ROLE_CONNECTUSER', 'ROLE_FITNESS_USER', 'ROLE_WELLNESS_USER']","{'typeId': 2, 'typeKey': 'private'}",False,False,149,1707167881000,1,2.799999952316284,0.6000000238418579,142.5199951171875,,3461278113,,,188.0,{'summarizedDiveGases': []},,GARMIN,,3,,,230.0,TEMPO,66.71299743652344,63.93299865722656,MAINTAINING_TEMPO_21,NO_ANAEROBIC_BENEFIT_0,"[{'noOfSplits': 1, 'duration': 849.0289916992188, 'splitType': 'INTERVAL_ACTIVE', 'numClimbSends': 0, 'maxDistance': 3357, 'distance': 3357.840087890625, 'averageSpeed': 3.9549999237060547, 'maxSpeed': 5.9720001220703125, 'numFalls': 0}, {'noOfSplits': 3, 'duration': 47.00899887084961, 'splitType': 'RWD_WALK', 'numClimbSends': 0, 'maxDistance': 61, 'distance': 96.26000213623047, 'averageSpeed': 2.0480000972747803, 'maxSpeed': 2.2019999027252197, 'numFalls': 0}, {'noOfSplits': 2, 'duration': 806.0009765625, 'splitType': 'RWD_RUN', 'numClimbSends': 0, 'maxDistance': 3246, 'distance': 3261.570068359375, 'averageSpeed': 4.046999931335449, 'maxSpeed': 5.9720001220703125, 'numFalls': 0}]",True,1,12,-3.0,False,,,,,,False,False,False,False,False,False,False,False,False,407.0,581.0,426.0,10.15,250.60000610351562,7.21999979019165,,,,,,,,,,,,,,,,
13817947469,Bristol - Base,2024-02-04 15:26:24,2024-02-04 20:26:24,"{'typeId': 1, 'typeKey': 'running', 'parentTypeId': 17, 'isHidden': False, 'trimmable': True, 'restricted': False}","{'typeId': 9, 'typeKey': 'uncategorized', 'sortOrder': 10}",14739.16015625,4947.701171875,4947.701171875,4941.968012809753,85.0,87.0,2.979000091552734,4.179999828338623,41.65111678652465,-71.25754776410758,True,False,118790142,ae52ea07-2874-4bde-8648-ac48be0f708d,Riley King,https://s3.amazonaws.com/garmin-connect-prod/profile_images/249fcc8d-9898-4d4a-abf5-ba07581a6fcd-prth.png,https://s3.amazonaws.com/garmin-connect-prod/profile_images/249fcc8d-9898-4d4a-abf5-ba07581a6fcd-prfr.png,https://s3.amazonaws.com/garmin-connect-prod/profile_images/249fcc8d-9898-4d4a-abf5-ba07581a6fcd-prof.png,1027.0,125.0,138.0,168.0,155.171875,237.0,12832.0,"['SCOPE_GOLF_API_READ', 'SCOPE_ATP_READ', 'SCOPE_DIVE_API_WRITE', 'SCOPE_COMMUNITY_COURSE_ADMIN_READ', 'SCOPE_DIVE_API_READ', 'SCOPE_DI_OAUTH_2_CLIENT_READ', 'SCOPE_CONNECT_WRITE', 'SCOPE_COMMUNITY_COURSE_WRITE', 'SCOPE_MESSAGE_GENERATION_READ', 'SCOPE_DI_OAUTH_2_CLIENT_REVOCATION_ADMIN', 'SCOPE_CONNECT_WEB_TEMPLATE_RENDER', 'SCOPE_OMT_SUBSCRIPTION_ADMIN_READ', 'SCOPE_CONNECT_NON_SOCIAL_SHARED_READ', 'SCOPE_CONNECT_READ', 'SCOPE_DI_OAUTH_2_TOKEN_ADMIN', 'ROLE_CONNECTUSER', 'ROLE_FITNESS_USER', 'ROLE_WELLNESS_USER']","{'typeId': 2, 'typeKey': 'private'}",False,False,149,1707078384000,1,3.5,0.0,113.3300048828125,59.0,3461278113,4.199999809265137,27.0,237.0,{'summarizedDiveGases': []},0.6000003814697266,GARMIN,Bristol,11,41.65112868882716,-71.25759839080274,1165.0,AEROBIC_BASE,116.14329528808594,12.630000114440918,IMPROVING_AEROBIC_ENDURANCE_9,NO_ANAEROBIC_BENEFIT_0,"[{'noOfSplits': 1, 'totalAscent': 85.0, 'duration': 4947.701171875, 'splitType': 'INTERVAL_ACTIVE', 'numClimbSends': 0, 'maxElevationGain': 85.0, 'averageElevationGain': 85.0, 'maxDistance': 14739, 'distance': 14739.16015625, 'averageSpeed': 2.9790000915527344, 'maxSpeed': 4.179999828338623, 'numFalls': 0, 'elevationLoss': 87.0}, {'noOfSplits': 4, 'totalAscent': 14.0, 'duration': 1210.0, 'splitType': 'RWD_WALK', 'numClimbSends': 0, 'maxElevationGain': 10.0, 'averageElevationGain': 4.0, 'maxDistance': 1405, 'distance': 2094.81005859375, 'averageSpeed': 1.7309999465942383, 'maxSpeed': 2.1740000247955322, 'numFalls': 0, 'elevationLoss': 8.0}, {'noOfSplits': 4, 'totalAscent': 71.0, 'duration': 3742.610107421875, 'splitType': 'RWD_RUN', 'numClimbSends': 0, 'maxElevationGain': 51.0, 'averageElevationGain': 18.0, 'maxDistance': 6960, 'distance': 12644.3603515625, 'averageSpeed': 3.378000020980835, 'maxSpeed': 4.179999828338623, 'numFalls': 0, 'elevationLoss': 79.0}]",True,20,61,-16.0,False,,,,,,False,False,False,False,False,False,False,False,False,318.0,535.0,355.0,8.830000305175782,263.79998779296875,7.760000228881836,2.990999937057495,,,,,,,,,,,,,,,
13802128383,Treadmill Running,2024-02-03 17:18:26,2024-02-03 22:18:26,"{'typeId': 18, 'typeKey': 'treadmill_running', 'parentTypeId': 1, 'isHidden': False, 'trimmable': True, 'restricted': False}","{'typeId': 9, 'typeKey': 'uncategorized', 'sortOrder': 10}",4924.7998046875,1261.0880126953125,1261.0880126953125,1259.3089904785156,,,3.904999971389771,6.168000221252441,,,False,False,118790142,ae52ea07-2874-4bde-8648-ac48be0f708d,Riley King,https://s3.amazonaws.com/garmin-connect-prod/profile_images/249fcc8d-9898-4d4a-abf5-ba07581a6fcd-prth.png,https://s3.amazonaws.com/garmin-connect-prod/profile_images/249fcc8d-9898-4d4a-abf5-ba07581a6fcd-prfr.png,https://s3.amazonaws.com/garmin-connect-prod/profile_images/249fcc8d-9898-4d4a-abf5-ba07581a6fcd-prof.png,325.0,32.0,158.0,177.0,168.640625,190.0,3454.0,"['SCOPE_GOLF_API_READ', 'SCOPE_ATP_READ', 'SCOPE_DIVE_API_WRITE', 'SCOPE_COMMUNITY_COURSE_ADMIN_READ', 'SCOPE_DIVE_API_READ', 'SCOPE_DI_OAUTH_2_CLIENT_READ', 'SCOPE_CONNECT_WRITE', 'SCOPE_COMMUNITY_COURSE_WRITE', 'SCOPE_MESSAGE_GENERATION_READ', 'SCOPE_DI_OAUTH_2_CLIENT_REVOCATION_ADMIN', 'SCOPE_CONNECT_WEB_TEMPLATE_RENDER', 'SCOPE_OMT_SUBSCRIPTION_ADMIN_READ', 'SCOPE_CONNECT_NON_SOCIAL_SHARED_READ', 'SCOPE_CONNECT_READ', 'SCOPE_DI_OAUTH_2_TOKEN_ADMIN', 'ROLE_CONNECTUSER', 'ROLE_FITNESS_USER', 'ROLE_WELLNESS_USER']","{'typeId': 2, 'typeKey': 'private'}",False,False,149,1706998706000,1,3.0,2.0999999046325684,137.1,,3461278113,,,190.0,{'summarizedDiveGases': []},,GARMIN,,4,,,350.0,TEMPO,103.04505920410156,27.77899932861328,IMPACTING_TEMPO_22,MAINTAINING_ANAEROBIC_BASE_1,"[{'noOfSplits': 1, 'duration': 1261.0880126953125, 'splitType': 'INTERVAL_ACTIVE', 'numClimbSends': 0, 'maxDistance': 4924, 'distance': 4924.7998046875, 'averageSpeed': 3.9049999713897705, 'maxSpeed': 6.168000221252441, 'numFalls': 0}, {'noOfSplits': 1, 'duration': 1261.071044921875, 'splitType': 'RWD_RUN', 'numClimbSends': 0, 'maxDistance': 4924, 'distance': 4924.7998046875, 'averageSpeed': 3.9049999713897705, 'maxSpeed': 6.168000221252441, 'numFalls': 0}]",True,0,20,-4.0,False,,,,,,False,False,False,False,False,False,False,False,False,396.0,582.0,417.0,9.75,245.60000610351562,7.389999866485596,,,,,,,,,,,,,,,,
13801952139,Base,2024-02-03 16:41:01,2024-02-03 21:41:01,"{'typeId': 18, 'typeKey': 'treadmill_running', 'parentTypeId': 1, 'isHidden': False, 'trimmable': True, 'restricted': False}","{'typeId': 9, 'typeKey': 'uncategorized', 'sortOrder': 10}",3226.9599609375,836.0269775390625,2227.5869140625,835.781005859375,,,3.859999895095825,4.35699987411499,,,False,False,118790142,ae52ea07-2874-4bde-8648-ac48be0f708d,Riley King,https://s3.amazonaws.com/garmin-connect-prod/profile_images/249fcc8d-9898-4d4a-abf5-ba07581a6fcd-prth.png,https://s3.amazonaws.com/garmin-connect-prod/profile_images/249fcc8d-9898-4d4a-abf5-ba07581a6fcd-prfr.png,https://s3.amazonaws.com/garmin-connect-prod/profile_images/249fcc8d-9898-4d4a-abf5-ba07581a6fcd-prof.png,191.0,21.0,142.0,159.0,160.296875,242.0,2236.0,"['SCOPE_GOLF_API_READ', 'SCOPE_ATP_READ', 'SCOPE_DIVE_API_WRITE', 'SCOPE_COMMUNITY_COURSE_ADMIN_READ', 'SCOPE_DIVE_API_READ', 'SCOPE_DI_OAUTH_2_CLIENT_READ', 'SCOPE_CONNECT_WRITE', 'SCOPE_COMMUNITY_COURSE_WRITE', 'SCOPE_MESSAGE_GENERATION_READ', 'SCOPE_DI_OAUTH_2_CLIENT_REVOCATION_ADMIN', 'SCOPE_CONNECT_WEB_TEMPLATE_RENDER', 'SCOPE_OMT_SUBSCRIPTION_ADMIN_READ', 'SCOPE_CONNECT_NON_SOCIAL_SHARED_READ', 'SCOPE_CONNECT_READ', 'SCOPE_DI_OAUTH_2_TOKEN_ADMIN', 'ROLE_CONNECTUSER', 'ROLE_FITNESS_USER', 'ROLE_WELLNESS_USER']","{'typeId': 2, 'typeKey': 'private'}",False,False,149,1706996461000,1,2.0,0.0,144.5199951171875,,3461278113,,,242.0,{'summarizedDiveGases': []},,GARMIN,,3,,,231.0,RECOVERY,25.571746826171875,1.246000051498413,MINOR_AEROBIC_BENEFIT_0,NO_ANAEROBIC_BENEFIT_0,"[{'noOfSplits': 1, 'duration': 836.0269775390625, 'splitType': 'INTERVAL_ACTIVE', 'numClimbSends': 0, 'maxDistance': 3226, 'distance': 3226.969970703125, 'averageSpeed': 3.859999895095825, 'maxSpeed': 4.35699987411499, 'numFalls': 0}, {'noOfSplits': 2, 'duration': 835.4320068359375, 'splitType': 'RWD_RUN', 'numClimbSends': 0, 'maxDistance': 1669, 'distance': 3225.139892578125, 'averageSpeed': 3.859999895095825, 'maxSpeed': 4.35699987411499, 'numFalls': 0}, {'noOfSplits': 1, 'duration': 0.574999988079071, 'splitType': 'RWD_WALK', 'numClimbSends': 0, 'maxDistance': 1, 'distance': 1.8200000524520874, 'averageSpeed': 3.1640000343322754, 'maxSpeed': 1.819000005722046, 'numFalls': 0}]",True,0,32,-3.0,False,,,,,,False,False,False,False,False,False,False,False,False,411.0,494.0,411.0,10.980000305175782,258.8999938964844,7.639999866485596,,,,,,,,,,,,,,,,
13769010541,Bristol - Base,2024-02-01 11:43:43,2024-02-01 16:43:43,"{'typeId': 1, 'typeKey': 'running', 'parentTypeId': 17, 'isHidden': False, 'trimmable': True, 'restricted': False}","{'typeId': 9, 'typeKey': 'uncategorized', 'sortOrder': 10}",13526.2900390625,4663.64794921875,4811.2529296875,4660.7349853515625,97.0,97.0,2.900000095367431,4.479000091552734,41.651212088763714,-71.25758020207286,True,False,118790142,ae52ea07-2874-4bde-8648-ac48be0f708d,Riley King,https://s3.amazonaws.com/garmin-connect-prod/profile_images/249fcc8d-9898-4d4a-abf5-ba07581a6fcd-prth.png,https://s3.amazonaws.com/garmin-connect-prod/profile_images/249fcc8d-9898-4d4a-abf5-ba07581a6fcd-prfr.png,https://s3.amazonaws.com/garmin-connect-prod/profile_images/249fcc8d-9898-4d4a-abf5-ba07581a6fcd-prof.png,932.0,118.0,130.0,162.0,152.296875,176.0,11856.0,"['SCOPE_GOLF_API_READ', 'SCOPE_ATP_READ', 'SCOPE_DIVE_API_WRITE', 'SCOPE_COMMUNITY_COURSE_ADMIN_READ', 'SCOPE_DIVE_API_READ', 'SCOPE_DI_OAUTH_2_CLIENT_READ', 'SCOPE_CONNECT_WRITE', 'SCOPE_COMMUNITY_COURSE_WRITE', 'SCOPE_MESSAGE_GENERATION_READ', 'SCOPE_DI_OAUTH_2_CLIENT_REVOCATION_ADMIN', 'SCOPE_CONNECT_WEB_TEMPLATE_RENDER', 'SCOPE_OMT_SUBSCRIPTION_ADMIN_READ', 'SCOPE_CONNECT_NON_SOCIAL_SHARED_READ', 'SCOPE_CONNECT_READ', 'SCOPE_DI_OAUTH_2_TOKEN_ADMIN', 'ROLE_CONNECTUSER', 'ROLE_FITNESS_USER', 'ROLE_WELLNESS_USER']","{'typeId': 2, 'typeKey': 'private'}",False,False,149,1706805823000,1,3.5,0.0,111.29000244140626,59.0,3461278113,7.800000190734863,54.79999923706055,176.0,{'summarizedDiveGases': []},0.6000003814697266,GARMIN,Bristol,9,41.65126531384885,-71.2575921881944,1077.0,AEROBIC_BASE,116.00057983398438,233.38699340820312,IMPROVING_AEROBIC_ENDURANCE_9,NO_ANAEROBIC_BENEFIT_0,"[{'noOfSplits': 1, 'totalAscent': 97.0, 'duration': 4663.64794921875, 'splitType': 'INTERVAL_ACTIVE', 'numClimbSends': 0, 'maxElevationGain': 97.0, 'averageElevationGain': 97.0, 'maxDistance': 13526, 'distance': 13526.2900390625, 'averageSpeed': 2.9000000953674316, 'maxSpeed': 4.479000091552734, 'numFalls': 0, 'elevationLoss': 97.0}, {'noOfSplits': 6, 'totalAscent': 91.0, 'duration': 3228.4990234375, 'splitType': 'RWD_RUN', 'numClimbSends': 0, 'maxElevationGain': 46.0, 'averageElevationGain': 15.0, 'maxDistance': 3561, 'distance': 11112.330078125, 'averageSpeed': 3.441999912261963, 'maxSpeed': 4.479000091552734, 'numFalls': 0, 'elevationLoss': 87.0}, {'noOfSplits': 4, 'totalAscent': 6.0, 'duration': 1435.072021484375, 'splitType': 'RWD_WALK', 'numClimbSends': 0, 'maxElevationGain': 2.0, 'averageElevationGain': 1.0, 'maxDistance': 1840, 'distance': 2413.9599609375, 'averageSpeed': 1.6820000410079956, 'maxSpeed': 2.882999897003174, 'numFalls': 0, 'elevationLoss': 10.0}]",True,24,55,-16.0,False,,,,,,False,False,False,False,False,False,False,False,False,310.0,584.0,358.0,8.60999984741211,270.5,7.730000019073486,2.9130001068115234,,,,,,,,,,,,,,,
13742135055,Base,2024-01-30 16:54:45,2024-01-30 21:54:45,"{'typeId': 1, 'typeKey': 'running', 'parentTypeId': 17, 'isHidden': False, 'trimmable': True, 'restricted': False}","{'typeId': 9, 'typeKey': 'uncategorized', 'sortOrder': 10}",8052.1298828125,2498.740966796875,2498.740966796875,2475.1380004882812,1.0,2.0,3.221999883651734,4.927000045776367,,,False,False,118790142,ae52ea07-2874-4bde-8648-ac48be0f708d,Riley King,https://s3.amazonaws.com/garmin-connect-prod/profile_images/249fcc8d-9898-4d4a-abf5-ba07581a6fcd-prth.png,https://s3.amazonaws.com/garmin-connect-prod/profile_images/249fcc8d-9898-4d4a-abf5-ba07581a6fcd-prfr.png,https://s3.amazonaws.com/garmin-connect-prod/profile_images/249fcc8d-9898-4d4a-abf5-ba07581a6fcd-prof.png,587.0,63.0,149.0,184.0,158.9375,178.0,6508.0,"['SCOPE_GOLF_API_READ', 'SCOPE_ATP_READ', 'SCOPE_DIVE_API_WRITE', 'SCOPE_COMMUNITY_COURSE_ADMIN_READ', 'SCOPE_DIVE_API_READ', 'SCOPE_DI_OAUTH_2_CLIENT_READ', 'SCOPE_CONNECT_WRITE', 'SCOPE_COMMUNITY_COURSE_WRITE', 'SCOPE_MESSAGE_GENERATION_READ', 'SCOPE_DI_OAUTH_2_CLIENT_REVOCATION_ADMIN', 'SCOPE_CONNECT_WEB_TEMPLATE_RENDER', 'SCOPE_OMT_SUBSCRIPTION_ADMIN_READ', 'SCOPE_CONNECT_NON_SOCIAL_SHARED_READ', 'SCOPE_CONNECT_READ', 'SCOPE_DI_OAUTH_2_TOKEN_ADMIN', 'ROLE_CONNECTUSER', 'ROLE_FITNESS_USER', 'ROLE_WELLNESS_USER']","{'typeId': 2, 'typeKey': 'private'}",False,False,149,1706651685000,1,3.5,1.899999976158142,121.66999511718751,,3461278113,23.200000762939453,25.600000381469727,178.0,{'summarizedDiveGases': []},0.20000076293945312,GARMIN,,6,,,692.0,TEMPO,133.24253845214844,230.75599670410156,IMPROVING_AEROBIC_FITNESS_2,MINOR_ANAEROBIC_BENEFIT_15,"[{'noOfSplits': 1, 'totalAscent': 1.0, 'duration': 2498.740966796875, 'splitType': 'INTERVAL_ACTIVE', 'numClimbSends': 0, 'maxElevationGain': 1.0, 'averageElevationGain': 1.0, 'maxDistance': 8052, 'distance': 8052.14013671875, 'averageSpeed': 3.2219998836517334, 'maxSpeed': 4.927000045776367, 'numFalls': 0, 'elevationLoss': 2.0}, {'noOfSplits': 1, 'totalAscent': 0.0, 'duration': 4.0, 'splitType': 'RWD_WALK', 'numClimbSends': 0, 'maxElevationGain': 0.0, 'averageElevationGain': 0.0, 'maxDistance': 0, 'distance': 0.0, 'averageSpeed': 0.0, 'maxSpeed': 0.0, 'numFalls': 0, 'elevationLoss': 0.0}, {'noOfSplits': 3, 'totalAscent': 0.0, 'duration': 14.722999572753906, 'splitType': 'RWD_STAND', 'numClimbSends': 0, 'maxElevationGain': 0.0, 'averageElevationGain': 0.0, 'maxDistance': 0, 'distance': 0.0, 'averageSpeed': 0.0, 'maxSpeed': 0.0, 'numFalls': 0, 'elevationLoss': 0.0}, {'noOfSplits': 2, 'totalAscent': 1.0, 'duration': 2484.0, 'splitType': 'RWD_RUN', 'numClimbSends': 0, 'maxElevationGain': 1.0, 'averageElevationGain': 1.0, 'maxDistance': 8047, 'distance': 8052.14013671875, 'averageSpeed': 3.242000102996826, 'maxSpeed': 4.927000045776367, 'numFalls': 0, 'elevationLoss': 2.0}]",True,0,41,-9.0,False,,,,,,False,False,False,False,False,False,False,False,False,344.0,519.0,350.0,10.100000000000001,273.3999938964844,8.329999923706055,,,,,,,,,,,,,,,,
13710095497,Bristol - Base,2024-01-28 13:00:24,2024-01-28 18:00:24,"{'typeId': 1, 'typeKey': 'running', 'parentTypeId': 17, 'isHidden': False, 'trimmable': True, 'restricted': False}","{'typeId': 9, 'typeKey': 'uncategorized', 'sortOrder': 10}",18455.720703125,5797.5029296875,5919.208984375,5773.325042724609,124.0,118.0,3.183000087738037,3.9660000801086426,41.6510883718729,-71.25806895084679,True,False,118790142,ae52ea07-2874-4bde-8648-ac48be0f708d,Riley King,https://s3.amazonaws.com/garmin-connect-prod/profile_images/249fcc8d-9898-4d4a-abf5-ba07581a6fcd-prth.png,https://s3.amazonaws.com/garmin-connect-prod/profile_images/249fcc8d-9898-4d4a-abf5-ba07581a6fcd-prfr.png,https://s3.amazonaws.com/garmin-connect-prod/profile_images/249fcc8d-9898-4d4a-abf5-ba07581a6fcd-prof.png,1310.0,146.0,145.0,168.0,165.421875,173.0,16024.0,"['SCOPE_GOLF_API_READ', 'SCOPE_ATP_READ', 'SCOPE_DIVE_API_WRITE', 'SCOPE_COMMUNITY_COURSE_ADMIN_READ', 'SCOPE_DIVE_API_READ', 'SCOPE_DI_OAUTH_2_CLIENT_READ', 'SCOPE_CONNECT_WRITE', 'SCOPE_COMMUNITY_COURSE_WRITE', 'SCOPE_MESSAGE_GENERATION_READ', 'SCOPE_DI_OAUTH_2_CLIENT_REVOCATION_ADMIN', 'SCOPE_CONNECT_WEB_TEMPLATE_RENDER', 'SCOPE_OMT_SUBSCRIPTION_ADMIN_READ', 'SCOPE_CONNECT_NON_SOCIAL_SHARED_READ', 'SCOPE_CONNECT_READ', 'SCOPE_DI_OAUTH_2_TOKEN_ADMIN', 'ROLE_CONNECTUSER', 'ROLE_FITNESS_USER', 'ROLE_WELLNESS_USER']","{'typeId': 2, 'typeKey': 'private'}",False,False,149,1706464824000,1,3.799999952316284,0.20000000298023224,115.8699951171875,59.0,3461278113,9.600000381469727,52.400001525878906,173.0,{'summarizedDiveGases': []},0.7999992370605469,GARMIN,Bristol,12,41.651137908920646,-71.25759989954531,1610.0,AEROBIC_BASE,138.7861328125,312.3550109863281,IMPROVING_AEROBIC_ENDURANCE_9,NO_ANAEROBIC_BENEFIT_0,"[{'noOfSplits': 1, 'totalAscent': 124.0, 'duration': 5797.5029296875, 'splitType': 'INTERVAL_ACTIVE', 'numClimbSends': 0, 'maxElevationGain': 124.0, 'averageElevationGain': 124.0, 'maxDistance': 18455, 'distance': 18455.720703125, 'averageSpeed': 3.183000087738037, 'maxSpeed': 3.9660000801086426, 'numFalls': 0, 'elevationLoss': 118.0}, {'noOfSplits': 3, 'totalAscent': 0.0, 'duration': 9.666000366210938, 'splitType': 'RWD_WALK', 'numClimbSends': 0, 'maxElevationGain': 0.0, 'averageElevationGain': 0.0, 'maxDistance': 2, 'distance': 2.9800000190734863, 'averageSpeed': 0.30799999833106995, 'maxSpeed': 2.183000087738037, 'numFalls': 0, 'elevationLoss': 0.0}, {'noOfSplits': 2, 'totalAscent': 0.0, 'duration': 16.628000259399414, 'splitType': 'RWD_STAND', 'numClimbSends': 0, 'maxElevationGain': 0.0, 'averageElevationGain': 0.0, 'maxDistance': 19, 'distance': 20.270000457763672, 'averageSpeed': 1.218999981880188, 'maxSpeed': 0.0, 'numFalls': 0, 'elevationLoss': 0.0}, {'noOfSplits': 2, 'totalAscent': 124.0, 'duration': 5775.0908203125, 'splitType': 'RWD_RUN', 'numClimbSends': 0, 'maxElevationGain': 76.0, 'averageElevationGain': 62.0, 'maxDistance': 12702, 'distance': 18432.470703125, 'averageSpeed': 3.191999912261963, 'maxSpeed': 3.9660000801086426, 'numFalls': 0, 'elevationLoss': 118.0}]",True,1,96,-25.0,False,,,,,,False,False,False,False,False,False,False,False,False,354.0,577.0,361.0,9.509999847412109,264.3999938964844,8.220000267028809,3.2109999656677246,,,,,,,,,,,,,,,
13664208761,Bristol - Base,2024-01-25 14:18:13,2024-01-25 19:18:13,"{'typeId': 1, 'typeKey': 'running', 'parentTypeId': 17, 'isHidden': False, 'trimmable': True, 'restricted': False}","{'typeId': 9, 'typeKey': 'uncategorized', 'sortOrder': 10}",9244.9296875,2883.76904296875,2883.76904296875,2881.5690307617188,65.0,66.0,3.2060000896453857,3.6579999923706055,41.651180321350694,-71.25762227922678,True,False,118790142,ae52ea07-2874-4bde-8648-ac48be0f708d,Riley King,https://s3.amazonaws.com/garmin-connect-prod/profile_images/249fcc8d-9898-4d4a-abf5-ba07581a6fcd-prth.png,https://s3.amazonaws.com/garmin-connect-prod/profile_images/249fcc8d-9898-4d4a-abf5-ba07581a6fcd-prfr.png,https://s3.amazonaws.com/garmin-connect-prod/profile_images/249fcc8d-9898-4d4a-abf5-ba07581a6fcd-prof.png,642.0,73.0,141.0,171.0,164.203125,169.0,7890.0,"['SCOPE_GOLF_API_READ', 'SCOPE_ATP_READ', 'SCOPE_DIVE_API_WRITE', 'SCOPE_COMMUNITY_COURSE_ADMIN_READ', 'SCOPE_DIVE_API_READ', 'SCOPE_DI_OAUTH_2_CLIENT_READ', 'SCOPE_CONNECT_WRITE', 'SCOPE_COMMUNITY_COURSE_WRITE', 'SCOPE_MESSAGE_GENERATION_READ', 'SCOPE_DI_OAUTH_2_CLIENT_REVOCATION_ADMIN', 'SCOPE_CONNECT_WEB_TEMPLATE_RENDER', 'SCOPE_OMT_SUBSCRIPTION_ADMIN_READ', 'SCOPE_CONNECT_NON_SOCIAL_SHARED_READ', 'SCOPE_CONNECT_READ', 'SCOPE_DI_OAUTH_2_TOKEN_ADMIN', 'ROLE_CONNECTUSER', 'ROLE_FITNESS_USER', 'ROLE_WELLNESS_USER']","{'typeId': 2, 'typeKey': 'private'}",False,False,149,1706210293000,1,3.0999999046325684,0.0,117.1199951171875,59.0,3461278113,6.400000095367432,31.200000762939453,169.0,{'summarizedDiveGases': []},0.40000152587890625,GARMIN,Bristol,6,41.65120211429894,-71.2576072756201,800.0,AEROBIC_BASE,73.99928283691406,392.6090087890625,IMPROVING_AEROBIC_BASE_8,NO_ANAEROBIC_BENEFIT_0,"[{'noOfSplits': 1, 'totalAscent': 65.0, 'duration': 2883.76904296875, 'splitType': 'INTERVAL_ACTIVE', 'numClimbSends': 0, 'maxElevationGain': 65.0, 'averageElevationGain': 65.0, 'maxDistance': 9244, 'distance': 9244.9296875, 'averageSpeed': 3.2060000896453857, 'maxSpeed': 3.6579999923706055, 'numFalls': 0, 'elevationLoss': 66.0}, {'noOfSplits': 1, 'totalAscent': 0.0, 'duration': 5.0, 'splitType': 'RWD_STAND', 'numClimbSends': 0, 'maxElevationGain': 0.0, 'averageElevationGain': 0.0, 'maxDistance': 9, 'distance': 9.5600004196167, 'averageSpeed': 1.9119999408721924, 'maxSpeed': 1.7079999446868896, 'numFalls': 0, 'elevationLoss': 0.0}, {'noOfSplits': 1, 'totalAscent': 65.0, 'duration': 2883.756103515625, 'splitType': 'RWD_RUN', 'numClimbSends': 0, 'maxElevationGain': 65.0, 'averageElevationGain': 65.0, 'maxDistance': 9235, 'distance': 9235.3603515625, 'averageSpeed': 3.203000068664551, 'maxSpeed': 3.6579999923706055, 'numFalls': 0, 'elevationLoss': 66.0}]",True,1,46,-10.0,False,,,,,,False,False,False,False,False,False,False,False,False,351.0,515.0,358.0,9.690000152587892,267.5,8.279999732971191,3.2179999351501465,,,,,,,,,,,,,,,
13652408924,Treadmill Running,2024-01-24 19:31:00,2024-01-25 00:31:00,"{'typeId': 18, 'typeKey': 'treadmill_running', 'parentTypeId': 1, 'isHidden': False, 'trimmable': True, 'restricted': False}","{'typeId': 9, 'typeKey': 'uncategorized', 'sortOrder': 10}",4860.52978515625,1160.56103515625,1160.56103515625,1152.3930053710938,,,4.188000202178955,5.309000015258789,,,False,False,118790142,ae52ea07-2874-4bde-8648-ac48be0f708d,Riley King,https://s3.amazonaws.com/garmin-connect-prod/profile_images/249fcc8d-9898-4d4a-abf5-ba07581a6fcd-prth.png,https://s3.amazonaws.com/garmin-connect-prod/profile_images/249fcc8d-9898-4d4a-abf5-ba07581a6fcd-prfr.png,https://s3.amazonaws.com/garmin-connect-prod/profile_images/249fcc8d-9898-4d4a-abf5-ba07581a6fcd-prof.png,329.0,29.0,173.0,189.0,163.6875,175.0,3092.0,"['SCOPE_GOLF_API_READ', 'SCOPE_ATP_READ', 'SCOPE_DIVE_API_WRITE', 'SCOPE_COMMUNITY_COURSE_ADMIN_READ', 'SCOPE_DIVE_API_READ', 'SCOPE_DI_OAUTH_2_CLIENT_READ', 'SCOPE_CONNECT_WRITE', 'SCOPE_COMMUNITY_COURSE_WRITE', 'SCOPE_MESSAGE_GENERATION_READ', 'SCOPE_DI_OAUTH_2_CLIENT_REVOCATION_ADMIN', 'SCOPE_CONNECT_WEB_TEMPLATE_RENDER', 'SCOPE_OMT_SUBSCRIPTION_ADMIN_READ', 'SCOPE_CONNECT_NON_SOCIAL_SHARED_READ', 'SCOPE_CONNECT_READ', 'SCOPE_DI_OAUTH_2_TOKEN_ADMIN', 'ROLE_CONNECTUSER', 'ROLE_FITNESS_USER', 'ROLE_WELLNESS_USER']","{'typeId': 2, 'typeKey': 'private'}",False,False,149,1706142660000,1,3.5999999046325684,0.0,154.25,,3461278113,,,175.0,{'summarizedDiveGases': []},,GARMIN,,4,,,321.0,VO2MAX,114.45565795898438,6.863999843597412,IMPROVING_VO2_MAX_15,NO_ANAEROBIC_BENEFIT_0,"[{'noOfSplits': 1, 'duration': 1160.56103515625, 'splitType': 'INTERVAL_ACTIVE', 'numClimbSends': 0, 'maxDistance': 4860, 'distance': 4860.52978515625, 'averageSpeed': 4.188000202178955, 'maxSpeed': 5.309000015258789, 'numFalls': 0}, {'noOfSplits': 1, 'duration': 7.0, 'splitType': 'RWD_STAND', 'numClimbSends': 0, 'maxDistance': 0, 'distance': 0.0, 'averageSpeed': 0.0, 'maxSpeed': 0.0, 'numFalls': 0}, {'noOfSplits': 1, 'duration': 4.0, 'splitType': 'RWD_WALK', 'numClimbSends': 0, 'maxDistance': 5, 'distance': 5.019999980926514, 'averageSpeed': 1.2549999952316284, 'maxSpeed': 2.2109999656677246, 'numFalls': 0}, {'noOfSplits': 1, 'duration': 1149.5369873046875, 'splitType': 'RWD_RUN', 'numClimbSends': 0, 'maxDistance': 4855, 'distance': 4855.509765625, 'averageSpeed': 4.223999977111816, 'maxSpeed': 5.309000015258789, 'numFalls': 0}]",True,1,18,-5.0,False,,,,,,False,False,False,False,False,False,False,False,False,440.0,549.0,445.0,10.990000152587891,242.10000610351562,7.139999866485596,,,,,,,,,,,,,,,,
13606438282,Carroll Hiking,2024-01-21 07:56:50,2024-01-21 12:56:50,"{'typeId': 3, 'typeKey': 'hiking', 'parentTypeId': 17, 'isHidden': False, 'trimmable': True, 'restricted': False}","{'typeId': 9, 'typeKey': 'uncategorized', 'sortOrder': 10}",17827.91015625,22329.443359375,22329.443359375,13163.0,885.0,889.0,0.7979999780654907,4.823999881744385,44.22391195781529,-71.4103920198977,True,False,118790142,ae52ea07-2874-4bde-8648-ac48be0f708d,Riley King,https://s3.amazonaws.com/garmin-connect-prod/profile_images/249fcc8d-9898-4d4a-abf5-ba07581a6fcd-prth.png,https://s3.amazonaws.com/garmin-connect-prod/profile_images/249fcc8d-9898-4d4a-abf5-ba07581a6fcd-prfr.png,https://s3.amazonaws.com/garmin-connect-prod/profile_images/249fcc8d-9898-4d4a-abf5-ba07581a6fcd-prof.png,2117.0,562.0,105.0,159.0,57.359375,250.0,23560.0,"['SCOPE_GOLF_API_READ', 'SCOPE_ATP_READ', 'SCOPE_DIVE_API_WRITE', 'SCOPE_COMMUNITY_COURSE_ADMIN_READ', 'SCOPE_DIVE_API_READ', 'SCOPE_DI_OAUTH_2_CLIENT_READ', 'SCOPE_CONNECT_WRITE', 'SCOPE_COMMUNITY_COURSE_WRITE', 'SCOPE_MESSAGE_GENERATION_READ', 'SCOPE_DI_OAUTH_2_CLIENT_REVOCATION_ADMIN', 'SCOPE_CONNECT_WEB_TEMPLATE_RENDER', 'SCOPE_OMT_SUBSCRIPTION_ADMIN_READ', 'SCOPE_CONNECT_NON_SOCIAL_SHARED_READ', 'SCOPE_CONNECT_READ', 'SCOPE_DI_OAUTH_2_TOKEN_ADMIN', 'ROLE_CONNECTUSER', 'ROLE_FITNESS_USER', 'ROLE_WELLNESS_USER']","{'typeId': 2, 'typeKey': 'private'}",False,False,149,1705841810000,17,2.299999952316284,2.0,83.51594118716864,,3461278113,579.0,1359.5999755859375,250.0,{'summarizedDiveGases': []},1.199951171875,GARMIN,Carroll,1,44.223563857376575,-71.41154964454472,2301.0,AEROBIC_BASE,60.08387756347656,22329.443359375,MAINTAINING_AEROBIC_BASE_7,MAINTAINING_ANAEROBIC_BASE_1,"[{'totalAscent': 885.0, 'duration': 22329.443359375, 'splitType': 'INTERVAL_ACTIVE', 'numClimbSends': 0, 'maxElevationGain': 885.0, 'averageElevationGain': 885.0, 'maxDistance': 17827, 'distance': 17827.91015625, 'averageSpeed': 0.7984036981721251, 'maxSpeed': 4.823999881744385, 'numFalls': 0, 'elevationLoss': 889.0}]",False,202,34,-33.0,False,,,,,,False,False,False,False,False,False,False,False,False,,,,,,,,,,,,,,,,,,,,,,
13591862850,Base,2024-01-20 14:53:47,2024-01-20 19:53:47,"{'typeId': 18, 'typeKey': 'treadmill_running', 'parentTypeId': 1, 'isHidden': False, 'trimmable': True, 'restricted': False}","{'typeId': 9, 'typeKey': 'uncategorized', 'sortOrder': 10}",6884.0498046875,2056.43798828125,2056.43798828125,2037.7650146484375,,,3.3480000495910645,4.01200008392334,,,False,False,118790142,ae52ea07-2874-4bde-8648-ac48be0f708d,Riley King,https://s3.amazonaws.com/garmin-connect-prod/profile_images/249fcc8d-9898-4d4a-abf5-ba07581a6fcd-prth.png,https://s3.amazonaws.com/garmin-connect-prod/profile_images/249fcc8d-9898-4d4a-abf5-ba07581a6fcd-prfr.png,https://s3.amazonaws.com/garmin-connect-prod/profile_images/249fcc8d-9898-4d4a-abf5-ba07581a6fcd-prof.png,365.0,52.0,129.0,141.0,163.921875,174.0,5634.0,"['SCOPE_GOLF_API_READ', 'SCOPE_ATP_READ', 'SCOPE_DIVE_API_WRITE', 'SCOPE_COMMUNITY_COURSE_ADMIN_READ', 'SCOPE_DIVE_API_READ', 'SCOPE_DI_OAUTH_2_CLIENT_READ', 'SCOPE_CONNECT_WRITE', 'SCOPE_COMMUNITY_COURSE_WRITE', 'SCOPE_MESSAGE_GENERATION_READ', 'SCOPE_DI_OAUTH_2_CLIENT_REVOCATION_ADMIN', 'SCOPE_CONNECT_WEB_TEMPLATE_RENDER', 'SCOPE_OMT_SUBSCRIPTION_ADMIN_READ', 'SCOPE_CONNECT_NON_SOCIAL_SHARED_READ', 'SCOPE_CONNECT_READ', 'SCOPE_DI_OAUTH_2_TOKEN_ADMIN', 'ROLE_CONNECTUSER', 'ROLE_FITNESS_USER', 'ROLE_WELLNESS_USER']","{'typeId': 2, 'typeKey': 'private'}",False,False,149,1705780427000,1,2.0,0.0,123.35000000000001,,3461278113,,,174.0,{'summarizedDiveGases': []},,GARMIN,,5,,,571.0,RECOVERY,24.350967407226562,129.39100646972656,MINOR_AEROBIC_BENEFIT_0,NO_ANAEROBIC_BENEFIT_0,"[{'noOfSplits': 1, 'duration': 2056.43798828125, 'splitType': 'INTERVAL_ACTIVE', 'numClimbSends': 0, 'maxDistance': 6884, 'distance': 6884.0400390625, 'averageSpeed': 3.3480000495910645, 'maxSpeed': 4.01200008392334, 'numFalls': 0}, {'noOfSplits': 2, 'duration': 7.0, 'splitType': 'RWD_WALK', 'numClimbSends': 0, 'maxDistance': 1, 'distance': 1.2699999809265137, 'averageSpeed': 0.1809999942779541, 'maxSpeed': 0.8399999737739563, 'numFalls': 0}, {'noOfSplits': 1, 'duration': 7.0, 'splitType': 'RWD_STAND', 'numClimbSends': 0, 'maxDistance': 0, 'distance': 0.0, 'averageSpeed': 0.0, 'maxSpeed': 0.0, 'numFalls': 0}, {'noOfSplits': 1, 'duration': 2046.3199462890625, 'splitType': 'RWD_RUN', 'numClimbSends': 0, 'maxDistance': 6882, 'distance': 6882.77001953125, 'averageSpeed': 3.36299991607666, 'maxSpeed': 4.01200008392334, 'numFalls': 0}]",True,2,32,-7.0,False,,,,,,False,False,False,False,False,False,False,False,False,353.0,451.0,358.0,9.9,262.6000061035156,8.0600004196167,,,,,,,,,,,,,,,,
13577450470,Base,2024-01-19 16:08:44,2024-01-19 21:08:44,"{'typeId': 18, 'typeKey': 'treadmill_running', 'parentTypeId': 1, 'isHidden': False, 'trimmable': True, 'restricted': False}","{'typeId': 9, 'typeKey': 'uncategorized', 'sortOrder': 10}",1846.8399658203125,585.2219848632812,585.2219848632812,546.0,,,3.1559998989105225,3.937999963760376,,,False,False,118790142,ae52ea07-2874-4bde-8648-ac48be0f708d,Riley King,https://s3.amazonaws.com/garmin-connect-prod/profile_images/249fcc8d-9898-4d4a-abf5-ba07581a6fcd-prth.png,https://s3.amazonaws.com/garmin-connect-prod/profile_images/249fcc8d-9898-4d4a-abf5-ba07581a6fcd-prfr.png,https://s3.amazonaws.com/garmin-connect-prod/profile_images/249fcc8d-9898-4d4a-abf5-ba07581a6fcd-prof.png,98.0,15.0,121.0,137.0,155.734375,169.0,1500.0,"['SCOPE_GOLF_API_READ', 'SCOPE_ATP_READ', 'SCOPE_DIVE_API_WRITE', 'SCOPE_COMMUNITY_COURSE_ADMIN_READ', 'SCOPE_DIVE_API_READ', 'SCOPE_DI_OAUTH_2_CLIENT_READ', 'SCOPE_CONNECT_WRITE', 'SCOPE_COMMUNITY_COURSE_WRITE', 'SCOPE_MESSAGE_GENERATION_READ', 'SCOPE_DI_OAUTH_2_CLIENT_REVOCATION_ADMIN', 'SCOPE_CONNECT_WEB_TEMPLATE_RENDER', 'SCOPE_OMT_SUBSCRIPTION_ADMIN_READ', 'SCOPE_CONNECT_NON_SOCIAL_SHARED_READ', 'SCOPE_CONNECT_READ', 'SCOPE_DI_OAUTH_2_TOKEN_ADMIN', 'ROLE_CONNECTUSER', 'ROLE_FITNESS_USER', 'ROLE_WELLNESS_USER']","{'typeId': 2, 'typeKey': 'private'}",False,False,149,1705698524000,1,0.699999988079071,0.0,124.55000000000001,,3461278113,,,169.0,{'summarizedDiveGases': []},,GARMIN,,2,,,153.0,RECOVERY,8.667388916015625,102.94000244140625,RECOVERY_5,NO_ANAEROBIC_BENEFIT_0,"[{'noOfSplits': 1, 'duration': 585.2219848632812, 'splitType': 'INTERVAL_ACTIVE', 'numClimbSends': 0, 'maxDistance': 1846, 'distance': 1846.8399658203125, 'averageSpeed': 3.1559998989105225, 'maxSpeed': 3.937999963760376, 'numFalls': 0}, {'noOfSplits': 3, 'duration': 27.000999450683594, 'splitType': 'RWD_STAND', 'numClimbSends': 0, 'maxDistance': 0, 'distance': 0.0, 'averageSpeed': 0.0, 'maxSpeed': 0.0, 'numFalls': 0}, {'noOfSplits': 3, 'duration': 21.20400047302246, 'splitType': 'RWD_WALK', 'numClimbSends': 0, 'maxDistance': 3, 'distance': 4.0, 'averageSpeed': 0.1889999955892563, 'maxSpeed': 1.0820000171661377, 'numFalls': 0}, {'noOfSplits': 1, 'duration': 544.0, 'splitType': 'RWD_RUN', 'numClimbSends': 0, 'maxDistance': 1842, 'distance': 1842.8399658203125, 'averageSpeed': 3.388000011444092, 'maxSpeed': 3.937999963760376, 'numFalls': 0}]",True,1,6,-2.0,False,,,,,,False,False,False,False,False,False,False,False,False,334.0,445.0,358.0,9.86999969482422,261.3999938964844,7.989999771118164,,,,,,,,,,,,,,,,
13564750286,Threshold,2024-01-18 16:09:08,2024-01-18 21:09:08,"{'typeId': 18, 'typeKey': 'treadmill_running', 'parentTypeId': 1, 'isHidden': False, 'trimmable': True, 'restricted': False}","{'typeId': 9, 'typeKey': 'uncategorized', 'sortOrder': 10}",9536.4296875,2527.304931640625,2527.304931640625,2511.3669967651367,,,3.7730000019073486,4.422999858856201,,,False,False,118790142,ae52ea07-2874-4bde-8648-ac48be0f708d,Riley King,https://s3.amazonaws.com/garmin-connect-prod/profile_images/249fcc8d-9898-4d4a-abf5-ba07581a6fcd-prth.png,https://s3.amazonaws.com/garmin-connect-prod/profile_images/249fcc8d-9898-4d4a-abf5-ba07581a6fcd-prfr.png,https://s3.amazonaws.com/garmin-connect-prod/profile_images/249fcc8d-9898-4d4a-abf5-ba07581a6fcd-prof.png,567.0,64.0,149.0,171.0,164.078125,173.0,6880.0,"['SCOPE_GOLF_API_READ', 'SCOPE_ATP_READ', 'SCOPE_DIVE_API_WRITE', 'SCOPE_COMMUNITY_COURSE_ADMIN_READ', 'SCOPE_DIVE_API_READ', 'SCOPE_DI_OAUTH_2_CLIENT_READ', 'SCOPE_CONNECT_WRITE', 'SCOPE_COMMUNITY_COURSE_WRITE', 'SCOPE_MESSAGE_GENERATION_READ', 'SCOPE_DI_OAUTH_2_CLIENT_REVOCATION_ADMIN', 'SCOPE_CONNECT_WEB_TEMPLATE_RENDER', 'SCOPE_OMT_SUBSCRIPTION_ADMIN_READ', 'SCOPE_CONNECT_NON_SOCIAL_SHARED_READ', 'SCOPE_CONNECT_READ', 'SCOPE_DI_OAUTH_2_TOKEN_ADMIN', 'ROLE_CONNECTUSER', 'ROLE_FITNESS_USER', 'ROLE_WELLNESS_USER']","{'typeId': 2, 'typeKey': 'private'}",False,False,149,1705612148000,1,3.4000000953674316,0.0,138.6,,3461278113,,,173.0,{'summarizedDiveGases': []},,GARMIN,,9,,,701.0,TEMPO,103.76521301269531,7.304999828338623,IMPACTING_TEMPO_22,NO_ANAEROBIC_BENEFIT_0,"[{'noOfSplits': 1, 'duration': 600.0, 'splitType': 'INTERVAL_WARMUP', 'numClimbSends': 0, 'maxDistance': 1915, 'distance': 1915.8399658203125, 'averageSpeed': 3.193000078201294, 'maxSpeed': 4.105999946594238, 'numFalls': 0}, {'noOfSplits': 2, 'duration': 11.0, 'splitType': 'RWD_WALK', 'numClimbSends': 0, 'maxDistance': 3, 'distance': 3.630000114440918, 'averageSpeed': 0.33000001311302185, 'maxSpeed': 1.156999945640564, 'numFalls': 0}, {'noOfSplits': 1, 'duration': 9.0, 'splitType': 'RWD_STAND', 'numClimbSends': 0, 'maxDistance': 0, 'distance': 0.0, 'averageSpeed': 0.0, 'maxSpeed': 0.0, 'numFalls': 0}, {'noOfSplits': 1, 'duration': 2511.287109375, 'splitType': 'RWD_RUN', 'numClimbSends': 0, 'maxDistance': 9532, 'distance': 9532.7802734375, 'averageSpeed': 3.7960000038146973, 'maxSpeed': 4.422999858856201, 'numFalls': 0}, {'noOfSplits': 1, 'duration': 1320.0, 'splitType': 'INTERVAL_ACTIVE', 'numClimbSends': 0, 'maxDistance': 5521, 'distance': 5521.3701171875, 'averageSpeed': 4.183000087738037, 'maxSpeed': 4.422999858856201, 'numFalls': 0}, {'noOfSplits': 1, 'duration': 607.302001953125, 'splitType': 'INTERVAL_COOLDOWN', 'numClimbSends': 0, 'maxDistance': 2099, 'distance': 2099.489990234375, 'averageSpeed': 3.4570000171661377, 'maxSpeed': 4.2829999923706055, 'numFalls': 0}]",True,1,40,-9.0,False,,,,,,False,False,False,False,False,False,False,False,False,399.0,494.0,409.0,10.41999969482422,252.10000610351562,7.599999904632568,,,,,,,,,,,,,,,,
13507561135,Concord Running,2024-01-14 12:02:25,2024-01-14 17:02:25,"{'typeId': 1, 'typeKey': 'running', 'parentTypeId': 17, 'isHidden': False, 'trimmable': True, 'restricted': False}","{'typeId': 9, 'typeKey': 'uncategorized', 'sortOrder': 10}",29674.0390625,11200.9306640625,11200.9306640625,11103.255950927734,473.0,473.0,2.6489999294281006,4.35699987411499,43.26127032749355,-71.52074857614934,True,False,118790142,ae52ea07-2874-4bde-8648-ac48be0f708d,Riley King,https://s3.amazonaws.com/garmin-connect-prod/profile_images/249fcc8d-9898-4d4a-abf5-ba07581a6fcd-prth.png,https://s3.amazonaws.com/garmin-connect-prod/profile_images/249fcc8d-9898-4d4a-abf5-ba07581a6fcd-prfr.png,https://s3.amazonaws.com/garmin-connect-prod/profile_images/249fcc8d-9898-4d4a-abf5-ba07581a6fcd-prof.png,2107.0,282.0,137.0,182.0,145.921875,250.0,27452.0,"['SCOPE_GOLF_API_READ', 'SCOPE_ATP_READ', 'SCOPE_DIVE_API_WRITE', 'SCOPE_COMMUNITY_COURSE_ADMIN_READ', 'SCOPE_DIVE_API_READ', 'SCOPE_DI_OAUTH_2_CLIENT_READ', 'SCOPE_CONNECT_WRITE', 'SCOPE_COMMUNITY_COURSE_WRITE', 'SCOPE_MESSAGE_GENERATION_READ', 'SCOPE_DI_OAUTH_2_CLIENT_REVOCATION_ADMIN', 'SCOPE_CONNECT_WEB_TEMPLATE_RENDER', 'SCOPE_OMT_SUBSCRIPTION_ADMIN_READ', 'SCOPE_CONNECT_NON_SOCIAL_SHARED_READ', 'SCOPE_CONNECT_READ', 'SCOPE_DI_OAUTH_2_TOKEN_ADMIN', 'ROLE_CONNECTUSER', 'ROLE_FITNESS_USER', 'ROLE_WELLNESS_USER']","{'typeId': 2, 'typeKey': 'private'}",False,False,149,1705251745000,1,4.599999904632568,0.0,106.8699951171875,59.0,3461278113,74.80000305175781,257.20001220703125,250.0,{'summarizedDiveGases': []},0.8000030517578125,GARMIN,Concord,19,43.26161893084645,-71.52116540819407,2547.0,AEROBIC_BASE,208.57203674316406,341.7969970703125,HIGHLY_IMPROVING_AEROBIC_ENDURANCE_10,NO_ANAEROBIC_BENEFIT_0,"[{'noOfSplits': 1, 'totalAscent': 473.0, 'duration': 11200.9306640625, 'splitType': 'INTERVAL_ACTIVE', 'numClimbSends': 0, 'maxElevationGain': 473.0, 'averageElevationGain': 473.0, 'maxDistance': 29674, 'distance': 29674.109375, 'averageSpeed': 2.6489999294281006, 'maxSpeed': 4.35699987411499, 'numFalls': 0}, {'noOfSplits': 8, 'totalAscent': 0.0, 'duration': 66.99800109863281, 'splitType': 'RWD_STAND', 'numClimbSends': 0, 'maxElevationGain': 0.0, 'averageElevationGain': 0.0, 'maxDistance': 11, 'distance': 43.689998626708984, 'averageSpeed': 0.6520000100135803, 'maxSpeed': 1.5119999647140503, 'numFalls': 0}, {'noOfSplits': 40, 'totalAscent': 201.0, 'duration': 3911.842041015625, 'splitType': 'RWD_WALK', 'numClimbSends': 0, 'maxElevationGain': 36.0, 'averageElevationGain': 5.0, 'maxDistance': 1175, 'distance': 6555.97021484375, 'averageSpeed': 1.6759999990463257, 'maxSpeed': 2.2300000190734863, 'numFalls': 0}, {'noOfSplits': 36, 'totalAscent': 273.0, 'duration': 7229.0009765625, 'splitType': 'RWD_RUN', 'numClimbSends': 0, 'maxElevationGain': 56.0, 'averageElevationGain': 8.0, 'maxDistance': 6275, 'distance': 23074.380859375, 'averageSpeed': 3.191999912261963, 'maxSpeed': 4.35699987411499, 'numFalls': 0}]",True,56,127,-39.0,False,,,,,,True,False,False,False,False,False,False,False,False,289.0,611.0,342.0,8.34000015258789,280.20001220703125,7.829999923706055,2.740000009536743,,,,,,,,,,,,,,,
13477409602,Concord - Anaerobic,2024-01-12 14:44:42,2024-01-12 19:44:42,"{'typeId': 1, 'typeKey': 'running', 'parentTypeId': 17, 'isHidden': False, 'trimmable': True, 'restricted': False}","{'typeId': 9, 'typeKey': 'uncategorized', 'sortOrder': 10}",15804.6103515625,5886.98388671875,6139.5009765625,5877.518981933594,246.0,237.0,2.684999942779541,5.579999923706055,43.26103932224214,-71.52090682648122,True,False,118790142,ae52ea07-2874-4bde-8648-ac48be0f708d,Riley King,https://s3.amazonaws.com/garmin-connect-prod/profile_images/249fcc8d-9898-4d4a-abf5-ba07581a6fcd-prth.png,https://s3.amazonaws.com/garmin-connect-prod/profile_images/249fcc8d-9898-4d4a-abf5-ba07581a6fcd-prfr.png,https://s3.amazonaws.com/garmin-connect-prod/profile_images/249fcc8d-9898-4d4a-abf5-ba07581a6fcd-prof.png,1101.0,148.0,136.0,180.0,147.296875,234.0,14638.0,"['SCOPE_GOLF_API_READ', 'SCOPE_ATP_READ', 'SCOPE_DIVE_API_WRITE', 'SCOPE_COMMUNITY_COURSE_ADMIN_READ', 'SCOPE_DIVE_API_READ', 'SCOPE_DI_OAUTH_2_CLIENT_READ', 'SCOPE_CONNECT_WRITE', 'SCOPE_COMMUNITY_COURSE_WRITE', 'SCOPE_MESSAGE_GENERATION_READ', 'SCOPE_DI_OAUTH_2_CLIENT_REVOCATION_ADMIN', 'SCOPE_CONNECT_WEB_TEMPLATE_RENDER', 'SCOPE_OMT_SUBSCRIPTION_ADMIN_READ', 'SCOPE_CONNECT_NON_SOCIAL_SHARED_READ', 'SCOPE_CONNECT_READ', 'SCOPE_DI_OAUTH_2_TOKEN_ADMIN', 'ROLE_CONNECTUSER', 'ROLE_FITNESS_USER', 'ROLE_WELLNESS_USER']","{'typeId': 2, 'typeKey': 'private'}",False,False,149,1705088682000,1,3.5999999046325684,2.200000047683716,105.25999755859375,59.0,3461278113,99.80000305175781,229.1999969482422,234.0,{'summarizedDiveGases': []},0.8000030517578125,GARMIN,Concord,21,43.261705599725246,-71.52112408541143,1257.0,AEROBIC_BASE,160.6798858642578,60.0,IMPROVING_AEROBIC_ENDURANCE_9,MAINTAINING_ANAEROBIC_POWER_7,"[{'noOfSplits': 2, 'totalAscent': 0.0, 'duration': 9.00100040435791, 'splitType': 'RWD_STAND', 'numClimbSends': 0, 'maxElevationGain': 0.0, 'averageElevationGain': 0.0, 'maxDistance': 11, 'distance': 11.890000343322754, 'averageSpeed': 1.3209999799728394, 'maxSpeed': 1.8569999933242798, 'numFalls': 0}, {'noOfSplits': 1, 'totalAscent': 14.0, 'duration': 900.0, 'splitType': 'INTERVAL_WARMUP', 'numClimbSends': 0, 'maxElevationGain': 14.0, 'averageElevationGain': 14.0, 'maxDistance': 2984, 'distance': 2984.52001953125, 'averageSpeed': 3.315999984741211, 'maxSpeed': 3.7880001068115234, 'numFalls': 0}, {'noOfSplits': 18, 'totalAscent': 82.0, 'duration': 1761.4139404296875, 'splitType': 'RWD_WALK', 'numClimbSends': 0, 'maxElevationGain': 21.0, 'averageElevationGain': 5.0, 'maxDistance': 942, 'distance': 2700.8798828125, 'averageSpeed': 1.5329999923706055, 'maxSpeed': 2.1549999713897705, 'numFalls': 0}, {'noOfSplits': 18, 'totalAscent': 164.0, 'duration': 4118.43994140625, 'splitType': 'RWD_RUN', 'numClimbSends': 0, 'maxElevationGain': 42.0, 'averageElevationGain': 9.0, 'maxDistance': 3725, 'distance': 13080.75, 'averageSpeed': 3.1760001182556152, 'maxSpeed': 5.579999923706055, 'numFalls': 0}, {'noOfSplits': 7, 'totalAscent': 14.0, 'duration': 420.0, 'splitType': 'INTERVAL_ACTIVE', 'numClimbSends': 0, 'maxElevationGain': 7.0, 'averageElevationGain': 2.0, 'maxDistance': 313, 'distance': 2112.469970703125, 'averageSpeed': 5.03000020980835, 'maxSpeed': 5.579999923706055, 'numFalls': 0}, {'noOfSplits': 6, 'totalAscent': 54.0, 'duration': 1080.0, 'splitType': 'INTERVAL_RECOVERY', 'numClimbSends': 0, 'maxElevationGain': 18.0, 'averageElevationGain': 9.0, 'maxDistance': 529, 'distance': 3063.85009765625, 'averageSpeed': 2.8369998931884766, 'maxSpeed': 5.336999893188477, 'numFalls': 0}, {'noOfSplits': 1, 'totalAscent': 164.0, 'duration': 3486.8720703125, 'splitType': 'INTERVAL_COOLDOWN', 'numClimbSends': 0, 'maxElevationGain': 164.0, 'averageElevationGain': 164.0, 'maxDistance': 7646, 'distance': 7646.0498046875, 'averageSpeed': 2.193000078201294, 'maxSpeed': 4.656000137329102, 'numFalls': 0}]",True,30,70,-17.0,False,,,,,,False,False,False,False,False,False,False,False,False,283.0,755.0,337.0,8.25,264.1000061035156,7.929999828338623,2.755000114440918,,,,,,,,,,,,,,,
13462708071,Concord Walking,2024-01-11 14:08:44,2024-01-11 19:08:44,"{'typeId': 9, 'typeKey': 'walking', 'parentTypeId': 17, 'isHidden': False, 'trimmable': True, 'restricted': False}","{'typeId': 9, 'typeKey': 'uncategorized', 'sortOrder': 10}",1548.9599609375,966.89501953125,966.89501953125,765.0,49.0,48.0,1.6019999980926514,6.289000034332275,43.26129128225148,-71.52068923227489,True,False,118790142,ae52ea07-2874-4bde-8648-ac48be0f708d,Riley King,https://s3.amazonaws.com/garmin-connect-prod/profile_images/249fcc8d-9898-4d4a-abf5-ba07581a6fcd-prth.png,https://s3.amazonaws.com/garmin-connect-prod/profile_images/249fcc8d-9898-4d4a-abf5-ba07581a6fcd-prfr.png,https://s3.amazonaws.com/garmin-connect-prod/profile_images/249fcc8d-9898-4d4a-abf5-ba07581a6fcd-prof.png,128.0,24.0,110.0,155.0,98.84375,217.0,1670.0,"['SCOPE_GOLF_API_READ', 'SCOPE_ATP_READ', 'SCOPE_DIVE_API_WRITE', 'SCOPE_COMMUNITY_COURSE_ADMIN_READ', 'SCOPE_DIVE_API_READ', 'SCOPE_DI_OAUTH_2_CLIENT_READ', 'SCOPE_CONNECT_WRITE', 'SCOPE_COMMUNITY_COURSE_WRITE', 'SCOPE_MESSAGE_GENERATION_READ', 'SCOPE_DI_OAUTH_2_CLIENT_REVOCATION_ADMIN', 'SCOPE_CONNECT_WEB_TEMPLATE_RENDER', 'SCOPE_OMT_SUBSCRIPTION_ADMIN_READ', 'SCOPE_CONNECT_NON_SOCIAL_SHARED_READ', 'SCOPE_CONNECT_READ', 'SCOPE_DI_OAUTH_2_TOKEN_ADMIN', 'ROLE_CONNECTUSER', 'ROLE_FITNESS_USER', 'ROLE_WELLNESS_USER']","{'typeId': 2, 'typeKey': 'private'}",False,False,149,1705000124000,11,1.0,0.30000001192092896,97.24402032495459,59.0,3461278113,117.19999694824219,160.8000030517578,217.0,{'summarizedDiveGases': []},0.8000030517578125,GARMIN,Concord,1,43.261618511751294,-71.52116406708956,136.0,RECOVERY,16.027755737304688,966.89501953125,RECOVERY_5,NO_ANAEROBIC_BENEFIT_0,"[{'totalAscent': 49.0, 'duration': 966.89501953125, 'splitType': 'INTERVAL_ACTIVE', 'numClimbSends': 0, 'maxElevationGain': 49.0, 'averageElevationGain': 49.0, 'maxDistance': 1548, 'distance': 1548.9599609375, 'averageSpeed': 1.6019939389991218, 'maxSpeed': 6.289000034332275, 'numFalls': 0}]",False,12,2,-6.0,False,,,,,,False,False,False,False,False,False,False,False,False,,,,,,,,,,,,,,,,,,,,,,
13450302198,Treadmill Running,2024-01-10 17:33:06,2024-01-10 22:33:06,"{'typeId': 18, 'typeKey': 'treadmill_running', 'parentTypeId': 1, 'isHidden': False, 'trimmable': True, 'restricted': False}","{'typeId': 9, 'typeKey': 'uncategorized', 'sortOrder': 10}",3232.949951171875,772.9949951171875,772.9949951171875,761.9289855957031,,,4.182000160217285,5.290999889373779,,,False,False,118790142,ae52ea07-2874-4bde-8648-ac48be0f708d,Riley King,https://s3.amazonaws.com/garmin-connect-prod/profile_images/249fcc8d-9898-4d4a-abf5-ba07581a6fcd-prth.png,https://s3.amazonaws.com/garmin-connect-prod/profile_images/249fcc8d-9898-4d4a-abf5-ba07581a6fcd-prfr.png,https://s3.amazonaws.com/garmin-connect-prod/profile_images/249fcc8d-9898-4d4a-abf5-ba07581a6fcd-prof.png,196.0,19.0,155.0,169.0,165.5,176.0,2148.0,"['SCOPE_GOLF_API_READ', 'SCOPE_ATP_READ', 'SCOPE_DIVE_API_WRITE', 'SCOPE_COMMUNITY_COURSE_ADMIN_READ', 'SCOPE_DIVE_API_READ', 'SCOPE_DI_OAUTH_2_CLIENT_READ', 'SCOPE_CONNECT_WRITE', 'SCOPE_COMMUNITY_COURSE_WRITE', 'SCOPE_MESSAGE_GENERATION_READ', 'SCOPE_DI_OAUTH_2_CLIENT_REVOCATION_ADMIN', 'SCOPE_CONNECT_WEB_TEMPLATE_RENDER', 'SCOPE_OMT_SUBSCRIPTION_ADMIN_READ', 'SCOPE_CONNECT_NON_SOCIAL_SHARED_READ', 'SCOPE_CONNECT_READ', 'SCOPE_DI_OAUTH_2_TOKEN_ADMIN', 'ROLE_CONNECTUSER', 'ROLE_FITNESS_USER', 'ROLE_WELLNESS_USER']","{'typeId': 2, 'typeKey': 'private'}",False,False,149,1704925986000,1,2.5999999046325684,0.0,152.1300048828125,,3461278113,,,176.0,{'summarizedDiveGases': []},,GARMIN,,3,,,214.0,TEMPO,49.93292236328125,2.4639999866485596,MAINTAINING_TEMPO_21,NO_ANAEROBIC_BENEFIT_0,"[{'noOfSplits': 1, 'duration': 772.9949951171875, 'splitType': 'INTERVAL_ACTIVE', 'numClimbSends': 0, 'maxDistance': 3232, 'distance': 3232.949951171875, 'averageSpeed': 4.182000160217285, 'maxSpeed': 5.290999889373779, 'numFalls': 0}, {'noOfSplits': 1, 'duration': 4.0, 'splitType': 'RWD_WALK', 'numClimbSends': 0, 'maxDistance': 0, 'distance': 0.0, 'averageSpeed': 0.0, 'maxSpeed': 0.0, 'numFalls': 0}, {'noOfSplits': 1, 'duration': 9.0, 'splitType': 'RWD_STAND', 'numClimbSends': 0, 'maxDistance': 0, 'distance': 0.0, 'averageSpeed': 0.0, 'maxSpeed': 0.0, 'numFalls': 0}, {'noOfSplits': 1, 'duration': 763.9749755859375, 'splitType': 'RWD_RUN', 'numClimbSends': 0, 'maxDistance': 3232, 'distance': 3232.949951171875, 'averageSpeed': 4.23199987411499, 'maxSpeed': 5.290999889373779, 'numFalls': 0}]",True,1,10,-3.0,False,,,,,,False,False,False,False,False,False,False,False,False,436.0,543.0,444.0,10.65999984741211,236.39999389648438,7.039999961853027,,,,,,,,,,,,,,,,
13450013608,Concord Trail Running,2024-01-10 16:10:47,2024-01-10 21:10:47,"{'typeId': 6, 'typeKey': 'trail_running', 'parentTypeId': 1, 'isHidden': False, 'trimmable': True, 'restricted': False}","{'typeId': 9, 'typeKey': 'uncategorized', 'sortOrder': 10}",4672.8798828125,3293.72998046875,3293.72998046875,2987.0,160.0,166.0,1.4190000295639038,3.4149999618530273,43.26163401827216,-71.52006779797375,True,False,118790142,ae52ea07-2874-4bde-8648-ac48be0f708d,Riley King,https://s3.amazonaws.com/garmin-connect-prod/profile_images/249fcc8d-9898-4d4a-abf5-ba07581a6fcd-prth.png,https://s3.amazonaws.com/garmin-connect-prod/profile_images/249fcc8d-9898-4d4a-abf5-ba07581a6fcd-prfr.png,https://s3.amazonaws.com/garmin-connect-prod/profile_images/249fcc8d-9898-4d4a-abf5-ba07581a6fcd-prof.png,368.0,83.0,108.0,152.0,101.34375,248.0,6090.0,"['SCOPE_GOLF_API_READ', 'SCOPE_ATP_READ', 'SCOPE_DIVE_API_WRITE', 'SCOPE_COMMUNITY_COURSE_ADMIN_READ', 'SCOPE_DIVE_API_READ', 'SCOPE_DI_OAUTH_2_CLIENT_READ', 'SCOPE_CONNECT_WRITE', 'SCOPE_COMMUNITY_COURSE_WRITE', 'SCOPE_MESSAGE_GENERATION_READ', 'SCOPE_DI_OAUTH_2_CLIENT_REVOCATION_ADMIN', 'SCOPE_CONNECT_WEB_TEMPLATE_RENDER', 'SCOPE_OMT_SUBSCRIPTION_ADMIN_READ', 'SCOPE_CONNECT_NON_SOCIAL_SHARED_READ', 'SCOPE_CONNECT_READ', 'SCOPE_DI_OAUTH_2_TOKEN_ADMIN', 'ROLE_CONNECTUSER', 'ROLE_FITNESS_USER', 'ROLE_WELLNESS_USER']","{'typeId': 2, 'typeKey': 'private'}",False,False,149,1704921047000,1,1.100000023841858,0.0,79.55000000000001,,3461278113,117.5999984741211,208.60000610351562,248.0,{'summarizedDiveGases': []},0.8000030517578125,GARMIN,Concord,3,43.26144617982209,-71.52101017534733,369.0,RECOVERY,13.078567504882812,965.2050170898438,RECOVERY_5,NO_ANAEROBIC_BENEFIT_0,"[{'noOfSplits': 1, 'totalAscent': 160.0, 'duration': 3293.72998046875, 'splitType': 'INTERVAL_ACTIVE', 'numClimbSends': 0, 'maxElevationGain': 160.0, 'averageElevationGain': 160.0, 'maxDistance': 4672, 'distance': 4672.8798828125, 'averageSpeed': 1.4190000295639038, 'maxSpeed': 3.4149999618530273, 'numFalls': 0}, {'noOfSplits': 54, 'totalAscent': 132.0, 'duration': 1947.64697265625, 'splitType': 'RWD_WALK', 'numClimbSends': 0, 'maxElevationGain': 30.0, 'averageElevationGain': 2.0, 'maxDistance': 299, 'distance': 2423.820068359375, 'averageSpeed': 1.24399995803833, 'maxSpeed': 2.1459999084472656, 'numFalls': 0}, {'noOfSplits': 39, 'totalAscent': 28.0, 'duration': 1165.9990234375, 'splitType': 'RWD_RUN', 'numClimbSends': 0, 'maxElevationGain': 6.0, 'averageElevationGain': 1.0, 'maxDistance': 376, 'distance': 2143.239990234375, 'averageSpeed': 1.8380000591278076, 'maxSpeed': 3.4149999618530273, 'numFalls': 0}, {'noOfSplits': 18, 'totalAscent': 0.0, 'duration': 179.99899291992188, 'splitType': 'RWD_STAND', 'numClimbSends': 0, 'maxElevationGain': 0.0, 'averageElevationGain': 0.0, 'maxDistance': 17, 'distance': 105.81999969482422, 'averageSpeed': 0.5879999995231628, 'maxSpeed': 0.0, 'numFalls': 0}]",True,43,6,-6.0,False,,,,,,False,False,False,False,False,False,False,False,False,137.0,401.0,178.0,6.580000305175782,317.6000061035156,8.869999885559082,1.5399999618530273,,,,,,,,,,,,,,,
13432765284,Concord - Base,2024-01-09 12:34:36,2024-01-09 17:34:36,"{'typeId': 1, 'typeKey': 'running', 'parentTypeId': 17, 'isHidden': False, 'trimmable': True, 'restricted': False}","{'typeId': 9, 'typeKey': 'uncategorized', 'sortOrder': 10}",14999.8203125,4597.51416015625,4598.6689453125,4595.566009521484,122.0,132.0,3.263000011444092,3.9839999675750737,43.26120444573462,-71.52080431580544,True,False,118790142,ae52ea07-2874-4bde-8648-ac48be0f708d,Riley King,https://s3.amazonaws.com/garmin-connect-prod/profile_images/249fcc8d-9898-4d4a-abf5-ba07581a6fcd-prth.png,https://s3.amazonaws.com/garmin-connect-prod/profile_images/249fcc8d-9898-4d4a-abf5-ba07581a6fcd-prfr.png,https://s3.amazonaws.com/garmin-connect-prod/profile_images/249fcc8d-9898-4d4a-abf5-ba07581a6fcd-prof.png,1006.0,116.0,140.0,165.0,165.359375,234.0,12714.0,"['SCOPE_GOLF_API_READ', 'SCOPE_ATP_READ', 'SCOPE_DIVE_API_WRITE', 'SCOPE_COMMUNITY_COURSE_ADMIN_READ', 'SCOPE_DIVE_API_READ', 'SCOPE_DI_OAUTH_2_CLIENT_READ', 'SCOPE_CONNECT_WRITE', 'SCOPE_COMMUNITY_COURSE_WRITE', 'SCOPE_MESSAGE_GENERATION_READ', 'SCOPE_DI_OAUTH_2_CLIENT_REVOCATION_ADMIN', 'SCOPE_CONNECT_WEB_TEMPLATE_RENDER', 'SCOPE_OMT_SUBSCRIPTION_ADMIN_READ', 'SCOPE_CONNECT_NON_SOCIAL_SHARED_READ', 'SCOPE_CONNECT_READ', 'SCOPE_DI_OAUTH_2_TOKEN_ADMIN', 'ROLE_CONNECTUSER', 'ROLE_FITNESS_USER', 'ROLE_WELLNESS_USER']","{'typeId': 2, 'typeKey': 'private'}",False,False,149,1704821676000,1,3.4000000953674316,0.0,118.05000000000001,59.0,3461278113,79.0,122.5999984741211,234.0,{'summarizedDiveGases': []},1.399993896484375,GARMIN,Concord,10,43.255480360239744,-71.52242705225945,1126.0,AEROBIC_BASE,111.158203125,237.72300720214844,IMPROVING_AEROBIC_BASE_8,NO_ANAEROBIC_BENEFIT_0,"[{'noOfSplits': 1, 'totalAscent': 122.0, 'duration': 4597.51416015625, 'splitType': 'INTERVAL_ACTIVE', 'numClimbSends': 0, 'maxElevationGain': 122.0, 'averageElevationGain': 122.0, 'maxDistance': 14999, 'distance': 14999.830078125, 'averageSpeed': 3.263000011444092, 'maxSpeed': 3.9839999675750732, 'numFalls': 0}, {'noOfSplits': 1, 'totalAscent': 0.0, 'duration': 7.0, 'splitType': 'RWD_STAND', 'numClimbSends': 0, 'maxElevationGain': 0.0, 'averageElevationGain': 0.0, 'maxDistance': 9, 'distance': 9.270000457763672, 'averageSpeed': 1.3240000009536743, 'maxSpeed': 1.6239999532699585, 'numFalls': 0}, {'noOfSplits': 6, 'totalAscent': 3.0, 'duration': 164.55299377441406, 'splitType': 'RWD_WALK', 'numClimbSends': 0, 'maxElevationGain': 2.0, 'averageElevationGain': 1.0, 'maxDistance': 133, 'distance': 262.0799865722656, 'averageSpeed': 1.593000054359436, 'maxSpeed': 1.847000002861023, 'numFalls': 0}, {'noOfSplits': 5, 'totalAscent': 119.0, 'duration': 4432.84521484375, 'splitType': 'RWD_RUN', 'numClimbSends': 0, 'maxElevationGain': 80.0, 'averageElevationGain': 24.0, 'maxDistance': 9380, 'distance': 14728.48046875, 'averageSpeed': 3.322999954223633, 'maxSpeed': 3.9839999675750732, 'numFalls': 0}]",True,3,73,-19.0,False,,,,,,False,False,False,False,False,False,False,False,False,356.0,578.0,371.0,9.36999969482422,258.3999938964844,7.96999979019165,3.2960000038146973,,,,,,,,,,,,,,,
13422035938,Treadmill Running,2024-01-08 20:23:39,2024-01-09 01:23:39,"{'typeId': 18, 'typeKey': 'treadmill_running', 'parentTypeId': 1, 'isHidden': False, 'trimmable': True, 'restricted': False}","{'typeId': 9, 'typeKey': 'uncategorized', 'sortOrder': 10}",3251.219970703125,816.1519775390625,816.1519775390625,789.531005859375,,,3.9839999675750737,4.413000106811523,,,False,False,118790142,ae52ea07-2874-4bde-8648-ac48be0f708d,Riley King,https://s3.amazonaws.com/garmin-connect-prod/profile_images/249fcc8d-9898-4d4a-abf5-ba07581a6fcd-prth.png,https://s3.amazonaws.com/garmin-connect-prod/profile_images/249fcc8d-9898-4d4a-abf5-ba07581a6fcd-prfr.png,https://s3.amazonaws.com/garmin-connect-prod/profile_images/249fcc8d-9898-4d4a-abf5-ba07581a6fcd-prof.png,195.0,21.0,149.0,165.0,158.984375,171.0,2210.0,"['SCOPE_GOLF_API_READ', 'SCOPE_ATP_READ', 'SCOPE_DIVE_API_WRITE', 'SCOPE_COMMUNITY_COURSE_ADMIN_READ', 'SCOPE_DIVE_API_READ', 'SCOPE_DI_OAUTH_2_CLIENT_READ', 'SCOPE_CONNECT_WRITE', 'SCOPE_COMMUNITY_COURSE_WRITE', 'SCOPE_MESSAGE_GENERATION_READ', 'SCOPE_DI_OAUTH_2_CLIENT_REVOCATION_ADMIN', 'SCOPE_CONNECT_WEB_TEMPLATE_RENDER', 'SCOPE_OMT_SUBSCRIPTION_ADMIN_READ', 'SCOPE_CONNECT_NON_SOCIAL_SHARED_READ', 'SCOPE_CONNECT_READ', 'SCOPE_DI_OAUTH_2_TOKEN_ADMIN', 'ROLE_CONNECTUSER', 'ROLE_FITNESS_USER', 'ROLE_WELLNESS_USER']","{'typeId': 2, 'typeKey': 'private'}",False,False,149,1704763419000,1,2.4000000953674316,0.0,151.79000244140624,,3461278113,,,171.0,{'summarizedDiveGases': []},,GARMIN,,3,,,221.0,RECOVERY,42.80964660644531,25.295000076293945,MINOR_AEROBIC_BENEFIT_0,NO_ANAEROBIC_BENEFIT_0,"[{'noOfSplits': 1, 'duration': 816.1519775390625, 'splitType': 'INTERVAL_ACTIVE', 'numClimbSends': 0, 'maxDistance': 3251, 'distance': 3251.219970703125, 'averageSpeed': 3.9839999675750732, 'maxSpeed': 4.413000106811523, 'numFalls': 0}, {'noOfSplits': 2, 'duration': 15.135000228881836, 'splitType': 'RWD_STAND', 'numClimbSends': 0, 'maxDistance': 0, 'distance': 0.0, 'averageSpeed': 0.0, 'maxSpeed': 0.0, 'numFalls': 0}, {'noOfSplits': 1, 'duration': 798.0, 'splitType': 'RWD_RUN', 'numClimbSends': 0, 'maxDistance': 3251, 'distance': 3251.219970703125, 'averageSpeed': 4.073999881744385, 'maxSpeed': 4.413000106811523, 'numFalls': 0}, {'noOfSplits': 1, 'duration': 3.0, 'splitType': 'RWD_WALK', 'numClimbSends': 0, 'maxDistance': 0, 'distance': 0.0, 'averageSpeed': 0.0, 'maxSpeed': 0.0, 'numFalls': 0}]",True,0,13,-3.0,False,,,,,,False,False,False,False,False,False,False,False,False,421.0,484.0,436.0,11.0,245.8000030517578,7.269999980926514,,,,,,,,,,,,,,,,
13421908745,Treadmill Running,2024-01-08 18:49:29,2024-01-08 23:49:29,"{'typeId': 18, 'typeKey': 'treadmill_running', 'parentTypeId': 1, 'isHidden': False, 'trimmable': True, 'restricted': False}","{'typeId': 9, 'typeKey': 'uncategorized', 'sortOrder': 10}",8937.400390625,5290.57080078125,5290.57080078125,4493.6259765625,,,1.6890000104904175,2.305000066757202,,,False,False,118790142,ae52ea07-2874-4bde-8648-ac48be0f708d,Riley King,https://s3.amazonaws.com/garmin-connect-prod/profile_images/249fcc8d-9898-4d4a-abf5-ba07581a6fcd-prth.png,https://s3.amazonaws.com/garmin-connect-prod/profile_images/249fcc8d-9898-4d4a-abf5-ba07581a6fcd-prfr.png,https://s3.amazonaws.com/garmin-connect-prod/profile_images/249fcc8d-9898-4d4a-abf5-ba07581a6fcd-prof.png,391.0,133.0,92.0,111.0,110.671875,205.0,9680.0,"['SCOPE_GOLF_API_READ', 'SCOPE_ATP_READ', 'SCOPE_DIVE_API_WRITE', 'SCOPE_COMMUNITY_COURSE_ADMIN_READ', 'SCOPE_DIVE_API_READ', 'SCOPE_DI_OAUTH_2_CLIENT_READ', 'SCOPE_CONNECT_WRITE', 'SCOPE_COMMUNITY_COURSE_WRITE', 'SCOPE_MESSAGE_GENERATION_READ', 'SCOPE_DI_OAUTH_2_CLIENT_REVOCATION_ADMIN', 'SCOPE_CONNECT_WEB_TEMPLATE_RENDER', 'SCOPE_OMT_SUBSCRIPTION_ADMIN_READ', 'SCOPE_CONNECT_NON_SOCIAL_SHARED_READ', 'SCOPE_CONNECT_READ', 'SCOPE_DI_OAUTH_2_TOKEN_ADMIN', 'ROLE_CONNECTUSER', 'ROLE_FITNESS_USER', 'ROLE_WELLNESS_USER']","{'typeId': 2, 'typeKey': 'private'}",False,False,149,1704757769000,1,0.5,0.0,96.7,,3461278113,,,205.0,{'summarizedDiveGases': []},,GARMIN,,6,,,839.0,RECOVERY,6.3521881103515625,502.7250061035156,RECOVERY_5,NO_ANAEROBIC_BENEFIT_0,"[{'noOfSplits': 1, 'duration': 5290.57080078125, 'splitType': 'INTERVAL_ACTIVE', 'numClimbSends': 0, 'maxDistance': 8937, 'distance': 8937.3896484375, 'averageSpeed': 1.6890000104904175, 'maxSpeed': 2.305000066757202, 'numFalls': 0}, {'noOfSplits': 57, 'duration': 4393.55712890625, 'splitType': 'RWD_WALK', 'numClimbSends': 0, 'maxDistance': 1188, 'distance': 8116.830078125, 'averageSpeed': 1.847000002861023, 'maxSpeed': 2.239000082015991, 'numFalls': 0}, {'noOfSplits': 32, 'duration': 486.9930114746094, 'splitType': 'RWD_STAND', 'numClimbSends': 0, 'maxDistance': 0, 'distance': 0.0, 'averageSpeed': 0.0, 'maxSpeed': 0.0, 'numFalls': 0}, {'noOfSplits': 31, 'duration': 410.0039978027344, 'splitType': 'RWD_RUN', 'numClimbSends': 0, 'maxDistance': 60, 'distance': 820.5700073242188, 'averageSpeed': 2.000999927520752, 'maxSpeed': 2.305000066757202, 'numFalls': 0}]",True,48,0,-8.0,False,,,,,,False,False,False,False,False,False,False,False,False,157.0,233.0,179.0,7.9,437.20001220703125,8.260000228881836,,,,,,,,,,,,,,,,
13407803195,Treadmill Running,2024-01-07 20:14:55,2024-01-08 01:14:55,"{'typeId': 18, 'typeKey': 'treadmill_running', 'parentTypeId': 1, 'isHidden': False, 'trimmable': True, 'restricted': False}","{'typeId': 9, 'typeKey': 'uncategorized', 'sortOrder': 10}",5061.2998046875,2673.569091796875,2673.569091796875,2662.2540283203125,,,1.8930000066757202,2.2300000190734863,,,False,False,118790142,ae52ea07-2874-4bde-8648-ac48be0f708d,Riley King,https://s3.amazonaws.com/garmin-connect-prod/profile_images/249fcc8d-9898-4d4a-abf5-ba07581a6fcd-prth.png,https://s3.amazonaws.com/garmin-connect-prod/profile_images/249fcc8d-9898-4d4a-abf5-ba07581a6fcd-prfr.png,https://s3.amazonaws.com/garmin-connect-prod/profile_images/249fcc8d-9898-4d4a-abf5-ba07581a6fcd-prof.png,231.0,67.0,97.0,107.0,125.671875,131.0,5578.0,"['SCOPE_GOLF_API_READ', 'SCOPE_ATP_READ', 'SCOPE_DIVE_API_WRITE', 'SCOPE_COMMUNITY_COURSE_ADMIN_READ', 'SCOPE_DIVE_API_READ', 'SCOPE_DI_OAUTH_2_CLIENT_READ', 'SCOPE_CONNECT_WRITE', 'SCOPE_COMMUNITY_COURSE_WRITE', 'SCOPE_MESSAGE_GENERATION_READ', 'SCOPE_DI_OAUTH_2_CLIENT_REVOCATION_ADMIN', 'SCOPE_CONNECT_WEB_TEMPLATE_RENDER', 'SCOPE_OMT_SUBSCRIPTION_ADMIN_READ', 'SCOPE_CONNECT_NON_SOCIAL_SHARED_READ', 'SCOPE_CONNECT_READ', 'SCOPE_DI_OAUTH_2_TOKEN_ADMIN', 'ROLE_CONNECTUSER', 'ROLE_FITNESS_USER', 'ROLE_WELLNESS_USER']","{'typeId': 2, 'typeKey': 'private'}",False,False,149,1704676495000,1,0.6000000238418579,0.0,90.50999755859375,,3461278113,,,131.0,{'summarizedDiveGases': []},,GARMIN,,4,,,537.0,RECOVERY,6.7845306396484375,122.11199951171875,RECOVERY_5,NO_ANAEROBIC_BENEFIT_0,"[{'noOfSplits': 1, 'duration': 2673.569091796875, 'splitType': 'INTERVAL_ACTIVE', 'numClimbSends': 0, 'maxDistance': 5061, 'distance': 5061.27001953125, 'averageSpeed': 1.8930000066757202, 'maxSpeed': 2.2300000190734863, 'numFalls': 0}, {'noOfSplits': 2, 'duration': 2668.551025390625, 'splitType': 'RWD_WALK', 'numClimbSends': 0, 'maxDistance': 5061, 'distance': 5061.27001953125, 'averageSpeed': 1.8969999551773071, 'maxSpeed': 2.2300000190734863, 'numFalls': 0}, {'noOfSplits': 1, 'duration': 9.0, 'splitType': 'RWD_STAND', 'numClimbSends': 0, 'maxDistance': 0, 'distance': 0.0, 'averageSpeed': 0.0, 'maxSpeed': 0.0, 'numFalls': 0}]",True,40,0,-3.0,False,,,,,,False,False,False,False,False,False,False,False,False,174.0,213.0,175.0,7.630000305175781,443.20001220703125,8.430000305175781,,,,,,,,,,,,,,,,
13407474407,Base,2024-01-07 19:31:46,2024-01-08 00:31:46,"{'typeId': 18, 'typeKey': 'treadmill_running', 'parentTypeId': 1, 'isHidden': False, 'trimmable': True, 'restricted': False}","{'typeId': 9, 'typeKey': 'uncategorized', 'sortOrder': 10}",3756.3701171875,1155.0799560546875,1155.0799560546875,1152.0,,,3.2520000934600835,3.8540000915527344,,,False,False,118790142,ae52ea07-2874-4bde-8648-ac48be0f708d,Riley King,https://s3.amazonaws.com/garmin-connect-prod/profile_images/249fcc8d-9898-4d4a-abf5-ba07581a6fcd-prth.png,https://s3.amazonaws.com/garmin-connect-prod/profile_images/249fcc8d-9898-4d4a-abf5-ba07581a6fcd-prfr.png,https://s3.amazonaws.com/garmin-connect-prod/profile_images/249fcc8d-9898-4d4a-abf5-ba07581a6fcd-prof.png,210.0,29.0,130.0,136.0,158.25,167.0,3044.0,"['SCOPE_GOLF_API_READ', 'SCOPE_ATP_READ', 'SCOPE_DIVE_API_WRITE', 'SCOPE_COMMUNITY_COURSE_ADMIN_READ', 'SCOPE_DIVE_API_READ', 'SCOPE_DI_OAUTH_2_CLIENT_READ', 'SCOPE_CONNECT_WRITE', 'SCOPE_COMMUNITY_COURSE_WRITE', 'SCOPE_MESSAGE_GENERATION_READ', 'SCOPE_DI_OAUTH_2_CLIENT_REVOCATION_ADMIN', 'SCOPE_CONNECT_WEB_TEMPLATE_RENDER', 'SCOPE_OMT_SUBSCRIPTION_ADMIN_READ', 'SCOPE_CONNECT_NON_SOCIAL_SHARED_READ', 'SCOPE_CONNECT_READ', 'SCOPE_DI_OAUTH_2_TOKEN_ADMIN', 'ROLE_CONNECTUSER', 'ROLE_FITNESS_USER', 'ROLE_WELLNESS_USER']","{'typeId': 2, 'typeKey': 'private'}",False,False,149,1704673906000,1,1.600000023841858,0.0,123.79000244140626,,3461278113,,,167.0,{'summarizedDiveGases': []},,GARMIN,,3,,,318.0,RECOVERY,18.509597778320312,171.47000122070312,RECOVERY_5,NO_ANAEROBIC_BENEFIT_0,"[{'noOfSplits': 1, 'duration': 1155.0799560546875, 'splitType': 'INTERVAL_ACTIVE', 'numClimbSends': 0, 'maxDistance': 3756, 'distance': 3756.3701171875, 'averageSpeed': 3.252000093460083, 'maxSpeed': 3.8540000915527344, 'numFalls': 0}, {'noOfSplits': 1, 'duration': 7.0, 'splitType': 'RWD_STAND', 'numClimbSends': 0, 'maxDistance': 2, 'distance': 2.809999942779541, 'averageSpeed': 0.4009999930858612, 'maxSpeed': 1.222000002861023, 'numFalls': 0}, {'noOfSplits': 2, 'duration': 24.958999633789062, 'splitType': 'RWD_WALK', 'numClimbSends': 0, 'maxDistance': 25, 'distance': 34.13999938964844, 'averageSpeed': 1.3680000305175781, 'maxSpeed': 1.9500000476837158, 'numFalls': 0}, {'noOfSplits': 1, 'duration': 1130.0, 'splitType': 'RWD_RUN', 'numClimbSends': 0, 'maxDistance': 3719, 'distance': 3719.419921875, 'averageSpeed': 3.2920000553131104, 'maxSpeed': 3.8540000915527344, 'numFalls': 0}]",True,0,17,-3.0,False,,,,,,False,False,False,False,False,False,False,False,False,348.0,432.0,355.0,10.200000000000001,276.3999938964844,8.289999961853027,,,,,,,,,,,,,,,,
13405743149,Concord Walking,2024-01-07 14:04:38,2024-01-07 19:04:38,"{'typeId': 9, 'typeKey': 'walking', 'parentTypeId': 17, 'isHidden': False, 'trimmable': True, 'restricted': False}","{'typeId': 9, 'typeKey': 'uncategorized', 'sortOrder': 10}",5518.259765625,6195.2958984375,6195.2958984375,5019.0,204.0,207.0,0.890999972820282,2.5290000438690186,43.261640975251794,-71.52117999270558,True,False,118790142,ae52ea07-2874-4bde-8648-ac48be0f708d,Riley King,https://s3.amazonaws.com/garmin-connect-prod/profile_images/249fcc8d-9898-4d4a-abf5-ba07581a6fcd-prth.png,https://s3.amazonaws.com/garmin-connect-prod/profile_images/249fcc8d-9898-4d4a-abf5-ba07581a6fcd-prfr.png,https://s3.amazonaws.com/garmin-connect-prod/profile_images/249fcc8d-9898-4d4a-abf5-ba07581a6fcd-prof.png,433.0,156.0,89.0,125.0,77.34375,222.0,8650.0,"['SCOPE_GOLF_API_READ', 'SCOPE_ATP_READ', 'SCOPE_DIVE_API_WRITE', 'SCOPE_COMMUNITY_COURSE_ADMIN_READ', 'SCOPE_DIVE_API_READ', 'SCOPE_DI_OAUTH_2_CLIENT_READ', 'SCOPE_CONNECT_WRITE', 'SCOPE_COMMUNITY_COURSE_WRITE', 'SCOPE_MESSAGE_GENERATION_READ', 'SCOPE_DI_OAUTH_2_CLIENT_REVOCATION_ADMIN', 'SCOPE_CONNECT_WEB_TEMPLATE_RENDER', 'SCOPE_OMT_SUBSCRIPTION_ADMIN_READ', 'SCOPE_CONNECT_NON_SOCIAL_SHARED_READ', 'SCOPE_CONNECT_READ', 'SCOPE_DI_OAUTH_2_TOKEN_ADMIN', 'ROLE_CONNECTUSER', 'ROLE_FITNESS_USER', 'ROLE_WELLNESS_USER']","{'typeId': 2, 'typeKey': 'private'}",False,False,149,1704654278000,11,0.30000001192092896,0.0,69.33958463779504,58.0,3461278113,113.80000305175781,225.1999969482422,222.0,{'summarizedDiveGases': []},0.4000091552734375,GARMIN,Concord,4,43.2616613432765,-71.52122089639306,628.0,UNKNOWN,4.3225555419921875,864.9000244140625,NO_AEROBIC_BENEFIT_18,NO_ANAEROBIC_BENEFIT_0,"[{'totalAscent': 203.0, 'duration': 6195.2958984375, 'splitType': 'INTERVAL_ACTIVE', 'numClimbSends': 0, 'maxElevationGain': 203.0, 'averageElevationGain': 203.0, 'maxDistance': 5518, 'distance': 5518.2598876953125, 'averageSpeed': 0.8907177281212765, 'maxSpeed': 2.5290000438690186, 'numFalls': 0}]",False,39,0,-10.0,False,,,,,,False,False,False,False,False,False,False,False,False,,,,,,,,,,,,,,,,,,,,,,
13390725956,Concord Walking,2024-01-06 15:43:04,2024-01-06 20:43:04,"{'typeId': 9, 'typeKey': 'walking', 'parentTypeId': 17, 'isHidden': False, 'trimmable': True, 'restricted': False}","{'typeId': 9, 'typeKey': 'uncategorized', 'sortOrder': 10}",1813.239990234375,1161.31494140625,1161.31494140625,1057.0,69.0,72.0,1.5609999895095827,2.7709999084472656,43.26238696463406,-71.51933815330267,True,False,118790142,ae52ea07-2874-4bde-8648-ac48be0f708d,Riley King,https://s3.amazonaws.com/garmin-connect-prod/profile_images/249fcc8d-9898-4d4a-abf5-ba07581a6fcd-prth.png,https://s3.amazonaws.com/garmin-connect-prod/profile_images/249fcc8d-9898-4d4a-abf5-ba07581a6fcd-prfr.png,https://s3.amazonaws.com/garmin-connect-prod/profile_images/249fcc8d-9898-4d4a-abf5-ba07581a6fcd-prof.png,138.0,29.0,106.0,134.0,105.234375,171.0,2168.0,"['SCOPE_GOLF_API_READ', 'SCOPE_ATP_READ', 'SCOPE_DIVE_API_WRITE', 'SCOPE_COMMUNITY_COURSE_ADMIN_READ', 'SCOPE_DIVE_API_READ', 'SCOPE_DI_OAUTH_2_CLIENT_READ', 'SCOPE_CONNECT_WRITE', 'SCOPE_COMMUNITY_COURSE_WRITE', 'SCOPE_MESSAGE_GENERATION_READ', 'SCOPE_DI_OAUTH_2_CLIENT_REVOCATION_ADMIN', 'SCOPE_CONNECT_WEB_TEMPLATE_RENDER', 'SCOPE_OMT_SUBSCRIPTION_ADMIN_READ', 'SCOPE_CONNECT_NON_SOCIAL_SHARED_READ', 'SCOPE_CONNECT_READ', 'SCOPE_DI_OAUTH_2_TOKEN_ADMIN', 'ROLE_CONNECTUSER', 'ROLE_FITNESS_USER', 'ROLE_WELLNESS_USER']","{'typeId': 2, 'typeKey': 'private'}",False,False,149,1704573784000,11,0.6000000238418579,0.0,88.98401711231008,57.0,3461278113,115.0,178.0,171.0,{'summarizedDiveGases': []},0.5999984741210938,GARMIN,Concord,2,43.26170828193426,-71.52115392498672,149.0,RECOVERY,7.069732666015625,166.81300354003906,RECOVERY_5,NO_ANAEROBIC_BENEFIT_0,"[{'totalAscent': 69.0, 'duration': 1161.3150177001953, 'splitType': 'INTERVAL_ACTIVE', 'numClimbSends': 0, 'maxElevationGain': 69.0, 'averageElevationGain': 69.0, 'maxDistance': 1813, 'distance': 1813.2399597167969, 'averageSpeed': 1.5613678735573728, 'maxSpeed': 2.7709999084472656, 'numFalls': 0}]",False,16,1,-2.0,False,,,,,,False,False,False,False,False,False,False,False,False,,,,,,,,,,,,,,,,,,,,,,
13377295611,Treadmill Running,2024-01-05 18:07:34,2024-01-05 23:07:34,"{'typeId': 18, 'typeKey': 'treadmill_running', 'parentTypeId': 1, 'isHidden': False, 'trimmable': True, 'restricted': False}","{'typeId': 9, 'typeKey': 'uncategorized', 'sortOrder': 10}",3263.25,786.7739868164062,786.7739868164062,780.7279968261719,,,4.1479997634887695,4.664999961853027,,,False,False,118790142,ae52ea07-2874-4bde-8648-ac48be0f708d,Riley King,https://s3.amazonaws.com/garmin-connect-prod/profile_images/249fcc8d-9898-4d4a-abf5-ba07581a6fcd-prth.png,https://s3.amazonaws.com/garmin-connect-prod/profile_images/249fcc8d-9898-4d4a-abf5-ba07581a6fcd-prfr.png,https://s3.amazonaws.com/garmin-connect-prod/profile_images/249fcc8d-9898-4d4a-abf5-ba07581a6fcd-prof.png,187.0,20.0,149.0,162.0,165.90625,176.0,2184.0,"['SCOPE_GOLF_API_READ', 'SCOPE_ATP_READ', 'SCOPE_DIVE_API_WRITE', 'SCOPE_COMMUNITY_COURSE_ADMIN_READ', 'SCOPE_DIVE_API_READ', 'SCOPE_DI_OAUTH_2_CLIENT_READ', 'SCOPE_CONNECT_WRITE', 'SCOPE_COMMUNITY_COURSE_WRITE', 'SCOPE_MESSAGE_GENERATION_READ', 'SCOPE_DI_OAUTH_2_CLIENT_REVOCATION_ADMIN', 'SCOPE_CONNECT_WEB_TEMPLATE_RENDER', 'SCOPE_OMT_SUBSCRIPTION_ADMIN_READ', 'SCOPE_CONNECT_NON_SOCIAL_SHARED_READ', 'SCOPE_CONNECT_READ', 'SCOPE_DI_OAUTH_2_TOKEN_ADMIN', 'ROLE_CONNECTUSER', 'ROLE_FITNESS_USER', 'ROLE_WELLNESS_USER']","{'typeId': 2, 'typeKey': 'private'}",False,False,149,1704496054000,1,2.299999952316284,0.0,150.74000244140626,,3461278113,,,176.0,{'summarizedDiveGases': []},,GARMIN,,3,,,218.0,RECOVERY,42.20039367675781,8.993000030517578,MINOR_AEROBIC_BENEFIT_0,NO_ANAEROBIC_BENEFIT_0,"[{'noOfSplits': 1, 'duration': 786.7739868164062, 'splitType': 'INTERVAL_ACTIVE', 'numClimbSends': 0, 'maxDistance': 3263, 'distance': 3263.25, 'averageSpeed': 4.1479997634887695, 'maxSpeed': 4.664999961853027, 'numFalls': 0}, {'noOfSplits': 1, 'duration': 5.000999927520752, 'splitType': 'RWD_STAND', 'numClimbSends': 0, 'maxDistance': 0, 'distance': 0.0, 'averageSpeed': 0.0, 'maxSpeed': 0.0, 'numFalls': 0}, {'noOfSplits': 1, 'duration': 781.7479858398438, 'splitType': 'RWD_RUN', 'numClimbSends': 0, 'maxDistance': 3263, 'distance': 3263.25, 'averageSpeed': 4.173999786376953, 'maxSpeed': 4.664999961853027, 'numFalls': 0}]",True,0,10,-2.0,False,,,,,,False,False,False,False,False,False,False,False,False,434.0,486.0,440.0,10.680000305175781,238.89999389648438,7.119999885559082,,,,,,,,,,,,,,,,
13365035972,Treadmill Running,2024-01-04 20:04:51,2024-01-05 01:04:51,"{'typeId': 18, 'typeKey': 'treadmill_running', 'parentTypeId': 1, 'isHidden': False, 'trimmable': True, 'restricted': False}","{'typeId': 9, 'typeKey': 'uncategorized', 'sortOrder': 10}",8845.5703125,2286.907958984375,2286.907958984375,2239.2169799804688,,,3.868000030517578,4.4039998054504395,,,False,False,118790142,ae52ea07-2874-4bde-8648-ac48be0f708d,Riley King,https://s3.amazonaws.com/garmin-connect-prod/profile_images/249fcc8d-9898-4d4a-abf5-ba07581a6fcd-prth.png,https://s3.amazonaws.com/garmin-connect-prod/profile_images/249fcc8d-9898-4d4a-abf5-ba07581a6fcd-prfr.png,https://s3.amazonaws.com/garmin-connect-prod/profile_images/249fcc8d-9898-4d4a-abf5-ba07581a6fcd-prof.png,481.0,58.0,142.0,157.0,161.359375,172.0,6168.0,"['SCOPE_GOLF_API_READ', 'SCOPE_ATP_READ', 'SCOPE_DIVE_API_WRITE', 'SCOPE_COMMUNITY_COURSE_ADMIN_READ', 'SCOPE_DIVE_API_READ', 'SCOPE_DI_OAUTH_2_CLIENT_READ', 'SCOPE_CONNECT_WRITE', 'SCOPE_COMMUNITY_COURSE_WRITE', 'SCOPE_MESSAGE_GENERATION_READ', 'SCOPE_DI_OAUTH_2_CLIENT_REVOCATION_ADMIN', 'SCOPE_CONNECT_WEB_TEMPLATE_RENDER', 'SCOPE_OMT_SUBSCRIPTION_ADMIN_READ', 'SCOPE_CONNECT_NON_SOCIAL_SHARED_READ', 'SCOPE_CONNECT_READ', 'SCOPE_DI_OAUTH_2_TOKEN_ADMIN', 'ROLE_CONNECTUSER', 'ROLE_FITNESS_USER', 'ROLE_WELLNESS_USER']","{'typeId': 2, 'typeKey': 'private'}",False,False,149,1704416691000,1,2.5999999046325684,0.0,145.09000244140626,,3461278113,,,172.0,{'summarizedDiveGases': []},,GARMIN,,6,,,619.0,AEROBIC_BASE,55.04359436035156,253.91099548339844,MAINTAINING_AEROBIC_FITNESS_1,NO_ANAEROBIC_BENEFIT_0,"[{'noOfSplits': 1, 'duration': 2286.907958984375, 'splitType': 'INTERVAL_ACTIVE', 'numClimbSends': 0, 'maxDistance': 8845, 'distance': 8845.580078125, 'averageSpeed': 3.868000030517578, 'maxSpeed': 4.4039998054504395, 'numFalls': 0}, {'noOfSplits': 5, 'duration': 38.77799987792969, 'splitType': 'RWD_WALK', 'numClimbSends': 0, 'maxDistance': 12, 'distance': 15.5600004196167, 'averageSpeed': 0.4009999930858612, 'maxSpeed': 1.1480000019073486, 'numFalls': 0}, {'noOfSplits': 1, 'duration': 2239.0009765625, 'splitType': 'RWD_RUN', 'numClimbSends': 0, 'maxDistance': 8830, 'distance': 8830.01953125, 'averageSpeed': 3.944000005722046, 'maxSpeed': 4.4039998054504395, 'numFalls': 0}, {'noOfSplits': 3, 'duration': 9.99899959564209, 'splitType': 'RWD_STAND', 'numClimbSends': 0, 'maxDistance': 0, 'distance': 0.0, 'averageSpeed': 0.0, 'maxSpeed': 0.0, 'numFalls': 0}]",True,1,36,-7.0,False,,,,,,False,False,False,False,False,False,False,False,False,408.0,497.0,418.0,10.65999984741211,247.6999969482422,7.400000095367432,,,,,,,,,,,,,,,,
13347613850,Concord Running,2024-01-03 14:04:25,2024-01-03 19:04:25,"{'typeId': 1, 'typeKey': 'running', 'parentTypeId': 17, 'isHidden': False, 'trimmable': True, 'restricted': False}","{'typeId': 9, 'typeKey': 'uncategorized', 'sortOrder': 10}",15184.169921875,5466.25,5466.25,5455.642028808594,297.0,293.0,2.778000116348266,4.086999893188477,43.261350793763995,-71.52079568244517,True,False,118790142,ae52ea07-2874-4bde-8648-ac48be0f708d,Riley King,https://s3.amazonaws.com/garmin-connect-prod/profile_images/249fcc8d-9898-4d4a-abf5-ba07581a6fcd-prth.png,https://s3.amazonaws.com/garmin-connect-prod/profile_images/249fcc8d-9898-4d4a-abf5-ba07581a6fcd-prfr.png,https://s3.amazonaws.com/garmin-connect-prod/profile_images/249fcc8d-9898-4d4a-abf5-ba07581a6fcd-prof.png,1046.0,138.0,137.0,172.0,147.53125,241.0,13504.0,"['SCOPE_GOLF_API_READ', 'SCOPE_ATP_READ', 'SCOPE_DIVE_API_WRITE', 'SCOPE_COMMUNITY_COURSE_ADMIN_READ', 'SCOPE_DIVE_API_READ', 'SCOPE_DI_OAUTH_2_CLIENT_READ', 'SCOPE_CONNECT_WRITE', 'SCOPE_COMMUNITY_COURSE_WRITE', 'SCOPE_MESSAGE_GENERATION_READ', 'SCOPE_DI_OAUTH_2_CLIENT_REVOCATION_ADMIN', 'SCOPE_CONNECT_WEB_TEMPLATE_RENDER', 'SCOPE_OMT_SUBSCRIPTION_ADMIN_READ', 'SCOPE_CONNECT_NON_SOCIAL_SHARED_READ', 'SCOPE_CONNECT_READ', 'SCOPE_DI_OAUTH_2_TOKEN_ADMIN', 'ROLE_CONNECTUSER', 'ROLE_FITNESS_USER', 'ROLE_WELLNESS_USER']","{'typeId': 2, 'typeKey': 'private'}",False,False,149,1704308665000,1,3.700000047683716,0.0,110.30999755859375,58.0,3461278113,119.5999984741211,222.60000610351562,241.0,{'summarizedDiveGases': []},1.0,GARMIN,Concord,10,43.261343920603395,-71.52078486979008,1165.0,TEMPO,135.03587341308594,204.0970001220703,IMPROVING_AEROBIC_FITNESS_2,NO_ANAEROBIC_BENEFIT_0,"[{'noOfSplits': 1, 'totalAscent': 297.0, 'duration': 5466.25, 'splitType': 'INTERVAL_ACTIVE', 'numClimbSends': 0, 'maxElevationGain': 297.0, 'averageElevationGain': 297.0, 'maxDistance': 15184, 'distance': 15184.169921875, 'averageSpeed': 2.7780001163482666, 'maxSpeed': 4.086999893188477, 'numFalls': 0}, {'noOfSplits': 2, 'totalAscent': 0.0, 'duration': 7.999000072479248, 'splitType': 'RWD_STAND', 'numClimbSends': 0, 'maxElevationGain': 0.0, 'averageElevationGain': 0.0, 'maxDistance': 8, 'distance': 9.479999542236328, 'averageSpeed': 1.184999942779541, 'maxSpeed': 1.781999945640564, 'numFalls': 0}, {'noOfSplits': 9, 'totalAscent': 86.0, 'duration': 2005.0030517578125, 'splitType': 'RWD_WALK', 'numClimbSends': 0, 'maxElevationGain': 27.0, 'averageElevationGain': 10.0, 'maxDistance': 1571, 'distance': 3549.47998046875, 'averageSpeed': 1.7699999809265137, 'maxSpeed': 1.9589999914169312, 'numFalls': 0}, {'noOfSplits': 8, 'totalAscent': 211.0, 'duration': 3460.22802734375, 'splitType': 'RWD_RUN', 'numClimbSends': 0, 'maxElevationGain': 107.0, 'averageElevationGain': 26.0, 'maxDistance': 7090, 'distance': 11625.2099609375, 'averageSpeed': 3.359999895095825, 'maxSpeed': 4.086999893188477, 'numFalls': 0}]",True,30,60,-17.0,False,,,,,,False,False,False,False,False,False,False,False,False,298.0,615.0,355.0,8.5,281.3999938964844,7.699999809265137,2.875,,,,,,,,,,,,,,,
13331765007,Concord Hiking,2024-01-02 13:07:55,2024-01-02 18:07:55,"{'typeId': 3, 'typeKey': 'hiking', 'parentTypeId': 17, 'isHidden': False, 'trimmable': True, 'restricted': False}","{'typeId': 9, 'typeKey': 'uncategorized', 'sortOrder': 10}",8085.93994140625,4459.12109375,4459.12109375,4399.0,271.0,275.0,1.812999963760376,3.2750000953674316,43.26166964136064,-71.51979496702552,True,False,118790142,ae52ea07-2874-4bde-8648-ac48be0f708d,Riley King,https://s3.amazonaws.com/garmin-connect-prod/profile_images/249fcc8d-9898-4d4a-abf5-ba07581a6fcd-prth.png,https://s3.amazonaws.com/garmin-connect-prod/profile_images/249fcc8d-9898-4d4a-abf5-ba07581a6fcd-prfr.png,https://s3.amazonaws.com/garmin-connect-prod/profile_images/249fcc8d-9898-4d4a-abf5-ba07581a6fcd-prof.png,493.0,112.0,112.0,148.0,121.0,245.0,9312.0,"['SCOPE_GOLF_API_READ', 'SCOPE_ATP_READ', 'SCOPE_DIVE_API_WRITE', 'SCOPE_COMMUNITY_COURSE_ADMIN_READ', 'SCOPE_DIVE_API_READ', 'SCOPE_DI_OAUTH_2_CLIENT_READ', 'SCOPE_CONNECT_WRITE', 'SCOPE_COMMUNITY_COURSE_WRITE', 'SCOPE_MESSAGE_GENERATION_READ', 'SCOPE_DI_OAUTH_2_CLIENT_REVOCATION_ADMIN', 'SCOPE_CONNECT_WEB_TEMPLATE_RENDER', 'SCOPE_OMT_SUBSCRIPTION_ADMIN_READ', 'SCOPE_CONNECT_NON_SOCIAL_SHARED_READ', 'SCOPE_CONNECT_READ', 'SCOPE_DI_OAUTH_2_TOKEN_ADMIN', 'ROLE_CONNECTUSER', 'ROLE_FITNESS_USER', 'ROLE_WELLNESS_USER']","{'typeId': 2, 'typeKey': 'private'}",False,False,149,1704218875000,17,1.5,0.30000001192092896,89.9181007073012,,3461278113,120.0,252.39999389648438,245.0,{'summarizedDiveGases': []},1.0,GARMIN,Concord,1,43.26145967468619,-71.52097555808723,495.0,AEROBIC_BASE,22.0252685546875,4459.12109375,MINOR_AEROBIC_BENEFIT_6,NO_ANAEROBIC_BENEFIT_0,"[{'totalAscent': 271.0, 'duration': 4459.12109375, 'splitType': 'INTERVAL_ACTIVE', 'numClimbSends': 0, 'maxElevationGain': 271.0, 'averageElevationGain': 271.0, 'maxDistance': 8085, 'distance': 8085.93994140625, 'averageSpeed': 1.8133483642639079, 'maxSpeed': 3.2750000953674316, 'numFalls': 0}]",False,40,16,-10.0,False,,,,,,False,False,False,False,False,False,False,False,False,,,,,,,,,,,,,,,,,,,,,,
13292908586,Lincoln Hiking,2023-12-30 14:06:23,2023-12-30 19:06:23,"{'typeId': 3, 'typeKey': 'hiking', 'parentTypeId': 17, 'isHidden': False, 'trimmable': True, 'restricted': False}","{'typeId': 9, 'typeKey': 'uncategorized', 'sortOrder': 10}",7594.0400390625,5630.70703125,5631.56689453125,4991.0,480.0,484.0,1.3489999771118162,3.4709999561309814,44.08168497495353,-71.68653381988406,True,False,118790142,ae52ea07-2874-4bde-8648-ac48be0f708d,Riley King,https://s3.amazonaws.com/garmin-connect-prod/profile_images/249fcc8d-9898-4d4a-abf5-ba07581a6fcd-prth.png,https://s3.amazonaws.com/garmin-connect-prod/profile_images/249fcc8d-9898-4d4a-abf5-ba07581a6fcd-prfr.png,https://s3.amazonaws.com/garmin-connect-prod/profile_images/249fcc8d-9898-4d4a-abf5-ba07581a6fcd-prof.png,723.0,142.0,119.0,185.0,89.5,250.0,10110.0,"['SCOPE_GOLF_API_READ', 'SCOPE_ATP_READ', 'SCOPE_DIVE_API_WRITE', 'SCOPE_COMMUNITY_COURSE_ADMIN_READ', 'SCOPE_DIVE_API_READ', 'SCOPE_DI_OAUTH_2_CLIENT_READ', 'SCOPE_CONNECT_WRITE', 'SCOPE_COMMUNITY_COURSE_WRITE', 'SCOPE_MESSAGE_GENERATION_READ', 'SCOPE_DI_OAUTH_2_CLIENT_REVOCATION_ADMIN', 'SCOPE_CONNECT_WEB_TEMPLATE_RENDER', 'SCOPE_OMT_SUBSCRIPTION_ADMIN_READ', 'SCOPE_CONNECT_NON_SOCIAL_SHARED_READ', 'SCOPE_CONNECT_READ', 'SCOPE_DI_OAUTH_2_TOKEN_ADMIN', 'ROLE_CONNECTUSER', 'ROLE_FITNESS_USER', 'ROLE_WELLNESS_USER']","{'typeId': 2, 'typeKey': 'private'}",False,False,149,1703963183000,17,2.700000047683716,1.600000023841858,90.4145169380233,,3461278113,307.79998779296875,782.2000122070312,250.0,{'summarizedDiveGases': []},1.0,GARMIN,Lincoln,1,44.08147618174553,-71.68623483739793,686.0,AEROBIC_BASE,67.02288818359375,5630.70703125,MAINTAINING_AEROBIC_BASE_7,MINOR_ANAEROBIC_BENEFIT_15,"[{'totalAscent': 480.0, 'duration': 5630.70703125, 'splitType': 'INTERVAL_ACTIVE', 'numClimbSends': 0, 'maxElevationGain': 480.0, 'averageElevationGain': 480.0, 'maxDistance': 7594, 'distance': 7594.0400390625, 'averageSpeed': 1.348683210992181, 'maxSpeed': 3.4709999561309814, 'numFalls': 0}]",False,28,33,-12.0,False,,,,,,False,False,False,False,False,False,False,False,False,,,,,,,,,,,,,,,,,,,,,,
13281220172,Treadmill Running,2023-12-29 20:18:56,2023-12-30 01:18:56,"{'typeId': 18, 'typeKey': 'treadmill_running', 'parentTypeId': 1, 'isHidden': False, 'trimmable': True, 'restricted': False}","{'typeId': 9, 'typeKey': 'uncategorized', 'sortOrder': 10}",3407.239990234375,888.0609741210938,888.0609741210938,838.2820129394531,,,3.8369998931884766,5.653999805450439,,,False,False,118790142,ae52ea07-2874-4bde-8648-ac48be0f708d,Riley King,https://s3.amazonaws.com/garmin-connect-prod/profile_images/249fcc8d-9898-4d4a-abf5-ba07581a6fcd-prth.png,https://s3.amazonaws.com/garmin-connect-prod/profile_images/249fcc8d-9898-4d4a-abf5-ba07581a6fcd-prfr.png,https://s3.amazonaws.com/garmin-connect-prod/profile_images/249fcc8d-9898-4d4a-abf5-ba07581a6fcd-prof.png,202.0,22.0,148.0,169.0,153.921875,171.0,2306.0,"['SCOPE_GOLF_API_READ', 'SCOPE_ATP_READ', 'SCOPE_DIVE_API_WRITE', 'SCOPE_COMMUNITY_COURSE_ADMIN_READ', 'SCOPE_DIVE_API_READ', 'SCOPE_DI_OAUTH_2_CLIENT_READ', 'SCOPE_CONNECT_WRITE', 'SCOPE_COMMUNITY_COURSE_WRITE', 'SCOPE_MESSAGE_GENERATION_READ', 'SCOPE_DI_OAUTH_2_CLIENT_REVOCATION_ADMIN', 'SCOPE_CONNECT_WEB_TEMPLATE_RENDER', 'SCOPE_OMT_SUBSCRIPTION_ADMIN_READ', 'SCOPE_CONNECT_NON_SOCIAL_SHARED_READ', 'SCOPE_CONNECT_READ', 'SCOPE_DI_OAUTH_2_TOKEN_ADMIN', 'ROLE_CONNECTUSER', 'ROLE_FITNESS_USER', 'ROLE_WELLNESS_USER']","{'typeId': 2, 'typeKey': 'private'}",False,False,149,1703899136000,1,2.5999999046325684,0.0,152.04000244140624,,3461278113,,,171.0,{'summarizedDiveGases': []},,GARMIN,,3,,,234.0,AEROBIC_BASE,47.22175598144531,86.30500030517578,MAINTAINING_AEROBIC_FITNESS_1,NO_ANAEROBIC_BENEFIT_0,"[{'noOfSplits': 1, 'duration': 888.0609741210938, 'splitType': 'INTERVAL_ACTIVE', 'numClimbSends': 0, 'maxDistance': 3407, 'distance': 3407.239990234375, 'averageSpeed': 3.8369998931884766, 'maxSpeed': 5.6539998054504395, 'numFalls': 0}, {'noOfSplits': 4, 'duration': 17.042999267578125, 'splitType': 'RWD_STAND', 'numClimbSends': 0, 'maxDistance': 0, 'distance': 0.0, 'averageSpeed': 0.0, 'maxSpeed': 0.0, 'numFalls': 0}, {'noOfSplits': 2, 'duration': 849.0, 'splitType': 'RWD_RUN', 'numClimbSends': 0, 'maxDistance': 3404, 'distance': 3407.239990234375, 'averageSpeed': 4.013000011444092, 'maxSpeed': 5.6539998054504395, 'numFalls': 0}, {'noOfSplits': 2, 'duration': 22.0, 'splitType': 'RWD_WALK', 'numClimbSends': 0, 'maxDistance': 0, 'distance': 0.0, 'averageSpeed': 0.0, 'maxSpeed': 0.0, 'numFalls': 0}]",True,1,11,-4.0,False,,,,,,False,False,False,False,False,False,False,False,False,407.0,575.0,430.0,11.15,251.3000030517578,7.369999885559082,,,,,,,,,,,,,,,,
13281038053,Treadmill Running,2023-12-29 19:18:25,2023-12-30 00:18:25,"{'typeId': 18, 'typeKey': 'treadmill_running', 'parentTypeId': 1, 'isHidden': False, 'trimmable': True, 'restricted': False}","{'typeId': 9, 'typeKey': 'uncategorized', 'sortOrder': 10}",5110.2998046875,2656.656005859375,2656.656005859375,2642.416015625,,,1.9240000247955324,2.4730000495910645,,,False,False,118790142,ae52ea07-2874-4bde-8648-ac48be0f708d,Riley King,https://s3.amazonaws.com/garmin-connect-prod/profile_images/249fcc8d-9898-4d4a-abf5-ba07581a6fcd-prth.png,https://s3.amazonaws.com/garmin-connect-prod/profile_images/249fcc8d-9898-4d4a-abf5-ba07581a6fcd-prfr.png,https://s3.amazonaws.com/garmin-connect-prod/profile_images/249fcc8d-9898-4d4a-abf5-ba07581a6fcd-prof.png,205.0,67.0,93.0,106.0,125.53125,131.0,5536.0,"['SCOPE_GOLF_API_READ', 'SCOPE_ATP_READ', 'SCOPE_DIVE_API_WRITE', 'SCOPE_COMMUNITY_COURSE_ADMIN_READ', 'SCOPE_DIVE_API_READ', 'SCOPE_DI_OAUTH_2_CLIENT_READ', 'SCOPE_CONNECT_WRITE', 'SCOPE_COMMUNITY_COURSE_WRITE', 'SCOPE_MESSAGE_GENERATION_READ', 'SCOPE_DI_OAUTH_2_CLIENT_REVOCATION_ADMIN', 'SCOPE_CONNECT_WEB_TEMPLATE_RENDER', 'SCOPE_OMT_SUBSCRIPTION_ADMIN_READ', 'SCOPE_CONNECT_NON_SOCIAL_SHARED_READ', 'SCOPE_CONNECT_READ', 'SCOPE_DI_OAUTH_2_TOKEN_ADMIN', 'ROLE_CONNECTUSER', 'ROLE_FITNESS_USER', 'ROLE_WELLNESS_USER']","{'typeId': 2, 'typeKey': 'private'}",False,False,149,1703895505000,1,0.5,0.0,92.34000244140626,,3461278113,,,131.0,{'summarizedDiveGases': []},,GARMIN,,4,,,612.0,RECOVERY,5.6882171630859375,139.76400756835938,RECOVERY_5,NO_ANAEROBIC_BENEFIT_0,"[{'noOfSplits': 1, 'duration': 2656.656005859375, 'splitType': 'INTERVAL_ACTIVE', 'numClimbSends': 0, 'maxDistance': 5110, 'distance': 5110.31005859375, 'averageSpeed': 1.9240000247955322, 'maxSpeed': 2.4730000495910645, 'numFalls': 0}, {'noOfSplits': 1, 'duration': 7.0, 'splitType': 'RWD_STAND', 'numClimbSends': 0, 'maxDistance': 0, 'distance': 0.0, 'averageSpeed': 0.0, 'maxSpeed': 0.0, 'numFalls': 0}, {'noOfSplits': 3, 'duration': 2640.636962890625, 'splitType': 'RWD_WALK', 'numClimbSends': 0, 'maxDistance': 3540, 'distance': 5076.31005859375, 'averageSpeed': 1.9220000505447388, 'maxSpeed': 2.2300000190734863, 'numFalls': 0}, {'noOfSplits': 2, 'duration': 16.0, 'splitType': 'RWD_RUN', 'numClimbSends': 0, 'maxDistance': 19, 'distance': 33.9900016784668, 'averageSpeed': 2.124000072479248, 'maxSpeed': 2.4730000495910645, 'numFalls': 0}]",True,23,0,-5.0,False,,,,,,False,False,False,False,False,False,False,False,False,177.0,257.0,178.0,7.690000152587891,442.29998779296875,8.329999923706055,,,,,,,,,,,,,,,,
13266076515,Concord Running,2023-12-28 14:02:06,2023-12-28 19:02:06,"{'typeId': 1, 'typeKey': 'running', 'parentTypeId': 17, 'isHidden': False, 'trimmable': True, 'restricted': False}","{'typeId': 9, 'typeKey': 'uncategorized', 'sortOrder': 10}",11969.58984375,4572.76123046875,4572.76123046875,4571.1300048828125,108.0,104.0,2.618000030517578,3.0510001182556157,43.260997077450156,-71.520951166749,True,False,118790142,ae52ea07-2874-4bde-8648-ac48be0f708d,Riley King,https://s3.amazonaws.com/garmin-connect-prod/profile_images/249fcc8d-9898-4d4a-abf5-ba07581a6fcd-prth.png,https://s3.amazonaws.com/garmin-connect-prod/profile_images/249fcc8d-9898-4d4a-abf5-ba07581a6fcd-prfr.png,https://s3.amazonaws.com/garmin-connect-prod/profile_images/249fcc8d-9898-4d4a-abf5-ba07581a6fcd-prof.png,849.0,115.0,130.0,156.0,160.53125,173.0,12212.0,"['SCOPE_GOLF_API_READ', 'SCOPE_ATP_READ', 'SCOPE_DIVE_API_WRITE', 'SCOPE_COMMUNITY_COURSE_ADMIN_READ', 'SCOPE_DIVE_API_READ', 'SCOPE_DI_OAUTH_2_CLIENT_READ', 'SCOPE_CONNECT_WRITE', 'SCOPE_COMMUNITY_COURSE_WRITE', 'SCOPE_MESSAGE_GENERATION_READ', 'SCOPE_DI_OAUTH_2_CLIENT_REVOCATION_ADMIN', 'SCOPE_CONNECT_WEB_TEMPLATE_RENDER', 'SCOPE_OMT_SUBSCRIPTION_ADMIN_READ', 'SCOPE_CONNECT_NON_SOCIAL_SHARED_READ', 'SCOPE_CONNECT_READ', 'SCOPE_DI_OAUTH_2_TOKEN_ADMIN', 'ROLE_CONNECTUSER', 'ROLE_FITNESS_USER', 'ROLE_WELLNESS_USER']","{'typeId': 2, 'typeKey': 'private'}",False,False,149,1703790126000,1,3.0,0.0,97.67999877929688,56.0,3461278113,73.5999984741211,119.5999984741211,173.0,{'summarizedDiveGases': []},0.600006103515625,GARMIN,Concord,8,43.26158858835697,-71.52118820697069,1100.0,AEROBIC_BASE,63.86317443847656,405.9679870605469,IMPROVING_AEROBIC_BASE_8,NO_ANAEROBIC_BENEFIT_0,"[{'noOfSplits': 1, 'totalAscent': 108.0, 'duration': 4572.76123046875, 'splitType': 'INTERVAL_ACTIVE', 'numClimbSends': 0, 'maxElevationGain': 108.0, 'averageElevationGain': 108.0, 'maxDistance': 11969, 'distance': 11969.6103515625, 'averageSpeed': 2.618000030517578, 'maxSpeed': 3.0510001182556152, 'numFalls': 0}, {'noOfSplits': 1, 'totalAscent': 0.0, 'duration': 1.0010000467300415, 'splitType': 'RWD_STAND', 'numClimbSends': 0, 'maxElevationGain': 0.0, 'averageElevationGain': 0.0, 'maxDistance': 0, 'distance': 0.0, 'averageSpeed': 0.0, 'maxSpeed': 0.0, 'numFalls': 0}, {'noOfSplits': 2, 'totalAscent': 91.0, 'duration': 4173.0009765625, 'splitType': 'RWD_RUN', 'numClimbSends': 0, 'maxElevationGain': 79.0, 'averageElevationGain': 45.0, 'maxDistance': 8730, 'distance': 11305.2099609375, 'averageSpeed': 2.7090001106262207, 'maxSpeed': 3.0510001182556152, 'numFalls': 0}, {'noOfSplits': 2, 'totalAscent': 17.0, 'duration': 399.74200439453125, 'splitType': 'RWD_WALK', 'numClimbSends': 0, 'maxElevationGain': 17.0, 'averageElevationGain': 9.0, 'maxDistance': 603, 'distance': 664.3800048828125, 'averageSpeed': 1.6619999408721924, 'maxSpeed': 1.9869999885559082, 'numFalls': 0}]",True,5,68,-19.0,False,,,,,,False,False,False,False,False,False,False,False,False,289.0,437.0,300.0,8.65,282.70001220703125,8.84000015258789,2.6459999084472656,,,,,,,,,,,,,,,
13255586614,Treadmill Running,2023-12-27 20:51:51,2023-12-28 01:51:51,"{'typeId': 18, 'typeKey': 'treadmill_running', 'parentTypeId': 1, 'isHidden': False, 'trimmable': True, 'restricted': False}","{'typeId': 9, 'typeKey': 'uncategorized', 'sortOrder': 10}",5911.56005859375,3928.346923828125,3929.177001953125,3144.4099731445312,,,1.5049999952316284,2.6410000324249263,,,False,False,118790142,ae52ea07-2874-4bde-8648-ac48be0f708d,Riley King,https://s3.amazonaws.com/garmin-connect-prod/profile_images/249fcc8d-9898-4d4a-abf5-ba07581a6fcd-prth.png,https://s3.amazonaws.com/garmin-connect-prod/profile_images/249fcc8d-9898-4d4a-abf5-ba07581a6fcd-prfr.png,https://s3.amazonaws.com/garmin-connect-prod/profile_images/249fcc8d-9898-4d4a-abf5-ba07581a6fcd-prof.png,291.0,99.0,91.0,112.0,99.796875,150.0,6476.0,"['SCOPE_GOLF_API_READ', 'SCOPE_ATP_READ', 'SCOPE_DIVE_API_WRITE', 'SCOPE_COMMUNITY_COURSE_ADMIN_READ', 'SCOPE_DIVE_API_READ', 'SCOPE_DI_OAUTH_2_CLIENT_READ', 'SCOPE_CONNECT_WRITE', 'SCOPE_COMMUNITY_COURSE_WRITE', 'SCOPE_MESSAGE_GENERATION_READ', 'SCOPE_DI_OAUTH_2_CLIENT_REVOCATION_ADMIN', 'SCOPE_CONNECT_WEB_TEMPLATE_RENDER', 'SCOPE_OMT_SUBSCRIPTION_ADMIN_READ', 'SCOPE_CONNECT_NON_SOCIAL_SHARED_READ', 'SCOPE_CONNECT_READ', 'SCOPE_DI_OAUTH_2_TOKEN_ADMIN', 'ROLE_CONNECTUSER', 'ROLE_FITNESS_USER', 'ROLE_WELLNESS_USER']","{'typeId': 2, 'typeKey': 'private'}",False,False,149,1703728311000,1,0.800000011920929,0.0,91.57000122070313,,3461278113,,,150.0,{'summarizedDiveGases': []},,GARMIN,,5,,,632.0,RECOVERY,8.160354614257812,48.50299835205078,RECOVERY_5,NO_ANAEROBIC_BENEFIT_0,"[{'noOfSplits': 1, 'duration': 3928.346923828125, 'splitType': 'INTERVAL_ACTIVE', 'numClimbSends': 0, 'maxDistance': 5911, 'distance': 5911.56982421875, 'averageSpeed': 1.5049999952316284, 'maxSpeed': 2.6410000324249268, 'numFalls': 0}, {'noOfSplits': 11, 'duration': 3208.1689453125, 'splitType': 'RWD_WALK', 'numClimbSends': 0, 'maxDistance': 3315, 'distance': 5867.6201171875, 'averageSpeed': 1.8289999961853027, 'maxSpeed': 2.2300000190734863, 'numFalls': 0}, {'noOfSplits': 2, 'duration': 24.0, 'splitType': 'RWD_RUN', 'numClimbSends': 0, 'maxDistance': 43, 'distance': 43.95000076293945, 'averageSpeed': 1.8309999704360962, 'maxSpeed': 2.6410000324249268, 'numFalls': 0}, {'noOfSplits': 11, 'duration': 696.1599731445312, 'splitType': 'RWD_STAND', 'numClimbSends': 0, 'maxDistance': 0, 'distance': 0.0, 'averageSpeed': 0.0, 'maxSpeed': 0.0, 'numFalls': 0}]",True,46,0,,False,,,,,,False,False,False,False,False,False,False,False,False,130.0,285.0,156.0,7.15,447.0,7.829999923706055,,,,,,,,,,,,,,,,
13255294349,Treadmill Running,2023-12-27 20:39:27,2023-12-28 01:39:27,"{'typeId': 18, 'typeKey': 'treadmill_running', 'parentTypeId': 1, 'isHidden': False, 'trimmable': True, 'restricted': False}","{'typeId': 9, 'typeKey': 'uncategorized', 'sortOrder': 10}",1816.47998046875,504.0050048828125,504.0050048828125,492.97300004959106,,,3.604000091552735,4.3480000495910645,,,False,False,118790142,ae52ea07-2874-4bde-8648-ac48be0f708d,Riley King,https://s3.amazonaws.com/garmin-connect-prod/profile_images/249fcc8d-9898-4d4a-abf5-ba07581a6fcd-prth.png,https://s3.amazonaws.com/garmin-connect-prod/profile_images/249fcc8d-9898-4d4a-abf5-ba07581a6fcd-prfr.png,https://s3.amazonaws.com/garmin-connect-prod/profile_images/249fcc8d-9898-4d4a-abf5-ba07581a6fcd-prof.png,96.0,13.0,130.0,140.0,156.8125,173.0,1336.0,"['SCOPE_GOLF_API_READ', 'SCOPE_ATP_READ', 'SCOPE_DIVE_API_WRITE', 'SCOPE_COMMUNITY_COURSE_ADMIN_READ', 'SCOPE_DIVE_API_READ', 'SCOPE_DI_OAUTH_2_CLIENT_READ', 'SCOPE_CONNECT_WRITE', 'SCOPE_COMMUNITY_COURSE_WRITE', 'SCOPE_MESSAGE_GENERATION_READ', 'SCOPE_DI_OAUTH_2_CLIENT_REVOCATION_ADMIN', 'SCOPE_CONNECT_WEB_TEMPLATE_RENDER', 'SCOPE_OMT_SUBSCRIPTION_ADMIN_READ', 'SCOPE_CONNECT_NON_SOCIAL_SHARED_READ', 'SCOPE_CONNECT_READ', 'SCOPE_DI_OAUTH_2_TOKEN_ADMIN', 'ROLE_CONNECTUSER', 'ROLE_FITNESS_USER', 'ROLE_WELLNESS_USER']","{'typeId': 2, 'typeKey': 'private'}",False,False,149,1703727567000,1,1.2999999523162842,0.0,137.2300048828125,,3461278113,,,173.0,{'summarizedDiveGases': []},,GARMIN,,4,,,130.0,RECOVERY,13.200149536132812,2.3320000171661377,RECOVERY_5,NO_ANAEROBIC_BENEFIT_0,"[{'noOfSplits': 1, 'duration': 504.0050048828125, 'splitType': 'INTERVAL_ACTIVE', 'numClimbSends': 0, 'maxDistance': 1816, 'distance': 1816.47998046875, 'averageSpeed': 3.6040000915527344, 'maxSpeed': 4.3480000495910645, 'numFalls': 0}, {'noOfSplits': 1, 'duration': 9.0, 'splitType': 'RWD_STAND', 'numClimbSends': 0, 'maxDistance': 0, 'distance': 0.0, 'averageSpeed': 0.0, 'maxSpeed': 0.0, 'numFalls': 0}, {'noOfSplits': 1, 'duration': 423.0, 'splitType': 'RWD_RUN', 'numClimbSends': 0, 'maxDistance': 1679, 'distance': 1679.0400390625, 'averageSpeed': 3.9690001010894775, 'maxSpeed': 4.3480000495910645, 'numFalls': 0}, {'noOfSplits': 1, 'duration': 71.98300170898438, 'splitType': 'RWD_WALK', 'numClimbSends': 0, 'maxDistance': 137, 'distance': 137.44000244140625, 'averageSpeed': 1.909000039100647, 'maxSpeed': 1.968999981880188, 'numFalls': 0}]",True,0,5,-2.0,False,,,,,,False,False,False,False,False,False,False,False,False,374.0,488.0,411.0,10.00999984741211,272.0,7.389999866485596,,,,,,,,,,,,,,,,
13240874215,Treadmill Running,2023-12-26 17:24:01,2023-12-26 22:24:01,"{'typeId': 18, 'typeKey': 'treadmill_running', 'parentTypeId': 1, 'isHidden': False, 'trimmable': True, 'restricted': False}","{'typeId': 9, 'typeKey': 'uncategorized', 'sortOrder': 10}",4988.97021484375,1218.3189697265625,1218.3189697265625,1211.510009765625,,,4.09499979019165,4.935999870300293,,,False,False,118790142,ae52ea07-2874-4bde-8648-ac48be0f708d,Riley King,https://s3.amazonaws.com/garmin-connect-prod/profile_images/249fcc8d-9898-4d4a-abf5-ba07581a6fcd-prth.png,https://s3.amazonaws.com/garmin-connect-prod/profile_images/249fcc8d-9898-4d4a-abf5-ba07581a6fcd-prfr.png,https://s3.amazonaws.com/garmin-connect-prod/profile_images/249fcc8d-9898-4d4a-abf5-ba07581a6fcd-prof.png,307.0,31.0,159.0,179.0,164.34375,178.0,3308.0,"['SCOPE_GOLF_API_READ', 'SCOPE_ATP_READ', 'SCOPE_DIVE_API_WRITE', 'SCOPE_COMMUNITY_COURSE_ADMIN_READ', 'SCOPE_DIVE_API_READ', 'SCOPE_DI_OAUTH_2_CLIENT_READ', 'SCOPE_CONNECT_WRITE', 'SCOPE_COMMUNITY_COURSE_WRITE', 'SCOPE_MESSAGE_GENERATION_READ', 'SCOPE_DI_OAUTH_2_CLIENT_REVOCATION_ADMIN', 'SCOPE_CONNECT_WEB_TEMPLATE_RENDER', 'SCOPE_OMT_SUBSCRIPTION_ADMIN_READ', 'SCOPE_CONNECT_NON_SOCIAL_SHARED_READ', 'SCOPE_CONNECT_READ', 'SCOPE_DI_OAUTH_2_TOKEN_ADMIN', 'ROLE_CONNECTUSER', 'ROLE_FITNESS_USER', 'ROLE_WELLNESS_USER']","{'typeId': 2, 'typeKey': 'private'}",False,False,149,1703629441000,1,3.200000047683716,0.0,146.64000244140627,,3461278113,,,178.0,{'summarizedDiveGases': []},,GARMIN,,4,,,338.0,TEMPO,82.50236511230469,6.23799991607666,IMPACTING_TEMPO_22,NO_ANAEROBIC_BENEFIT_0,"[{'noOfSplits': 1, 'duration': 1218.3189697265625, 'splitType': 'INTERVAL_ACTIVE', 'numClimbSends': 0, 'maxDistance': 4857, 'distance': 4857.22998046875, 'averageSpeed': 3.986999988555908, 'maxSpeed': 4.935999870300293, 'numFalls': 0}, {'noOfSplits': 1, 'duration': 1.0, 'splitType': 'RWD_WALK', 'numClimbSends': 0, 'maxDistance': 0, 'distance': 0.0, 'averageSpeed': 0.0, 'maxSpeed': 0.0, 'numFalls': 0}, {'noOfSplits': 1, 'duration': 1218.2979736328125, 'splitType': 'RWD_RUN', 'numClimbSends': 0, 'maxDistance': 4857, 'distance': 4857.22998046875, 'averageSpeed': 3.986999988555908, 'maxSpeed': 4.935999870300293, 'numFalls': 0}]",True,0,19,-6.0,False,,,,,,False,False,False,False,False,False,False,False,False,421.0,524.0,425.0,10.75,247.60000610351562,7.360000133514404,,,,,,,,,,,,,,,,
13240114421,Concord Walking,2023-12-26 15:40:26,2023-12-26 20:40:26,"{'typeId': 9, 'typeKey': 'walking', 'parentTypeId': 17, 'isHidden': False, 'trimmable': True, 'restricted': False}","{'typeId': 9, 'typeKey': 'uncategorized', 'sortOrder': 10}",3512.18994140625,1963.6099853515625,1963.6099853515625,1837.0,140.0,143.0,1.7890000343322754,4.039999961853027,43.261963510885835,-71.5190882049501,True,False,118790142,ae52ea07-2874-4bde-8648-ac48be0f708d,Riley King,https://s3.amazonaws.com/garmin-connect-prod/profile_images/249fcc8d-9898-4d4a-abf5-ba07581a6fcd-prth.png,https://s3.amazonaws.com/garmin-connect-prod/profile_images/249fcc8d-9898-4d4a-abf5-ba07581a6fcd-prfr.png,https://s3.amazonaws.com/garmin-connect-prod/profile_images/249fcc8d-9898-4d4a-abf5-ba07581a6fcd-prof.png,266.0,49.0,115.0,157.0,114.03125,231.0,3910.0,"['SCOPE_GOLF_API_READ', 'SCOPE_ATP_READ', 'SCOPE_DIVE_API_WRITE', 'SCOPE_COMMUNITY_COURSE_ADMIN_READ', 'SCOPE_DIVE_API_READ', 'SCOPE_DI_OAUTH_2_CLIENT_READ', 'SCOPE_CONNECT_WRITE', 'SCOPE_COMMUNITY_COURSE_WRITE', 'SCOPE_MESSAGE_GENERATION_READ', 'SCOPE_DI_OAUTH_2_CLIENT_REVOCATION_ADMIN', 'SCOPE_CONNECT_WEB_TEMPLATE_RENDER', 'SCOPE_OMT_SUBSCRIPTION_ADMIN_READ', 'SCOPE_CONNECT_NON_SOCIAL_SHARED_READ', 'SCOPE_CONNECT_READ', 'SCOPE_DI_OAUTH_2_TOKEN_ADMIN', 'ROLE_CONNECTUSER', 'ROLE_FITNESS_USER', 'ROLE_WELLNESS_USER']","{'typeId': 2, 'typeKey': 'private'}",False,False,149,1703623226000,11,1.7999999523162842,0.0,92.84729538038337,57.0,3461278113,114.0,207.0,231.0,{'summarizedDiveGases': []},1.1999969482421875,GARMIN,Concord,3,43.261708030477166,-71.52114730328321,243.0,RECOVERY,18.226165771484375,112.62000274658203,RECOVERY_5,NO_ANAEROBIC_BENEFIT_0,"[{'totalAscent': 141.0, 'duration': 1963.609992980957, 'splitType': 'INTERVAL_ACTIVE', 'numClimbSends': 0, 'maxElevationGain': 141.0, 'averageElevationGain': 141.0, 'maxDistance': 3512, 'distance': 3512.18994140625, 'averageSpeed': 1.7886392684702084, 'maxSpeed': 4.039999961853027, 'numFalls': 0}]",False,21,9,-6.0,False,,,,,,False,False,False,False,False,False,False,False,False,,,,,,,,,,,,,,,,,,,,,,
13226972421,Concord Running,2023-12-25 13:36:19,2023-12-25 18:36:19,"{'typeId': 1, 'typeKey': 'running', 'parentTypeId': 17, 'isHidden': False, 'trimmable': True, 'restricted': False}","{'typeId': 9, 'typeKey': 'uncategorized', 'sortOrder': 10}",16255.900390625,4951.9228515625,4991.28515625,4924.136993408203,163.0,167.0,3.2829999923706055,4.244999885559082,43.261525724083185,-71.52114688418806,True,False,118790142,ae52ea07-2874-4bde-8648-ac48be0f708d,Riley King,https://s3.amazonaws.com/garmin-connect-prod/profile_images/249fcc8d-9898-4d4a-abf5-ba07581a6fcd-prth.png,https://s3.amazonaws.com/garmin-connect-prod/profile_images/249fcc8d-9898-4d4a-abf5-ba07581a6fcd-prfr.png,https://s3.amazonaws.com/garmin-connect-prod/profile_images/249fcc8d-9898-4d4a-abf5-ba07581a6fcd-prof.png,1045.0,125.0,152.0,191.0,159.6875,236.0,13286.0,"['SCOPE_GOLF_API_READ', 'SCOPE_ATP_READ', 'SCOPE_DIVE_API_WRITE', 'SCOPE_COMMUNITY_COURSE_ADMIN_READ', 'SCOPE_DIVE_API_READ', 'SCOPE_DI_OAUTH_2_CLIENT_READ', 'SCOPE_CONNECT_WRITE', 'SCOPE_COMMUNITY_COURSE_WRITE', 'SCOPE_MESSAGE_GENERATION_READ', 'SCOPE_DI_OAUTH_2_CLIENT_REVOCATION_ADMIN', 'SCOPE_CONNECT_WEB_TEMPLATE_RENDER', 'SCOPE_OMT_SUBSCRIPTION_ADMIN_READ', 'SCOPE_CONNECT_NON_SOCIAL_SHARED_READ', 'SCOPE_CONNECT_READ', 'SCOPE_DI_OAUTH_2_TOKEN_ADMIN', 'ROLE_CONNECTUSER', 'ROLE_FITNESS_USER', 'ROLE_WELLNESS_USER']","{'typeId': 2, 'typeKey': 'private'}",False,False,149,1703529379000,1,4.099999904632568,2.0999999046325684,122.55000000000001,57.0,3461278113,93.5999984741211,166.1999969482422,236.0,{'summarizedDiveGases': []},0.8000030517578125,GARMIN,Concord,11,43.261325396597385,-71.52071915566921,1319.0,TEMPO,175.74627685546875,41.34299850463867,HIGHLY_IMPROVING_AEROBIC_FITNESS_3,MAINTAINING_ANAEROBIC_BASE_1,"[{'noOfSplits': 1, 'totalAscent': 163.0, 'duration': 4951.9228515625, 'splitType': 'INTERVAL_ACTIVE', 'numClimbSends': 0, 'maxElevationGain': 163.0, 'averageElevationGain': 163.0, 'maxDistance': 16255, 'distance': 16255.8701171875, 'averageSpeed': 3.2829999923706055, 'maxSpeed': 4.244999885559082, 'numFalls': 0}, {'noOfSplits': 13, 'totalAscent': 149.0, 'duration': 4430.125, 'splitType': 'RWD_RUN', 'numClimbSends': 0, 'maxElevationGain': 40.0, 'averageElevationGain': 11.0, 'maxDistance': 6019, 'distance': 15476.2998046875, 'averageSpeed': 3.493000030517578, 'maxSpeed': 4.244999885559082, 'numFalls': 0}, {'noOfSplits': 4, 'totalAscent': 0.0, 'duration': 17.78499984741211, 'splitType': 'RWD_STAND', 'numClimbSends': 0, 'maxElevationGain': 0.0, 'averageElevationGain': 0.0, 'maxDistance': 6, 'distance': 20.309999465942383, 'averageSpeed': 1.1419999599456787, 'maxSpeed': 0.0, 'numFalls': 0}, {'noOfSplits': 14, 'totalAscent': 14.0, 'duration': 504.0, 'splitType': 'RWD_WALK', 'numClimbSends': 0, 'maxElevationGain': 8.0, 'averageElevationGain': 1.0, 'maxDistance': 301, 'distance': 759.2899780273438, 'averageSpeed': 1.5069999694824219, 'maxSpeed': 1.940999984741211, 'numFalls': 0}]",True,2,73,-16.0,False,,,,,,False,False,False,False,False,False,False,False,False,357.0,580.0,387.0,9.330000305175782,253.8000030517578,7.690000057220459,3.3359999656677246,,,,,,,,,,,,,,,
